hit_direct,hit_distance,hit_height,landing_direct,landing_distance,landing_height,x_direct,x_distance,y_direct,y_distance,velocity,type
3,2,2,2,4,1,2,2,3,2,14.514,long
3,4,1,3,2,2,3,3,3,4,37.612,cut
2,2,2,2,4,1,3,2,3,2,28.311,lob
3,4,1,3,4,1,3,3,3,3,41.164,long
2,4,1,2,4,1,3,4,3,2,41.783,long
3,4,1,2,1,2,3,3,3,3,32.437,cut
3,1,2,3,3,1,2,2,3,3,22.405,lob
2,3,1,3,4,1,2,2,2,3,40.403,long
2,4,1,2,1,2,3,4,2,2,30.758,cut
3,1,2,2,4,2,3,3,3,2,25.938,lob
3,2,2,3,3,1,3,3,3,2,43.374,lob
2,3,1,2,1,2,3,3,3,2,23.401,cut
3,1,2,3,4,1,3,2,3,2,25.457,lob
2,4,1,3,3,1,3,3,3,2,37.763,long
2,3,1,2,2,2,3,3,2,3,63.98,cut
3,2,2,2,1,2,2,3,2,3,20.054,netplay
3,1,2,2,1,2,2,3,3,2,11.077,netplay
3,1,2,3,3,2,2,2,3,2,19.28,lob
2,3,2,2,4,1,2,2,2,3,52.843,long
3,4,1,3,1,2,2,3,2,2,25.005,cut
2,1,2,2,4,1,2,3,2,2,13.489,lob
2,3,1,2,1,2,2,3,2,2,23.606,cut
3,1,2,2,3,1,2,2,2,2,20.346,lob
3,3,1,2,2,2,3,3,3,3,33.251,cut
3,2,2,3,3,1,2,2,3,2,31.015,lob
2,3,1,2,4,1,2,2,2,3,33.473,long
2,1,2,3,1,2,2,3,2,2,13.627,netplay
2,1,2,3,1,2,3,2,2,2,14.637,netplay
3,4,1,2,3,1,2,4,2,2,48.157,long
3,3,1,2,2,2,3,3,3,3,44.874,smash
3,2,2,3,1,2,2,3,3,3,21.415,netplay
2,1,2,3,4,1,2,2,2,2,26.032,lob
2,4,1,2,3,1,3,4,2,2,28.973,long
3,3,1,1,5,2,3,3,3,3,35.647,long
2,4,1,2,4,1,3,3,2,3,31.84,long
3,4,1,3,1,2,2,4,2,2,28.01,cut
2,1,2,2,1,2,2,4,2,2,4.937,netplay
3,1,2,3,4,1,2,2,2,2,17.186,lob
2,4,1,2,4,1,2,2,2,2,33.831,long
2,1,2,5,4,2,2,3,2,2,16.93,lob
2,3,1,2,5,2,2,3,2,2,26.502,long
3,2,2,3,4,1,3,2,2,2,14.183,long
2,4,1,4,2,2,2,3,2,3,38.559,cut
2,4,1,2,4,1,3,4,3,2,40.831,long
3,4,1,3,4,1,3,3,3,3,34.418,long
2,4,1,3,1,2,3,5,3,2,38.062,cut
2,3,1,3,4,1,3,3,2,2,33.875,long
2,4,1,2,4,1,3,4,2,2,37.77,long
3,4,1,3,1,2,3,3,3,3,25.898,cut
2,1,2,3,1,2,3,2,3,2,13.725,netplay
2,1,2,3,4,1,3,2,2,2,19.626,lob
3,4,2,2,1,2,3,3,3,3,31.305,cut
3,1,2,3,1,2,2,2,3,3,6.522,netplay
2,1,2,2,4,2,2,2,2,2,18.957,lob
2,1,2,2,4,2,2,3,2,2,22.488,lob
3,4,2,3,1,2,2,3,2,2,27.808,cut
2,1,2,3,4,1,2,3,2,2,23.231,lob
2,4,1,2,4,1,3,4,2,2,29.767,long
3,3,1,3,3,2,2,3,2,3,65.487,cut
2,3,2,3,1,2,2,2,2,3,12.183,netplay
2,1,2,2,4,1,2,3,2,2,12.615,lob
2,2,2,3,4,1,2,3,2,2,49.578,lob
2,4,1,3,1,2,2,3,2,2,33.928,netplay
2,1,2,2,1,2,3,3,2,2,9.57,netplay
3,1,2,2,4,1,2,2,2,2,21.476,lob
3,4,1,3,5,2,3,2,3,3,37.194,long
3,4,1,2,1,2,3,3,3,4,39.562,cut
3,1,2,3,4,1,2,2,3,2,23.868,lob
2,4,1,3,2,2,2,3,2,3,41.45,cut
2,2,2,2,1,2,3,2,2,3,10.93,netplay
3,1,2,3,1,2,3,3,3,2,5.614,netplay
2,1,2,2,1,2,3,1,3,2,6.102,netplay
3,1,2,2,1,2,3,2,3,1,12.929,netplay
2,4,1,3,2,2,2,3,2,3,69.941,smash
2,2,2,3,1,2,2,3,2,3,36.939,netplay
2,1,2,3,3,1,3,3,2,2,37.421,lob
2,3,1,2,3,2,3,2,3,2,72.062,smash
3,4,1,2,1,2,3,3,3,3,33.386,cut
3,1,2,2,4,1,2,2,3,2,22.86,lob
3,4,1,3,4,1,3,3,3,3,33.825,long
2,4,1,2,1,2,3,4,3,2,29.461,cut
3,1,2,2,1,2,3,3,3,2,12.924,netplay
3,1,2,2,4,2,2,2,3,2,22.969,lob
3,4,2,2,2,2,3,2,3,3,31.137,cut
3,2,2,3,3,1,2,2,3,3,27.953,lob
2,3,1,2,4,1,2,2,2,3,35.192,long
3,4,1,3,3,1,2,3,2,2,42.224,long
2,3,1,2,4,1,2,3,2,2,41.763,long
3,1,2,3,4,1,2,3,3,2,27.173,lob
2,4,1,3,3,1,3,3,3,2,39.49,long
2,3,1,3,1,2,3,3,2,3,33.257,cut
2,4,1,2,4,2,2,3,2,2,28.979,long
3,4,1,3,3,2,3,3,3,3,54.281,smash
2,3,2,2,1,2,3,3,3,3,22.979,netplay
3,1,2,3,3,1,3,3,3,2,23.504,lob
2,3,1,4,3,2,3,3,3,2,51.551,smash
3,1,2,3,3,1,2,2,2,2,20.716,lob
2,3,1,3,1,2,2,3,2,3,30.361,cut
2,1,2,2,4,1,3,2,3,2,24.406,lob
3,4,1,2,1,2,3,3,3,3,29.544,cut
3,1,2,2,4,1,2,2,3,3,27.331,lob
3,4,1,3,4,1,3,3,3,3,37.2,long
2,4,1,2,4,1,3,4,3,2,40.136,long
3,4,1,2,4,1,3,3,3,3,39.669,long
3,4,1,3,2,2,2,3,3,2,39.101,cut
2,2,2,2,1,2,2,3,2,2,12.378,netplay
3,1,2,3,1,2,2,2,2,2,6.406,netplay
2,1,2,3,1,2,2,2,2,2,31.24,lob
2,4,1,2,3,2,3,5,3,2,53.879,cut
3,3,2,3,1,2,3,3,3,3,20.771,netplay
2,1,2,2,4,2,3,1,3,2,23.804,lob
3,4,2,3,2,2,3,3,3,4,41.998,cut
2,2,2,3,1,2,3,2,3,2,22.471,netplay
2,1,2,2,4,2,3,3,2,2,26.493,lob
3,4,2,3,2,2,2,3,2,2,68.983,drive
2,2,2,3,4,1,2,3,2,2,45.075,lob
2,4,1,2,1,2,3,5,3,2,22.679,cut
3,1,2,2,1,2,3,4,3,2,11.28,netplay
3,1,2,2,1,2,2,1,3,2,16.561,netplay
3,2,2,2,4,1,3,3,3,3,14.423,long
3,4,2,3,1,2,2,3,2,3,28.4,cut
2,1,2,3,3,1,2,3,3,2,23.105,lob
2,3,1,2,4,1,3,3,3,3,31.65,long
3,4,1,3,4,1,3,3,3,2,34.497,long
2,4,1,2,1,2,3,2,3,2,27.051,cut
3,1,2,3,1,2,2,2,3,3,7.671,netplay
2,1,2,2,4,1,2,2,2,2,15.887,lob
3,1,2,3,1,2,2,2,2,1,6.968,netplay
2,1,2,2,1,2,2,2,2,2,7.392,netplay
2,4,1,3,2,2,3,4,3,2,57.896,cut
2,2,2,2,3,1,3,3,2,2,35.163,lob
3,3,1,3,1,2,2,3,2,2,25.726,cut
2,1,2,3,1,2,2,3,2,2,4.578,netplay
3,4,1,3,3,2,3,3,3,3,62.318,cut
2,3,2,2,1,2,3,3,3,3,17.769,netplay
3,1,2,3,4,1,3,3,3,2,32.405,lob
2,4,1,2,2,2,3,3,3,2,52.147,smash
3,2,2,3,3,1,3,3,3,2,36.017,lob
2,3,1,2,2,2,3,3,3,2,70.427,smash
3,2,2,3,0,2,3,2,3,2,42.206,netplay
2,4,1,2,2,2,3,3,2,3,32.996,cut
3,2,2,3,1,2,2,2,2,2,12.894,netplay
2,1,2,2,1,2,2,2,2,2,3.124,netplay
3,2,2,2,4,1,2,3,2,2,13.912,long
2,3,1,2,4,1,3,3,3,2,29.384,long
3,4,1,2,2,2,3,2,3,3,49.023,cut
3,2,2,3,1,2,3,3,3,3,13.286,netplay
2,1,2,2,4,1,3,3,3,2,25.399,lob
3,4,1,3,3,2,3,2,3,2,68.487,cut
2,3,2,2,1,2,3,3,3,3,22.772,netplay
3,1,2,3,1,2,2,2,2,2,6.317,netplay
2,1,2,2,4,1,3,5,3,3,20.308,lob
3,1,2,2,4,2,3,1,3,2,25.761,lob
3,4,2,3,1,2,2,3,2,4,26.15,cut
2,4,1,3,3,1,3,4,3,2,51.146,long
2,3,1,2,4,1,3,3,2,2,30.26,long
3,4,1,3,3,1,2,4,2,2,38.448,long
2,3,1,2,4,1,2,3,2,2,23.171,long
3,4,1,3,2,2,2,4,2,2,50.963,smash
2,2,2,2,4,1,2,4,2,2,33.664,lob
3,4,1,3,2,2,2,3,2,2,70.775,smash
2,2,2,2,3,1,2,3,2,2,43.938,lob
3,3,1,3,3,2,2,3,2,2,81.477,smash
2,3,2,5,1,2,2,2,2,2,12.994,lob
2,2,2,2,1,2,3,4,2,2,16.305,netplay
3,1,2,2,1,2,2,2,2,2,14.717,netplay
3,1,2,2,1,2,3,2,3,1,12.503,netplay
3,1,2,2,4,2,3,1,3,1,17.818,lob
3,4,2,2,1,2,3,2,3,3,29.418,cut
3,1,2,3,3,1,2,2,3,2,25.318,lob
2,3,1,3,4,1,2,3,2,3,37.837,long
2,4,1,3,4,2,3,5,3,2,32.118,long
2,4,1,3,4,1,3,3,2,3,30.852,long
2,4,1,2,4,1,3,4,3,2,37.695,long
3,4,1,3,1,2,3,3,3,3,27.846,cut
2,1,2,2,4,2,3,2,3,2,20.571,lob
3,4,2,2,1,2,3,2,3,3,25.435,cut
3,1,2,3,1,2,2,1,3,2,4.169,netplay
2,1,2,3,4,1,2,2,2,2,15.951,lob
3,4,1,3,3,2,3,3,3,2,90.186,smash
2,3,2,2,1,2,3,3,3,3,17.64,netplay
3,1,2,3,4,1,3,3,3,2,25.219,lob
2,4,1,2,4,1,3,4,3,2,31.744,long
2,3,2,2,1,2,3,3,3,3,24.815,netplay
3,1,2,2,1,2,2,2,3,3,11.412,netplay
3,1,2,2,4,1,2,2,2,1,16.818,lob
3,1,2,3,1,2,2,2,2,2,7.115,netplay
2,1,2,2,1,2,2,2,2,3,5.112,netplay
3,1,2,3,4,2,2,1,2,2,21.366,lob
3,2,2,2,5,2,2,2,3,2,7.661,long
3,1,2,3,3,1,2,2,2,2,22.32,lob
2,3,1,3,3,1,2,2,2,3,76.776,drive
2,3,1,2,1,2,2,2,2,3,26.021,netplay
3,1,2,3,1,2,3,3,3,2,9.467,netplay
2,1,2,2,4,2,3,2,3,2,23.24,lob
3,4,2,2,4,2,3,2,3,3,46.33,drive
3,4,2,3,2,1,2,3,2,2,32.636,lob
2,2,1,3,3,2,2,3,2,2,75.605,smash
2,3,2,3,1,2,2,3,2,2,50.055,netplay
3,2,2,3,1,2,3,3,2,2,15.763,netplay
2,1,2,2,1,2,3,2,2,2,6.146,netplay
3,1,2,3,1,2,3,2,3,2,4.651,netplay
2,1,2,3,3,1,3,1,3,2,21.078,lob
2,3,1,2,4,1,3,2,2,2,30.312,long
3,3,2,3,2,1,3,2,3,3,57.949,cut
2,2,1,2,2,2,3,2,3,3,63.126,rush
3,2,2,3,1,2,3,2,3,2,19.615,netplay
2,1,2,2,4,2,3,2,3,2,23.175,lob
3,4,2,3,3,1,3,2,3,3,72.412,long
2,3,1,3,2,2,3,3,3,3,60.126,smash
2,2,2,3,1,2,3,2,3,3,26.096,netplay
3,2,1,3,4,2,2,3,2,4,12.574,cut
2,4,2,3,2,2,2,3,2,3,74.821,netplay
2,2,2,3,3,1,3,3,3,3,2.535,lob
2,3,1,2,2,1,3,3,3,2,50.292,smash
3,2,1,2,3,1,3,2,3,3,44.745,drive
3,3,1,3,1,2,2,3,2,2,21.091,cut
2,1,2,2,4,1,2,3,2,2,19.939,lob
3,4,1,3,3,1,2,3,2,2,42.892,long
2,3,1,2,4,1,2,4,2,2,25.232,long
3,4,1,2,1,2,3,3,3,4,33.885,cut
3,1,2,3,3,1,2,2,2,2,24.141,lob
2,3,1,3,1,2,2,3,2,3,100.801,cut
2,4,1,3,4,1,3,3,2,3,38.099,long
2,4,1,2,1,2,3,4,3,2,43.318,cut
3,1,2,2,1,2,3,4,3,2,13.097,netplay
3,1,2,2,4,1,2,2,2,2,21.98,lob
3,4,1,2,1,2,3,3,3,3,25.906,cut
3,1,2,3,3,1,2,2,3,3,29.212,lob
2,3,1,3,4,1,2,2,2,2,45.628,long
2,4,1,2,3,1,3,5,2,2,43.2,long
3,3,1,3,4,1,3,4,3,2,23.945,long
3,1,2,2,1,2,3,5,3,2,19.524,netplay
3,1,2,3,3,1,2,2,3,2,25.873,lob
2,3,1,2,2,2,2,2,2,3,24.067,cut
3,2,2,3,3,1,2,2,2,2,25.635,lob
2,3,1,2,3,2,2,2,2,2,90.14,smash
3,3,2,2,1,2,2,2,2,3,26.963,netplay
3,4,1,2,3,2,3,3,3,3,92.052,smash
3,3,2,2,1,2,3,3,3,3,21.794,netplay
3,1,2,2,1,2,3,3,3,2,8.996,netplay
3,1,2,2,4,1,2,2,2,2,17.192,lob
3,3,2,3,1,2,3,3,3,4,21.211,netplay
2,1,2,2,4,1,2,2,2,2,24.078,lob
3,4,1,3,2,2,2,3,2,2,90.519,smash
2,2,2,3,3,1,2,4,2,3,36.503,lob
2,3,1,2,2,2,3,3,2,2,81.108,smash
3,2,2,2,3,1,3,3,3,3,43.206,lob
3,3,1,3,3,1,3,3,2,2,65.474,drive
2,3,1,2,1,2,2,3,2,2,18.05,cut
3,1,2,3,1,2,2,2,2,2,7.005,netplay
2,1,2,2,4,1,2,2,2,2,11.294,lob
2,3,2,2,4,1,2,3,2,2,35.282,lob
3,4,1,2,3,2,2,3,2,3,78.911,smash
3,3,2,3,1,2,2,3,2,3,17.241,netplay
2,1,2,3,3,1,3,2,3,2,23.874,lob
2,3,1,3,4,1,3,2,2,3,30.087,long
2,4,1,2,3,1,3,3,2,3,62.081,long
3,3,1,3,1,2,3,3,3,2,22.335,cut
2,1,2,3,3,1,3,2,3,2,25.94,lob
2,3,1,2,3,2,3,2,2,3,50.052,smash
3,3,2,3,1,2,2,3,2,3,18.982,netplay
2,1,2,2,1,2,2,3,2,2,3.783,netplay
3,1,2,2,1,2,2,3,2,2,5.157,netplay
3,4,1,3,2,2,2,4,2,2,60.213,smash
2,2,2,2,4,1,2,3,2,2,27.644,lob
3,4,1,3,1,2,2,4,2,2,29.202,cut
2,1,2,2,1,2,2,3,2,2,7.047,netplay
3,1,2,3,1,2,2,2,2,2,4.569,netplay
2,1,2,3,4,1,2,2,2,1,17.034,lob
2,4,1,3,2,2,3,4,2,2,48.664,cut
2,2,2,2,2,2,3,3,2,3,28.896,netplay
3,2,2,2,1,2,3,3,3,2,16.594,netplay
3,1,2,3,3,1,2,2,3,2,21.515,lob
2,3,1,2,4,1,2,2,2,3,33.594,long
3,4,1,3,1,2,2,4,2,2,27.786,cut
2,1,2,2,1,2,2,3,2,2,5.173,netplay
3,1,2,2,4,1,2,1,2,2,21.781,lob
3,4,1,3,3,2,3,2,3,3,54.923,cut
2,3,2,2,1,2,3,3,3,3,22.388,netplay
3,1,2,3,4,1,3,3,3,2,18.589,lob
3,1,2,3,1,2,3,2,3,3,6.725,netplay
2,1,2,2,4,1,3,2,2,2,18.096,lob
2,1,2,2,1,2,3,2,2,1,12.938,netplay
3,2,2,3,4,1,3,3,2,2,14.553,long
3,1,2,3,4,1,3,3,3,2,23.84,lob
2,4,1,2,1,1,3,3,3,2,28.286,cut
3,1,1,2,1,2,3,3,3,2,14.129,netplay
3,1,2,3,3,1,2,2,3,2,19.924,lob
2,3,1,2,2,2,2,2,2,3,31.545,cut
3,2,2,3,1,2,2,2,2,3,12.146,netplay
2,1,2,2,4,2,2,3,2,2,20.888,lob
3,4,2,2,2,2,2,3,2,2,83.473,cut
3,2,2,2,4,1,2,2,3,2,15.293,long
2,3,1,2,2,2,3,3,3,3,66.504,smash
3,2,2,3,2,2,3,3,3,2,22.979,netplay
2,2,2,3,4,1,3,2,3,2,18.013,lob
2,2,2,2,4,1,3,2,3,3,21.157,lob
3,4,1,3,3,1,3,2,3,3,44.255,long
2,3,1,2,3,2,3,4,3,3,71.017,smash
3,2,2,3,4,1,3,2,2,2,15.099,long
2,4,1,2,2,2,2,2,2,3,63.807,smash
3,2,2,3,1,2,2,3,2,3,20.11,netplay
2,1,2,2,4,1,2,2,2,2,22.592,lob
3,4,1,3,2,2,2,3,2,2,48.005,cut
2,2,2,3,1,2,2,3,3,2,14.54,netplay
2,1,2,5,3,2,3,2,3,2,16.58,lob
3,2,2,2,4,1,2,2,3,2,14.864,long
3,4,1,3,3,1,3,3,3,3,59.035,long
2,3,1,2,3,1,3,3,3,3,30.82,long
3,3,1,2,1,2,3,3,3,2,27.639,cut
2,4,1,2,4,1,2,3,2,5,38.695,long
3,4,1,2,1,2,2,5,2,2,34.575,cut
3,1,2,3,4,1,2,3,3,2,23.818,lob
2,4,1,2,4,1,3,5,3,2,31.597,long
3,4,1,3,1,2,3,3,3,3,30.334,cut
2,1,2,2,1,2,3,2,3,3,7.768,netplay
3,1,2,3,1,2,3,2,3,1,5.049,netplay
2,1,2,2,1,2,3,2,3,1,4.298,netplay
3,1,2,3,4,1,3,2,3,1,16.58,lob
3,4,1,3,2,2,3,2,3,3,57.782,cut
2,2,2,3,3,1,3,2,3,3,45.974,lob
2,3,1,2,4,2,3,2,3,2,43.135,smash
3,2,2,2,3,1,2,3,3,2,14.452,long
3,3,1,2,1,2,2,4,2,2,30.046,cut
3,1,2,3,1,2,3,3,3,2,9.826,netplay
2,4,1,2,2,2,2,3,2,3,53.72,smash
3,2,2,3,1,1,2,2,2,3,21.178,netplay
2,1,1,3,4,2,2,3,2,2,35.536,rush
2,1,2,2,1,2,3,2,3,2,13.413,netplay
3,1,2,2,4,1,3,3,3,2,23.631,lob
3,4,1,3,2,2,2,3,3,2,71.262,smash
2,2,2,2,4,1,2,3,2,2,28.93,lob
3,4,1,3,1,2,2,3,2,2,28.376,cut
2,1,2,2,4,1,2,3,2,2,24.362,lob
3,4,1,2,1,2,2,4,2,2,30.713,cut
3,1,2,2,4,1,3,4,3,2,24.179,lob
3,4,1,2,1,2,2,4,3,2,32.619,cut
3,1,2,2,4,1,3,4,3,2,23.81,lob
3,3,1,3,1,2,3,3,3,3,25.632,cut
2,1,2,3,1,2,3,2,3,3,15.912,netplay
2,1,2,2,3,1,3,2,2,1,12.999,lob
2,2,2,2,2,2,3,3,2,2,21.936,netplay
3,2,2,2,3,2,2,2,2,2,24.49,lob
3,2,2,2,4,1,2,2,3,2,14.896,long
3,4,1,3,2,2,3,3,3,3,64.911,cut
2,2,2,3,3,1,3,3,3,3,32.929,lob
2,3,1,2,2,1,3,3,2,3,46.008,cut
3,2,1,3,1,2,2,2,2,3,17.889,netplay
2,1,2,3,1,2,2,2,2,2,12.946,netplay
2,1,2,2,4,1,3,1,2,2,22.789,lob
3,4,1,3,3,1,3,2,3,3,43.626,long
2,3,1,2,1,2,3,4,3,2,24.497,cut
3,1,2,3,1,2,3,3,3,2,7.817,netplay
2,1,2,2,3,1,3,2,3,2,11.033,lob
3,4,1,3,2,2,2,4,3,2,66.004,smash
2,2,2,2,2,2,2,4,2,2,17.223,netplay
3,2,2,2,1,2,2,2,2,2,16.297,netplay
3,1,2,3,1,2,2,2,3,1,9.702,netplay
2,4,1,2,3,1,2,3,2,3,53.687,long
3,3,1,2,2,2,2,3,2,3,75.577,smash
3,2,2,2,5,2,2,3,2,2,23.056,lob
3,4,1,2,4,1,3,2,3,3,40.386,long
3,4,1,3,1,2,2,4,2,2,31.209,cut
2,1,2,2,4,2,2,3,2,2,25.389,lob
3,4,2,3,1,2,2,3,2,2,23.936,cut
2,1,2,2,1,2,2,3,2,2,6.59,netplay
3,1,2,3,1,2,2,2,2,2,5.69,netplay
2,1,2,2,4,1,2,2,2,2,18.662,lob
2,1,2,2,3,1,2,3,2,2,27.521,lob
3,3,1,2,2,2,2,3,2,2,60.878,smash
3,2,2,2,3,1,2,3,2,2,35.532,lob
3,3,1,3,2,2,2,3,2,2,75.39,smash
2,2,2,2,1,2,2,3,2,2,21.432,netplay
3,1,2,3,3,1,2,2,2,2,28.656,lob
2,3,1,2,1,2,2,3,2,2,27.301,cut
3,1,2,2,1,2,2,2,2,2,15.222,netplay
3,1,2,3,3,1,2,2,3,1,17.519,lob
3,4,1,2,4,1,2,4,2,2,37.199,long
3,4,1,3,2,1,3,3,3,3,41.337,cut
2,2,1,2,1,2,3,2,3,3,28.531,netplay
2,4,1,2,2,2,3,5,3,2,69.514,smash
3,2,2,5,2,2,3,3,3,2,18.685,netplay
2,4,1,3,2,2,2,3,2,3,60.621,cut
2,2,2,2,1,2,3,3,2,3,18.835,netplay
3,1,2,2,3,2,3,3,3,2,25.286,lob
3,3,2,2,2,2,2,3,2,2,47.968,cut
3,2,2,3,3,1,2,3,3,2,46.045,lob
2,3,1,3,3,1,3,3,3,2,31.778,long
2,3,1,2,3,1,3,3,2,3,40.405,long
3,3,1,3,1,2,2,3,2,3,24.792,cut
2,1,2,3,4,1,2,3,2,2,28.087,lob
2,4,1,2,3,1,3,4,2,2,30.957,long
3,2,2,3,2,2,3,2,3,4,19.298,netplay
2,2,2,2,1,1,2,2,2,2,15.024,netplay
3,1,1,2,3,2,2,2,2,2,28.635,rush
3,2,2,2,4,1,2,2,3,2,14.885,long
3,4,1,3,2,2,3,3,3,4,58.779,cut
2,2,2,2,1,2,3,2,3,3,17.702,netplay
3,1,2,3,1,2,3,2,3,2,9.536,netplay
3,4,1,2,2,2,3,3,3,4,18.7,cut
2,1,2,2,1,2,3,3,2,2,13.364,netplay
3,1,2,3,4,1,2,2,2,2,22.337,lob
2,4,1,2,1,2,2,2,2,3,44.436,cut
3,1,2,2,1,2,2,2,2,3,18.263,netplay
3,1,2,3,1,1,2,2,3,2,12.477,netplay
2,1,1,2,2,2,3,2,3,1,35.943,rush
3,2,2,2,2,1,3,1,3,2,20.837,lob
3,2,1,2,1,2,3,2,2,2,103.55,smash
2,2,2,3,2,2,2,3,3,2,23.505,netplay
2,2,2,2,1,2,3,2,3,2,13.529,netplay
3,1,2,3,5,2,3,2,3,2,18.097,lob
2,4,1,2,4,1,2,3,2,4,30.773,long
3,4,1,1,3,2,2,4,2,3,58.264,smash
3,2,2,3,2,1,3,3,3,3,29.754,netplay
2,2,1,2,1,2,3,2,3,2,19.459,netplay
3,1,2,2,4,1,3,3,3,2,25.859,lob
3,4,1,3,1,2,2,4,3,2,26.56,cut
2,1,2,2,4,1,2,3,2,2,20.984,lob
3,4,1,3,3,1,2,3,2,2,45.658,long
2,3,1,2,4,1,2,3,2,3,34.169,long
3,4,1,2,1,2,2,3,2,2,28.622,cut
3,1,2,3,3,1,3,3,3,2,32.685,lob
2,3,1,3,3,1,3,3,3,2,38.071,long
2,3,1,2,4,1,3,3,2,3,27.435,long
3,4,1,3,2,2,3,3,3,3,46.931,cut
2,2,2,2,3,1,3,3,3,3,31.596,lob
3,3,1,3,3,1,3,3,3,3,61.711,long
2,3,1,2,4,1,3,3,3,3,36.053,long
3,4,1,2,4,1,3,3,3,3,40.171,long
3,4,1,3,3,1,2,4,2,3,36.086,long
2,3,1,3,2,2,2,3,2,4,49.682,cut
2,2,2,2,1,2,3,2,2,3,15.118,netplay
3,1,2,3,4,1,3,3,3,2,22.191,lob
3,1,2,3,1,2,2,3,3,2,11.621,netplay
2,1,2,2,1,2,3,2,3,2,8.852,netplay
3,1,2,3,1,2,3,2,3,1,4.961,netplay
2,1,2,2,3,1,3,2,3,1,18.945,lob
3,3,1,3,3,1,3,2,3,2,26.187,long
3,2,2,2,4,1,2,2,3,2,14.659,long
3,4,1,2,2,2,3,3,3,4,34.807,cut
3,2,2,3,3,1,2,2,3,3,22.604,lob
2,3,1,2,4,1,2,2,2,3,35.867,long
3,4,1,2,1,2,2,3,2,2,29.753,cut
3,1,2,3,3,1,2,3,3,2,22.798,lob
2,3,1,1,1,2,3,3,3,2,20.038,cut
3,2,2,3,2,2,3,3,2,3,19.075,netplay
2,2,2,3,3,1,3,2,3,2,25.914,lob
2,3,1,2,2,2,3,2,2,3,72.602,smash
3,2,2,3,1,1,2,2,2,3,23.778,lob
2,1,1,2,2,2,2,3,2,2,72.159,drive
3,2,2,2,3,1,2,3,2,2,29.535,lob
3,3,1,3,3,2,3,2,3,2,70.301,smash
2,3,2,2,1,2,3,3,3,3,20.379,netplay
3,1,2,2,4,1,3,3,3,2,24.118,lob
3,4,1,2,1,2,2,4,3,2,28.899,cut
3,1,2,3,1,2,2,3,3,2,12.026,netplay
2,1,2,3,1,2,3,2,3,2,13.25,netplay
2,1,2,2,4,1,3,2,2,1,19.77,lob
3,4,1,2,3,1,2,4,2,2,39.931,long
3,3,1,3,2,2,3,3,3,3,42.287,cut
2,2,2,3,3,1,3,2,3,3,33.282,lob
2,3,1,2,4,2,3,3,2,3,42.007,long
3,4,1,3,2,2,3,3,3,3,32.613,cut
2,2,2,3,3,1,3,2,3,3,29.323,lob
2,3,1,2,4,1,3,3,2,3,45.339,long
3,4,1,3,1,2,2,3,3,3,26.007,cut
2,1,2,2,4,1,3,2,3,2,26.21,lob
3,4,1,3,3,1,3,2,3,3,44.924,long
2,3,1,2,1,2,3,3,3,3,21.296,cut
3,1,2,3,1,2,3,3,3,2,6.287,netplay
2,4,1,3,2,2,2,3,2,4,58.748,cut
2,2,2,3,1,2,3,3,2,3,19.307,netplay
2,1,2,2,4,1,2,3,2,2,23.56,lob
3,4,1,2,1,2,2,3,2,2,29.571,cut
3,1,2,2,4,1,3,3,3,2,26.416,lob
3,4,1,3,2,2,2,5,3,2,73.714,smash
2,2,2,2,3,1,2,4,2,2,32.77,lob
3,3,1,2,1,2,2,4,2,2,58.622,smash
2,4,1,2,3,2,3,4,3,2,69.636,smash
3,3,2,3,1,2,3,4,3,3,23.55,netplay
2,1,2,3,3,1,3,2,3,2,28.253,lob
2,3,1,1,3,2,3,2,2,3,44.999,smash
3,1,2,2,4,1,2,3,3,2,13.212,long
3,4,1,2,4,1,2,5,2,2,37.2,long
3,4,1,3,2,2,3,3,3,3,53.389,cut
2,2,2,2,1,2,3,3,3,3,18.9,netplay
3,1,2,2,1,2,3,3,3,2,15.526,netplay
3,1,2,3,3,1,2,2,3,2,18.076,lob
2,3,1,3,3,2,2,2,2,2,72.013,smash
2,3,2,2,1,2,2,3,2,3,23.007,netplay
3,1,2,2,4,1,3,3,3,2,25.971,lob
3,4,1,2,1,2,2,3,2,2,31.183,cut
3,1,2,3,3,1,2,3,3,2,32.443,lob
2,3,1,2,4,1,3,3,3,2,32.867,long
3,4,1,2,1,2,3,3,3,3,31.164,cut
3,1,2,2,1,2,2,2,3,3,14.314,netplay
3,1,2,3,4,1,2,2,3,1,20.97,lob
2,4,1,2,3,1,3,3,3,2,41.626,long
3,3,1,2,2,2,3,4,3,2,59.317,smash
3,2,2,3,1,2,3,3,3,3,15.629,netplay
2,1,2,3,1,2,2,2,2,2,15.17,netplay
2,1,2,2,4,1,3,2,2,2,15.671,lob
2,1,2,3,3,1,2,3,3,2,24.397,lob
2,3,1,2,3,1,3,2,3,2,39.96,long
3,2,2,3,2,2,3,3,3,3,17.404,netplay
2,2,2,2,4,1,2,2,3,2,28.154,lob
3,4,1,2,1,2,2,2,2,3,27.862,cut
3,1,2,3,3,1,3,3,2,3,20.498,lob
2,3,1,3,3,1,3,2,3,3,51.823,long
2,3,1,2,2,2,3,2,3,3,59.583,smash
3,2,2,3,1,2,3,2,3,3,20.01,netplay
2,1,2,2,4,1,3,4,3,3,23.987,lob
3,4,1,3,4,1,2,3,3,3,36.137,long
2,4,1,2,4,1,2,2,2,2,23.971,long
3,1,2,3,1,2,3,1,2,2,5.876,netplay
2,1,2,3,1,2,3,2,3,3,15.049,netplay
2,1,2,2,3,1,2,3,2,3,15.443,lob
3,3,1,2,3,2,2,3,2,2,33.485,long
3,3,2,3,1,2,2,4,2,2,23.054,cut
3,2,2,3,4,1,3,2,2,2,15.092,long
2,4,1,2,4,1,2,3,2,3,40.299,long
3,4,1,2,4,1,2,4,2,2,41.026,long
3,4,1,2,3,1,3,3,3,3,49.752,long
3,3,1,2,2,2,3,3,3,3,30.706,cut
3,2,2,2,4,1,3,3,3,2,25.973,lob
3,4,1,3,2,2,2,5,2,2,74.735,smash
2,2,2,2,1,2,2,4,2,3,23.907,netplay
3,1,2,3,1,2,2,2,2,2,14.478,netplay
2,1,2,2,4,1,2,2,2,2,21.89,lob
3,4,1,3,3,1,2,4,2,2,37.12,long
2,3,1,2,3,1,2,3,2,3,38.949,long
3,3,1,2,1,2,2,3,2,3,28.436,cut
3,1,2,3,3,1,2,3,3,2,24.786,lob
2,3,1,2,4,1,3,4,3,2,37.841,long
3,4,1,3,3,1,3,3,3,3,52.843,long
2,3,1,2,1,2,3,3,3,3,27.269,cut
3,1,2,3,1,2,3,3,3,2,7.293,netplay
2,1,2,3,3,1,3,2,3,2,22.719,lob
2,3,1,2,3,1,3,2,2,2,56.815,long
3,3,1,3,3,1,2,3,2,3,27.557,long
2,3,1,3,2,2,2,3,2,3,55.986,cut
2,2,2,2,2,1,3,2,2,3,32.21,lob
3,2,1,3,2,2,3,3,3,2,70.811,smash
2,2,2,3,1,2,3,3,3,2,21.37,netplay
2,1,2,2,3,1,3,4,2,2,23.076,lob
3,3,1,3,3,1,2,4,2,2,42.332,long
2,3,1,2,4,1,2,3,2,3,34.543,long
3,4,1,3,1,2,2,4,2,3,27.25,cut
2,1,2,2,4,1,2,3,2,2,21.371,lob
3,2,2,2,4,1,2,2,3,2,16.092,long
3,4,1,2,4,1,3,3,3,4,39.682,long
3,4,1,3,4,1,2,4,2,2,26.481,long
2,4,1,2,4,1,2,3,2,3,34.131,long
3,4,1,3,1,2,2,3,2,2,27.422,cut
2,1,2,2,4,1,2,3,2,2,18.993,lob
3,3,1,3,1,2,2,3,3,3,26.178,cut
2,1,2,3,3,1,3,2,3,2,23.428,lob
2,3,1,2,4,1,3,2,2,3,35.328,long
3,3,1,3,2,2,2,3,3,3,41.012,cut
2,2,2,3,3,1,3,2,3,3,32.197,lob
2,3,1,3,3,1,3,2,2,3,40.338,long
2,3,1,2,4,1,3,3,2,3,29.695,long
3,1,2,2,4,1,2,2,2,2,12.934,long
2,3,2,2,1,2,2,4,2,2,24.206,netplay
3,1,2,2,1,2,3,3,3,3,18.967,netplay
3,1,2,2,4,1,3,3,3,3,25.834,lob
3,4,1,2,4,1,3,2,3,2,38.055,long
3,4,1,3,2,2,3,2,4,1,42.565,cut
3,1,2,3,4,1,3,3,2,2,13.066,long
2,4,1,2,2,2,3,5,3,2,64.679,smash
3,2,2,3,1,2,3,4,3,3,23.291,netplay
2,1,2,2,4,1,3,2,3,2,27.318,lob
3,4,1,2,3,1,3,3,3,3,40.5,long
3,3,1,3,2,2,2,3,3,3,71.577,smash
2,2,2,2,1,2,2,3,2,2,17.432,netplay
3,1,2,3,1,2,2,2,2,2,8.814,netplay
2,4,1,3,2,2,2,3,2,4,56.518,cut
2,2,2,3,4,1,2,2,2,3,31.931,lob
2,4,1,2,2,2,2,2,2,2,49.634,cut
3,2,2,3,1,2,2,2,2,3,17.084,netplay
2,1,2,3,3,1,2,3,2,2,25.181,lob
2,3,1,2,3,1,3,3,2,2,34.735,long
3,3,1,2,3,1,3,3,3,2,51.578,long
3,3,1,3,4,1,2,3,3,3,25.183,long
2,3,1,3,3,1,3,3,2,3,33.915,long
2,3,1,3,3,1,3,5,2,2,49.082,long
2,3,1,2,1,2,3,4,2,3,23.47,cut
3,1,2,2,3,1,3,4,3,2,21.141,lob
3,3,1,3,3,1,2,3,3,2,46.978,long
2,3,1,2,1,2,2,5,2,3,22.556,cut
3,1,2,2,4,2,2,2,2,3,26.113,lob
3,2,2,2,4,1,2,2,3,3,15.572,long
3,4,1,3,3,1,3,3,3,3,49.637,long
2,3,1,2,1,2,3,4,3,3,25.018,cut
3,1,2,3,3,1,3,3,3,2,22.873,lob
2,3,1,2,2,2,3,4,3,2,44.838,smash
3,2,2,3,1,2,3,3,3,3,19.099,netplay
2,1,2,3,1,2,3,2,3,3,12.827,netplay
