velocity,x_left_direct,x_left_distance,x_right_direct,x_right_distance,y_left_direct,y_left_distance,y_right_direct,y_right_distance,x1,y1,x2,y2,x3,y3,x4,y4,x5,y5,x6,y6,x7,y7,x8,y8,x9,y9,x10,y10,x11,y11,x12,y12,x13,y13,x14,y14,x15,y15,type
14.514,2,2,2,2,3,2,3,2,0,-1,16,23,8,31,8,46,8,62,23,15,39,15,39,7,23,62,16,86,8,109,31,62,31,86,23,117,23,39,long
37.612,3,3,3,3,3,4,3,3,17,58,23,75,45,74,60,56,70,29,15,88,32,97,52,82,50,144,52,179,47,222,30,140,26,170,18,207,39,119,cut
28.311,3,2,3,2,3,2,3,2,76,7,60,23,60,23,76,39,84,47,52,23,52,31,76,39,44,55,68,71,76,95,36,55,28,71,4,79,52,39,lob
41.164,3,3,3,3,3,3,3,3,28,27,36,51,52,51,76,35,92,11,20,51,12,51,20,27,52,99,68,139,68,187,28,99,28,139,20,179,36,75,long
41.783,3,4,3,4,3,3,3,2,51,17,41,27,32,18,27,9,31,-2,45,38,54,31,52,23,16,66,11,94,12,120,34,71,39,96,51,119,29,52,long
32.437,3,3,3,3,3,3,3,3,23,-6,23,26,39,34,62,34,69,26,15,26,23,10,31,10,39,82,62,114,69,154,23,82,23,106,8,138,31,58,cut
22.405,2,2,2,2,3,3,3,3,43,-1,51,14,43,22,35,30,20,37,66,14,74,22,82,30,43,53,35,76,28,99,59,53,74,68,82,84,51,37,lob
40.403,2,2,2,2,2,3,2,3,73,1,73,33,65,25,49,17,41,9,81,41,89,57,97,81,73,89,81,129,105,161,57,89,33,121,17,161,65,57,long
30.758,3,3,3,4,2,2,2,2,51,41,37,52,25,48,20,37,19,20,50,63,45,76,46,59,12,92,10,119,11,146,31,97,41,117,52,130,27,75,cut
25.938,3,3,3,3,3,2,3,2,53,-6,53,18,61,26,69,34,69,34,38,18,30,34,6,42,53,65,69,89,77,113,38,65,30,105,30,136,46,49,lob
43.374,3,3,3,3,3,3,3,2,100,-8,100,15,107,23,115,39,131,39,84,15,69,23,45,31,92,54,123,85,139,116,76,54,45,85,22,108,92,39,lob
23.401,3,3,3,3,3,2,3,2,81,26,66,33,63,23,64,7,77,-3,66,50,49,58,47,48,27,59,17,82,13,115,42,69,39,96,43,127,42,46,cut
25.457,3,2,3,2,3,2,3,2,83,-7,75,25,83,25,99,32,115,40,60,25,36,25,12,25,75,64,91,79,91,103,52,64,36,95,20,119,68,48,lob
37.763,3,3,3,4,3,2,3,2,74,20,60,27,51,15,50,1,63,-6,61,40,56,50,44,40,23,56,12,80,13,107,40,61,41,83,64,96,38,42,long
63.98,3,3,3,3,2,2,2,3,25,51,48,59,48,67,32,59,25,35,56,51,56,35,40,3,71,91,48,131,17,155,86,91,110,131,110,179,63,75,cut
20.054,2,3,2,3,2,3,2,3,29,-9,37,15,21,23,13,39,5,55,53,15,69,15,77,23,37,55,29,70,13,94,53,47,61,70,69,94,45,31,netplay
11.077,2,3,2,3,3,2,3,2,110,9,94,33,102,41,118,57,142,73,86,25,78,17,55,9,71,73,94,73,110,97,55,65,31,89,15,113,78,49,netplay
19.28,2,1,2,2,3,2,3,2,26,6,29,19,22,29,23,41,20,51,47,20,58,28,69,31,22,61,19,82,7,109,41,63,47,89,39,90,34,47,lob
52.843,2,2,2,2,2,3,3,3,43,-1,51,30,35,30,12,22,-12,30,66,30,82,45,97,61,58,76,27,100,19,131,74,76,82,115,113,115,58,53,long
25.005,2,3,2,3,2,2,2,2,43,1,36,24,28,16,5,9,-3,1,51,24,59,32,51,32,28,55,20,78,12,101,43,55,51,86,59,109,36,40,cut
13.489,2,3,2,3,2,2,2,2,11,9,17,27,31,26,15,35,5,41,15,35,23,33,30,33,58,70,34,72,15,100,46,73,59,98,81,120,41,51,lob
23.606,2,3,2,3,2,2,2,2,1,42,19,52,36,46,48,21,39,8,24,60,37,56,46,43,63,91,75,127,72,164,44,92,41,125,23,160,50,73,cut
20.346,2,2,2,2,2,2,2,3,27,2,28,18,20,23,18,41,9,57,49,13,55,26,62,36,27,55,18,67,7,94,44,54,49,70,51,77,35,38,lob
33.251,2,3,3,2,3,4,3,3,53,-1,61,22,69,30,92,30,123,14,45,30,38,53,45,46,61,77,92,108,92,147,45,77,45,108,14,124,61,53,cut
31.015,2,2,2,2,3,2,3,3,37,12,41,22,33,27,26,41,8,53,58,17,74,16,90,23,43,48,28,60,21,82,66,50,82,65,95,69,52,38,lob
33.473,2,2,2,2,2,3,2,3,15,56,31,65,45,56,49,33,43,17,34,83,23,70,12,53,85,119,88,153,86,190,56,116,47,147,23,172,61,92,long
13.627,2,3,2,3,2,2,2,2,16,1,24,24,24,31,31,70,24,85,31,31,47,47,31,39,47,55,55,85,16,85,55,55,55,85,78,109,39,39,netplay
14.637,3,2,3,2,2,2,2,2,56,6,51,19,46,34,51,49,56,68,47,25,59,28,72,33,43,69,54,83,64,111,36,68,30,83,17,95,42,52,netplay
48.157,2,5,2,4,3,2,2,2,44,47,37,60,25,54,15,42,15,28,48,72,43,86,39,75,12,93,10,120,15,138,30,101,28,125,25,154,28,82,long
44.874,3,3,3,3,3,2,3,3,19,26,34,50,26,50,42,58,88,18,42,50,65,42,88,18,26,98,26,130,3,162,42,98,57,130,73,178,34,74,smash
21.415,2,2,3,3,3,3,3,3,31,10,34,29,21,31,5,41,-16,45,46,25,62,17,73,4,61,58,46,70,36,100,73,53,84,68,116,66,54,44,netplay
26.032,2,2,2,2,2,2,2,2,30,6,33,24,46,29,27,30,14,26,29,32,39,33,49,41,61,73,38,72,19,99,50,79,55,109,89,122,52,56,lob
28.973,3,3,3,4,2,2,2,2,83,33,68,34,59,27,56,11,73,3,70,47,57,57,51,44,29,59,18,83,10,113,42,65,47,93,73,103,48,47,long
35.647,3,3,3,3,3,3,3,3,0,58,15,82,31,74,46,43,54,19,8,90,15,114,23,114,46,122,54,177,54,208,31,130,23,169,23,216,31,106,long
31.84,2,3,3,3,2,3,2,3,-8,2,16,26,31,26,39,26,16,10,16,34,8,26,16,18,31,82,31,130,24,170,16,82,24,122,8,162,24,58,long
28.01,2,3,2,4,2,2,2,2,19,2,21,16,17,23,14,26,12,16,23,20,32,21,25,0,16,67,17,84,22,119,26,65,32,87,47,110,18,45,cut
4.937,2,4,2,4,2,2,2,2,14,1,29,25,37,25,37,41,37,65,22,25,14,49,-1,73,60,57,45,88,29,96,53,57,45,96,60,120,45,41,netplay
17.186,2,2,2,2,2,2,2,2,20,-10,20,14,13,21,5,45,-3,60,36,14,52,14,60,14,20,53,13,76,13,92,36,53,52,76,60,92,28,37,lob
33.831,2,2,2,2,2,2,2,2,-2,12,20,20,41,30,51,19,21,29,28,37,26,24,28,7,58,79,58,117,61,153,44,78,46,108,24,137,46,55,long
16.93,2,3,2,3,2,2,2,2,14,1,30,17,37,17,37,41,30,56,22,25,14,41,-1,48,60,56,53,88,30,88,53,56,53,88,68,119,45,41,lob
26.502,2,3,2,3,2,2,2,2,82,2,79,27,63,29,39,23,12,10,90,32,114,36,124,54,85,74,76,108,71,145,106,74,114,111,134,145,88,53,long
14.183,3,2,3,2,2,3,2,2,-2,-9,6,15,6,15,6,31,14,39,14,15,29,15,29,15,14,55,21,86,14,118,29,55,21,86,21,118,14,31,long
38.559,2,3,3,3,2,3,2,3,3,33,18,57,10,64,-5,88,41,33,26,49,56,18,33,33,26,103,26,150,18,189,49,103,64,135,49,174,26,80,cut
40.831,3,4,3,4,3,2,3,2,49,19,42,28,26,24,21,11,29,5,47,37,52,43,51,25,13,68,10,94,16,122,32,73,38,96,49,120,28,51,long
34.418,3,3,3,3,3,3,3,3,15,26,31,50,39,50,63,42,79,18,15,50,7,42,15,18,39,97,55,137,71,184,23,97,23,129,15,168,31,73,long
38.062,3,5,3,5,3,2,3,2,46,5,37,15,27,20,22,20,35,11,41,23,43,34,46,25,13,56,13,77,12,105,29,60,32,81,45,103,24,38,cut
33.875,2,3,3,3,2,2,2,2,-3,43,28,43,36,35,-3,51,28,43,28,35,5,51,28,35,44,82,60,122,68,161,60,74,68,122,68,169,36,59,long
37.77,3,3,3,4,2,2,2,2,57,15,49,21,35,19,32,4,38,-3,56,36,49,43,48,28,16,63,10,84,10,116,30,65,40,90,55,106,31,45,long
25.898,3,3,3,3,3,3,3,3,41,-9,41,15,49,22,72,22,95,15,33,22,33,15,49,7,49,69,64,109,57,148,33,69,41,101,10,116,41,46,cut
13.725,3,1,3,2,3,2,3,2,37,2,32,16,29,30,37,47,46,62,23,22,19,35,25,52,16,62,30,78,38,103,17,57,18,74,9,88,22,42,netplay
19.626,3,2,3,2,2,1,2,2,28,6,35,24,45,25,24,31,15,38,32,34,49,35,57,41,70,72,42,79,21,100,58,75,70,99,101,119,60,53,lob
31.305,3,3,3,3,3,3,3,3,40,0,56,32,56,32,79,40,103,32,48,32,87,32,103,32,48,80,71,104,87,136,48,80,40,96,24,104,48,56,cut
6.522,2,2,2,2,3,3,3,3,53,0,61,16,45,24,37,32,45,48,69,24,85,32,93,48,53,56,37,88,29,104,69,56,77,80,85,96,61,40,netplay
18.957,2,2,2,2,2,2,2,2,26,1,37,18,46,21,29,24,14,27,34,28,45,29,56,31,68,66,41,71,19,95,57,71,68,99,98,113,58,55,lob
22.488,2,3,2,3,2,2,2,2,45,-14,45,18,61,25,53,33,37,33,37,25,22,33,-1,33,68,64,61,96,76,127,61,64,61,103,76,135,61,41,lob
27.808,2,4,2,3,2,2,2,2,26,-8,19,15,11,15,3,23,-12,15,26,15,34,31,42,38,11,46,11,69,3,92,26,46,19,77,42,100,19,31,cut
23.231,2,3,2,3,2,1,2,2,29,-14,36,10,44,18,36,25,13,25,29,18,21,33,5,25,60,57,52,88,44,96,52,57,52,88,67,119,52,33,lob
29.767,3,3,3,5,3,2,2,2,84,17,67,21,52,13,53,0,66,6,67,36,53,39,48,26,28,41,20,64,11,96,39,43,40,75,65,82,41,29,long
65.487,2,3,2,3,2,3,2,3,23,-7,30,25,46,25,69,49,61,65,15,33,0,57,7,49,46,73,46,113,38,153,30,73,15,113,15,153,38,49,cut
12.183,2,2,3,2,2,3,2,3,16,1,24,17,9,25,9,41,9,57,31,17,47,17,54,41,24,49,16,81,16,105,31,49,39,33,47,97,24,33,netplay
12.615,2,2,2,3,2,2,2,2,12,5,19,19,31,22,17,29,5,32,15,28,25,25,42,24,57,64,39,66,26,91,45,70,50,96,67,116,46,47,lob
49.578,2,3,2,3,3,2,2,2,53,-6,55,15,50,26,32,28,10,28,61,19,83,25,100,41,95,67,105,89,143,116,71,70,48,90,41,127,78,46,lob
33.928,2,3,2,3,2,2,2,2,44,42,36,54,26,48,23,30,25,16,44,71,52,82,59,95,9,95,8,124,11,150,27,100,32,127,31,151,23,78,netplay
9.57,3,3,3,3,2,2,2,2,11,-6,19,18,27,18,34,33,4,33,19,18,19,41,11,57,42,57,27,88,11,112,42,57,34,96,57,135,34,41,netplay
21.476,2,1,2,2,2,2,2,2,36,5,46,23,33,26,27,42,9,57,62,17,81,13,98,18,45,51,36,62,26,86,63,47,79,59,85,66,50,38,lob
37.194,2,2,3,2,3,3,3,3,4,10,19,34,27,34,51,18,51,18,4,34,11,42,43,26,27,81,19,137,11,176,19,81,19,129,11,176,19,58,long
39.562,3,3,3,3,3,4,3,3,9,54,18,72,40,70,57,54,60,25,14,87,33,90,42,83,54,138,60,175,63,217,32,137,27,167,16,202,40,113,cut
23.868,2,2,2,2,3,2,3,3,43,3,45,21,36,28,32,42,21,59,65,17,76,20,89,28,46,57,32,68,18,91,59,56,70,66,76,76,53,40,lob
41.45,2,3,2,3,2,3,2,2,35,53,48,63,61,58,62,25,55,0,49,82,59,66,46,48,103,120,124,139,110,179,71,116,53,141,25,157,79,91,cut
10.93,3,2,3,3,2,3,2,3,68,-3,52,4,60,12,68,19,83,34,52,-3,44,19,52,27,29,27,52,42,68,57,21,19,13,34,-2,42,36,12,netplay
5.614,3,3,3,3,3,2,3,2,74,-6,66,26,74,26,89,42,104,42,50,26,20,34,12,34,58,74,81,74,89,106,43,66,27,98,20,122,58,50,netplay
6.102,3,1,3,1,3,2,3,2,30,3,29,19,30,26,44,32,57,38,21,27,31,33,41,33,11,69,28,83,38,111,22,71,10,82,-2,97,21,48,netplay
12.929,3,2,3,2,3,1,3,1,55,-4,47,20,62,28,70,44,70,36,39,20,24,28,9,44,47,68,62,76,62,108,32,60,16,92,24,124,39,44,netplay
69.941,2,3,3,3,2,3,2,3,11,44,25,59,45,49,53,25,58,1,25,77,41,73,50,65,73,117,90,146,72,178,45,118,33,148,15,179,54,92,smash
36.939,2,3,3,2,2,3,2,3,34,-1,34,15,26,23,26,39,26,55,42,23,50,31,50,39,26,55,18,78,2,94,42,55,58,78,66,102,34,39,netplay
37.421,2,3,3,3,3,2,2,3,60,-7,68,17,75,25,75,41,60,49,60,17,44,41,28,49,75,65,83,88,107,120,60,65,36,96,20,136,68,41,lob
72.062,3,2,3,2,3,2,2,2,79,19,69,27,56,24,65,3,56,14,61,47,62,68,68,53,31,61,21,84,14,107,51,66,58,87,68,110,49,49,smash
33.386,3,3,3,3,3,4,3,3,6,55,17,74,41,72,54,57,59,30,11,87,34,92,47,77,52,137,53,177,56,218,29,142,26,174,20,206,38,118,cut
22.86,2,2,2,2,3,2,3,2,36,-3,29,20,21,20,21,28,29,36,36,20,44,28,36,36,29,36,13,51,5,75,36,36,44,44,59,59,29,28,lob
33.825,3,3,3,3,3,3,3,3,28,17,36,40,20,48,12,56,20,40,44,40,75,24,91,9,28,87,20,118,12,142,44,87,67,126,75,173,36,63,long
29.461,3,4,3,5,3,2,3,2,63,39,52,51,37,44,32,35,36,21,56,64,50,78,42,66,21,81,10,109,20,133,41,87,42,111,63,127,40,69,cut
12.924,3,4,3,3,3,2,3,2,58,-7,50,17,66,25,74,41,82,48,42,17,26,25,18,25,50,56,66,72,74,96,34,56,18,88,18,119,42,41,netplay
22.969,2,1,2,2,3,2,3,2,27,-1,35,23,19,23,19,39,27,47,42,23,42,31,35,23,27,55,19,86,11,110,42,55,50,78,42,102,35,39,lob
31.137,3,2,3,2,3,4,3,3,78,-3,70,29,78,37,102,53,126,61,62,29,94,53,126,61,46,69,70,84,94,124,54,69,70,84,14,92,62,53,cut
27.953,2,2,2,2,3,2,3,3,28,-2,36,14,28,21,21,37,5,45,51,14,59,14,67,37,44,45,28,60,13,84,51,45,67,60,82,76,44,37,lob
35.192,2,2,2,2,2,3,2,3,59,-8,67,23,51,23,27,15,3,15,75,23,91,38,107,54,67,69,35,93,27,131,83,77,91,116,115,116,67,46,long
42.224,2,3,2,3,2,2,2,2,37,1,29,17,21,17,5,17,-3,9,37,24,45,40,45,24,29,55,37,86,61,102,37,55,45,86,61,102,29,40,long
41.763,2,3,2,3,2,3,2,2,12,41,27,48,48,38,50,15,48,-13,24,62,33,47,35,30,74,96,80,134,80,169,53,102,43,132,17,152,57,79,long
27.173,2,3,2,3,3,2,3,2,37,3,29,26,37,34,21,34,21,42,14,26,6,34,-1,19,29,73,21,105,37,113,14,73,14,113,29,144,21,58,lob
39.49,3,3,3,4,3,2,3,2,63,56,49,62,43,51,41,37,42,18,54,77,41,89,39,77,22,99,6,124,9,147,38,101,50,124,71,136,36,82,long
33.257,3,3,3,3,2,3,2,2,8,47,26,54,44,42,51,16,42,-2,38,70,57,65,70,45,85,97,108,118,109,160,62,100,47,125,20,146,65,76,cut
28.979,2,3,3,2,2,3,2,2,2,7,20,19,36,34,48,23,26,27,17,39,17,28,13,4,46,85,47,123,34,164,25,85,29,120,18,159,35,63,long
54.281,3,3,3,3,3,3,3,3,2,50,17,74,17,82,33,98,25,66,33,66,49,34,57,10,33,122,33,161,25,201,57,114,72,161,49,201,33,98,smash
22.979,3,3,3,3,3,2,3,3,107,-1,84,14,84,14,107,29,123,45,76,6,76,29,76,29,53,37,37,60,14,68,53,37,84,45,84,68,69,29,netplay
23.504,3,2,3,3,3,2,3,2,71,-2,65,17,73,28,80,29,80,23,49,16,36,28,16,35,63,70,75,70,65,103,48,70,37,102,45,116,59,52,lob
51.551,3,3,3,4,3,2,3,2,83,17,67,24,52,17,49,6,61,-5,64,42,56,55,45,51,31,47,20,81,11,109,52,64,53,82,68,90,49,37,smash
20.716,2,2,2,2,3,2,2,2,21,-10,29,14,13,22,5,29,-3,29,45,14,53,29,53,29,21,53,21,68,21,92,37,53,45,76,29,84,29,37,lob
30.361,2,3,3,3,2,3,2,3,74,-1,74,30,58,23,34,23,2,23,90,30,106,38,122,54,74,70,50,85,50,125,90,78,90,109,106,117,82,54,cut
24.406,3,2,3,2,3,2,2,3,89,5,80,18,81,31,86,40,91,50,76,14,71,7,68,0,49,44,65,51,77,79,62,46,47,56,25,58,61,32,lob
29.544,3,3,3,3,3,3,3,3,4,26,20,50,28,50,60,42,76,18,4,58,4,50,4,34,36,106,52,146,68,186,20,106,28,138,12,170,20,82,cut
27.331,2,2,2,2,3,3,3,3,18,12,29,26,16,30,14,43,11,57,42,18,52,7,61,2,28,42,15,48,13,67,48,37,50,56,59,56,37,34,lob
37.2,2,2,3,3,3,4,3,3,36,7,36,31,52,39,76,31,91,15,28,39,28,23,60,23,44,87,76,118,76,166,36,87,52,118,13,134,44,63,long
40.136,3,3,3,4,3,2,3,2,51,41,45,48,31,40,30,26,31,11,46,63,60,49,58,38,13,89,7,111,10,138,34,88,36,111,52,131,29,68,long
39.669,3,3,3,3,3,3,3,3,31,17,39,41,24,41,24,25,24,33,47,41,79,25,95,9,24,89,24,112,8,144,47,89,71,120,87,160,39,65,long
39.101,2,3,2,3,3,2,3,2,28,0,35,16,28,23,13,23,-10,23,43,23,51,31,66,39,35,55,20,62,13,86,43,55,43,86,73,86,35,39,cut
12.378,2,3,2,3,2,2,2,3,45,-7,53,25,45,17,30,17,14,9,53,25,61,41,45,49,53,73,30,89,22,129,68,73,61,113,92,137,53,49,netplay
6.406,2,2,2,2,2,2,2,2,23,10,38,28,21,34,21,51,8,66,44,18,55,10,72,9,37,47,21,55,25,70,55,44,57,55,73,59,44,39,netplay
31.24,2,2,2,2,2,1,2,2,16,-4,31,20,31,28,39,44,16,100,24,28,31,52,39,52,47,68,47,100,16,100,39,68,47,100,78,124,39,44,lob
53.879,3,5,3,5,3,2,2,2,24,4,24,21,10,30,9,46,17,58,40,27,47,39,50,32,16,61,12,81,8,102,35,61,40,79,45,92,28,48,cut
20.771,3,4,3,3,3,3,3,3,78,0,78,23,86,31,94,54,78,70,62,23,46,39,30,54,78,70,102,101,102,140,62,70,30,101,14,132,70,47,netplay
23.804,3,1,3,1,3,2,3,2,41,-10,33,14,17,22,10,38,-6,54,41,22,33,38,33,46,17,54,25,78,33,110,33,54,41,78,33,102,25,38,lob
41.998,3,3,3,3,3,4,3,3,64,-2,64,30,79,30,87,61,79,69,48,30,33,53,25,69,56,77,79,117,64,156,40,69,25,101,17,124,56,53,cut
22.471,3,2,3,2,3,2,3,2,28,0,28,24,12,24,4,39,-4,55,44,24,44,39,52,47,20,55,28,78,12,109,36,55,44,78,52,109,28,39,netplay
26.493,3,3,3,3,2,2,2,3,8,-8,23,16,31,16,54,40,39,40,15,24,15,32,15,40,39,56,23,87,15,111,39,56,47,95,78,119,31,40,lob
68.983,2,3,2,3,2,2,2,2,22,1,25,18,8,21,6,36,4,50,35,13,57,10,48,16,21,54,9,71,8,86,35,55,37,78,39,94,26,41,drive
45.075,2,3,2,3,2,2,2,2,35,-6,42,25,50,25,58,49,58,65,27,25,19,49,11,72,50,72,66,104,81,135,35,72,19,111,19,151,42,49,lob
22.679,3,5,3,5,3,2,3,1,77,12,61,20,53,20,46,36,46,52,61,20,53,36,69,44,22,36,22,59,7,83,30,36,22,59,53,83,38,28,cut
11.28,3,4,3,4,3,2,3,2,66,-7,58,16,74,32,66,55,66,70,51,16,27,24,11,32,51,55,66,86,74,109,35,55,19,86,19,116,51,39,netplay
16.561,2,1,2,1,3,2,3,2,-9,4,15,20,15,20,31,35,23,51,15,28,15,43,7,59,47,43,31,59,47,82,47,43,23,51,23,82,31,35,netplay
14.423,3,2,3,3,3,3,3,3,51,-1,51,23,67,31,74,54,90,70,36,31,20,46,20,62,44,78,74,109,67,148,28,78,44,101,13,125,44,54,long
28.4,2,3,2,3,2,3,2,4,2,6,25,22,41,22,56,30,56,38,17,30,33,46,41,62,64,46,88,78,111,110,49,54,25,86,17,126,41,38,cut
23.105,2,3,2,3,3,2,3,2,22,-2,25,14,10,23,10,40,24,55,36,14,39,39,30,33,13,52,7,70,6,87,36,50,43,69,51,87,26,41,lob
31.65,3,3,3,3,3,3,3,3,37,0,37,31,52,31,60,54,68,70,21,31,13,46,6,54,52,78,60,116,60,155,29,78,13,109,6,140,37,54,long
34.497,3,3,3,3,3,2,3,2,58,2,50,26,66,34,58,50,58,58,43,26,27,26,4,26,50,66,66,89,58,121,35,66,19,105,35,129,50,42,long
27.051,3,1,3,2,3,2,3,2,55,-3,32,13,24,21,24,45,32,69,32,5,32,29,32,37,8,29,24,45,32,69,8,29,24,45,24,53,16,21,cut
7.671,2,2,2,2,3,3,3,3,29,0,37,24,53,32,53,39,37,47,29,32,21,63,5,55,60,79,68,118,84,142,45,79,29,118,37,157,45,55,netplay
15.887,2,2,2,2,2,1,2,2,29,-9,37,14,21,22,13,37,21,45,53,14,53,30,45,37,21,53,13,76,5,106,37,53,45,76,37,106,37,37,lob
6.968,2,2,2,2,2,1,2,2,20,-8,20,16,12,24,12,47,12,63,36,24,36,40,36,55,20,63,12,87,20,110,28,63,28,87,20,110,28,40,netplay
7.392,2,2,2,2,2,2,2,2,44,3,42,26,27,31,22,48,11,67,64,33,65,55,69,81,35,87,39,116,39,148,58,84,54,110,59,144,46,60,netplay
57.896,3,4,3,4,3,2,2,2,52,21,41,36,28,24,26,12,27,0,49,46,42,60,41,44,10,71,9,95,8,121,29,75,34,101,40,123,28,55,cut
35.163,3,3,3,3,2,2,2,2,45,-2,51,19,50,27,35,27,12,26,59,22,74,23,77,38,83,59,63,66,39,94,90,61,88,90,116,111,76,40,lob
25.726,2,3,2,3,2,2,2,2,29,2,29,18,21,18,6,26,-18,18,37,26,52,33,52,33,29,57,21,88,21,112,45,57,52,88,68,112,29,41,cut
4.578,2,3,2,3,2,2,2,2,12,-6,20,18,28,18,20,26,12,18,12,18,-3,10,5,18,36,57,20,88,28,120,20,57,20,88,28,120,20,41,netplay
62.318,3,3,3,3,3,3,3,3,8,62,24,75,40,72,54,45,67,21,17,94,26,90,18,68,61,134,73,175,56,206,39,136,34,172,26,211,43,112,cut
17.769,3,3,3,3,3,3,3,3,86,-1,70,14,78,22,94,30,110,38,62,14,46,14,30,22,46,45,38,68,6,76,54,45,70,53,78,76,62,30,netplay
32.405,3,3,3,3,3,2,3,2,57,3,49,27,64,35,57,51,49,59,41,19,26,27,10,35,49,67,64,83,64,115,33,67,18,107,33,123,49,43,lob
52.147,3,3,3,4,3,2,3,2,94,32,80,39,74,29,81,16,92,4,80,58,66,58,66,47,42,67,30,88,15,111,64,72,71,95,90,105,62,53,smash
36.017,3,3,3,3,3,2,3,2,78,2,70,26,86,34,86,50,86,50,54,26,31,42,23,34,62,74,86,105,117,137,46,66,23,97,7,129,62,50,lob
70.427,3,4,3,3,3,2,3,2,84,18,68,26,58,21,61,10,65,1,65,38,63,55,76,42,32,52,6,76,25,81,51,63,54,89,59,112,52,43,smash
42.206,3,2,3,2,3,2,3,2,138,16,129,34,138,51,158,61,180,76,117,27,95,26,72,31,89,70,116,82,121,116,63,60,42,82,17,98,95,52,netplay
32.996,2,3,3,3,2,3,2,3,-6,30,12,48,26,45,41,32,42,13,5,59,23,73,46,74,47,103,53,143,29,182,23,101,21,144,15,183,32,80,cut
12.894,2,2,2,2,2,2,2,2,30,0,39,14,25,17,21,33,6,47,49,6,68,9,79,20,42,35,26,38,18,60,61,34,75,51,86,52,48,22,netplay
3.124,2,2,2,2,2,2,2,2,6,-6,14,17,29,17,29,33,29,33,14,17,21,33,21,41,44,56,29,95,59,111,36,56,29,95,59,111,29,33,netplay
13.912,2,3,2,3,2,2,2,2,54,4,58,22,67,33,63,53,55,75,59,34,80,53,69,69,58,85,38,108,21,143,80,87,75,123,106,132,69,68,long
29.384,3,3,3,2,3,2,3,2,79,-7,79,25,87,33,95,64,111,88,63,25,47,41,31,56,71,72,95,96,103,135,55,64,31,104,15,135,71,49,long
49.023,3,2,3,2,3,3,3,3,37,-8,37,15,21,23,13,38,13,54,53,15,61,31,69,38,29,46,21,77,5,92,45,46,53,77,61,100,37,31,cut
13.286,3,3,3,3,3,3,3,3,26,-8,34,24,49,24,65,48,57,64,18,32,-5,40,3,32,49,72,57,112,65,144,26,72,18,120,26,160,34,56,netplay
25.399,3,3,3,3,3,2,3,2,44,0,36,15,29,15,13,31,5,54,44,23,52,39,44,46,29,46,29,69,13,77,36,54,44,69,44,85,29,39,lob
68.487,3,1,3,2,3,2,3,2,29,-6,37,25,53,25,69,49,84,64,22,33,14,49,22,41,53,72,29,96,29,127,37,72,14,104,14,135,45,49,cut
22.772,3,2,3,3,3,4,2,3,25,1,25,17,17,17,9,33,1,41,40,17,48,17,48,25,17,49,25,73,33,89,33,49,33,73,40,81,25,33,netplay
6.317,2,2,2,2,2,2,2,2,44,-8,52,24,67,24,75,47,91,55,36,24,28,47,20,71,52,71,75,79,67,110,36,63,28,87,4,110,52,47,netplay
20.308,3,5,3,4,3,3,3,3,25,0,25,23,41,23,49,39,41,39,17,23,17,39,25,47,33,54,17,78,33,62,17,54,17,78,17,78,25,39,lob
25.761,3,1,3,1,3,2,3,2,60,-3,44,12,44,12,20,27,20,27,36,4,28,27,28,27,12,27,28,50,36,73,20,27,36,50,36,73,20,27,lob
26.15,2,3,3,3,2,4,2,4,18,-3,34,21,49,21,65,44,49,52,26,28,26,52,26,52,65,52,88,83,111,123,41,60,18,91,10,131,49,44,cut
51.146,3,4,3,3,3,2,3,2,52,40,37,50,28,44,21,26,23,11,43,69,33,82,24,73,13,90,11,116,14,140,30,93,33,122,46,141,23,72,long
30.26,3,3,3,3,2,2,2,2,6,60,22,62,38,51,27,23,18,-2,29,74,43,74,55,65,75,100,85,133,92,167,51,103,36,136,20,162,57,84,long
38.448,2,4,2,3,2,2,2,2,28,1,26,16,12,16,3,4,-3,-5,33,28,26,41,22,29,9,59,8,76,7,95,23,59,18,85,34,103,17,38,long
23.171,2,3,2,3,2,2,2,2,20,41,51,41,51,41,43,34,27,49,51,41,35,26,67,18,67,81,51,104,20,112,74,81,106,104,106,144,59,65,long
50.963,2,3,2,5,3,2,2,2,52,1,36,17,28,17,36,-7,36,-14,44,24,52,24,59,24,13,48,5,79,5,102,28,48,36,71,52,86,28,32,smash
33.664,2,4,2,3,2,2,2,2,41,-1,54,19,63,21,41,26,15,34,52,25,64,28,66,48,98,59,62,62,55,100,84,64,83,99,112,119,82,42,lob
70.775,2,3,2,3,2,2,2,2,60,10,59,25,43,28,27,18,16,5,67,36,70,49,59,46,50,61,34,80,29,103,69,65,66,86,85,109,56,47,smash
43.938,2,3,2,3,2,2,2,2,44,-7,52,17,52,17,29,33,13,25,52,17,76,25,83,41,76,65,83,104,122,120,68,65,37,96,37,136,60,41,lob
81.477,2,3,2,3,2,2,2,2,28,2,28,25,13,18,-2,10,-18,2,44,25,44,41,44,33,21,64,13,88,28,111,36,64,36,88,44,111,28,41,smash
12.994,2,2,2,2,2,3,2,2,39,17,63,41,47,41,24,57,0,65,71,33,95,25,118,33,95,65,79,81,71,121,102,57,134,81,173,97,79,49,lob
16.305,3,4,3,3,2,2,2,2,38,-8,54,15,46,15,30,23,15,31,54,15,77,15,77,39,85,46,62,54,38,85,93,46,101,85,132,101,69,31,netplay
14.717,2,2,2,1,2,2,2,2,22,-10,29,14,22,22,14,38,-1,54,45,14,60,22,68,22,37,46,22,62,22,86,52,46,52,78,52,94,37,30,netplay
12.503,3,2,3,2,3,1,3,1,142,19,124,28,130,49,141,69,159,81,115,20,96,19,79,14,87,56,116,52,122,79,71,51,52,69,25,84,97,41,netplay
17.818,2,1,3,2,3,1,3,2,15,-11,23,13,7,13,-1,29,7,21,30,13,38,37,46,68,15,45,15,60,7,84,30,45,38,68,46,68,23,29,lob
29.418,3,2,3,2,3,4,3,3,91,5,83,28,83,36,107,59,131,67,75,20,59,28,35,36,51,59,75,75,99,114,59,67,51,91,11,91,67,44,cut
25.318,2,2,2,2,3,2,3,3,29,6,37,21,21,21,13,29,21,21,44,21,44,37,44,37,29,53,13,68,13,92,44,53,52,76,60,84,37,37,lob
37.837,2,3,2,2,2,3,2,2,60,1,60,25,45,25,30,25,6,9,76,33,91,41,99,65,53,81,30,105,22,145,68,81,68,129,91,113,60,57,long
32.118,3,4,3,5,3,2,2,2,52,10,41,19,24,26,17,23,30,19,46,26,44,42,40,31,13,63,12,86,11,112,32,65,38,90,54,106,23,44,long
30.852,2,3,3,3,2,3,2,3,-6,2,18,26,18,26,42,10,18,2,26,26,42,10,26,10,26,73,18,120,10,160,42,73,42,120,34,168,26,49,long
37.695,3,4,3,4,3,2,3,2,40,24,31,34,15,35,13,25,27,24,31,38,40,30,40,18,8,73,13,97,19,123,24,75,29,99,44,125,19,55,long
27.846,3,3,3,3,3,3,3,3,49,-9,49,22,64,30,88,30,72,30,41,30,49,22,64,30,56,69,72,100,80,147,41,69,33,100,9,124,49,46,cut
20.571,3,2,3,2,3,2,3,3,58,-2,42,21,42,21,42,36,58,52,42,21,42,36,58,52,18,52,34,82,50,98,26,52,18,75,3,82,34,36,lob
25.435,3,2,3,2,3,4,3,3,50,-2,50,21,50,21,57,37,73,45,42,21,50,37,65,45,42,68,65,108,81,147,42,68,65,100,3,123,42,45,cut
4.169,2,1,2,2,3,2,3,2,49,3,53,17,44,22,34,37,18,50,77,19,91,24,101,29,48,57,39,73,26,94,71,57,81,76,90,85,59,43,netplay
15.951,2,2,2,2,2,2,2,2,8,-7,24,16,32,16,32,32,8,47,16,24,24,39,32,47,48,47,56,86,80,109,40,55,56,86,80,109,40,32,lob
90.186,3,3,3,3,3,2,3,2,9,3,24,27,16,34,9,42,9,27,32,34,9,34,9,27,39,74,62,105,47,137,24,74,16,113,9,137,32,58,smash
17.64,3,3,3,3,3,3,3,3,92,-1,76,22,76,22,84,37,100,45,69,22,76,37,92,37,45,45,38,67,6,83,61,45,76,60,84,83,61,37,netplay
25.219,3,2,3,3,3,2,3,2,55,1,47,25,63,33,63,41,40,33,40,25,24,25,1,17,55,73,47,88,55,96,40,73,24,104,32,136,47,49,lob
31.744,3,3,3,5,3,2,3,2,89,9,77,11,59,7,57,-2,63,-3,72,23,60,32,55,24,31,40,22,64,19,93,50,47,50,65,67,76,51,24,long
24.815,2,3,3,3,3,4,3,3,32,-2,40,13,24,21,16,29,9,44,48,13,55,29,55,37,32,37,24,52,16,75,48,37,63,60,79,75,40,29,netplay
11.412,2,2,2,2,3,2,3,3,73,-7,73,16,58,24,34,32,50,24,89,24,105,40,113,63,73,71,81,110,89,133,89,71,89,110,113,141,73,48,netplay
16.818,2,2,2,2,2,1,2,1,25,-2,25,14,18,14,2,38,2,54,33,14,33,22,41,30,2,46,18,70,10,94,18,46,33,54,41,78,18,30,lob
7.115,2,2,2,2,2,2,2,3,20,-1,28,22,12,22,-3,38,-3,61,35,22,43,38,51,45,12,61,12,84,12,115,28,61,28,84,20,123,20,38,netplay
5.112,2,2,2,2,2,2,2,3,19,-6,19,26,35,26,42,50,35,65,11,34,19,57,4,65,35,73,35,105,58,136,27,73,19,113,27,152,27,57,netplay
21.366,2,1,2,1,2,2,2,2,22,-9,22,15,7,15,7,39,-1,39,38,23,45,39,30,31,15,55,15,95,7,119,30,55,38,87,38,111,22,39,lob
7.661,2,2,2,2,3,2,3,2,0,-1,15,14,7,22,15,38,15,53,22,14,15,53,37,7,30,53,30,84,22,115,30,53,22,84,15,107,22,38,long
22.32,2,1,2,2,3,2,2,2,19,-2,27,13,19,21,12,28,4,36,42,13,50,21,57,36,27,44,27,67,27,90,42,44,50,67,35,82,35,28,lob
76.776,2,2,2,2,2,3,2,2,70,10,68,32,48,32,27,24,5,9,84,34,110,40,115,57,64,90,48,117,26,152,92,88,110,121,133,146,74,65,drive
26.021,2,2,3,3,2,2,2,3,41,1,41,17,33,25,49,33,49,33,41,25,56,33,56,25,33,65,17,89,2,113,49,57,64,81,72,105,41,41,netplay
9.467,3,3,3,3,3,2,2,2,48,3,56,19,78,18,96,13,109,5,44,31,38,47,19,66,76,75,90,96,101,122,53,79,42,114,33,138,64,58,netplay
23.24,3,1,3,2,3,2,3,2,42,-11,34,13,34,13,50,21,58,21,26,13,50,21,58,21,10,45,34,61,42,85,10,45,18,69,2,69,26,29,lob
46.33,3,2,3,3,3,3,3,3,44,-10,44,21,44,29,75,44,98,44,36,29,44,44,98,44,36,68,51,83,67,122,44,76,28,83,20,91,44,52,drive
32.636,2,3,2,3,3,2,2,2,21,4,33,8,30,18,20,28,2,37,39,3,57,5,57,16,57,32,42,30,31,47,75,27,82,48,115,54,54,21,lob
75.605,2,3,2,3,2,2,2,2,29,28,45,42,56,32,60,10,60,-7,40,59,54,58,59,42,85,90,109,117,108,147,55,93,40,114,12,139,63,67,smash
50.055,2,3,3,3,2,2,2,2,53,2,54,13,42,22,43,34,58,41,61,14,58,26,52,31,29,34,24,51,11,67,56,38,69,50,80,68,45,30,netplay
15.763,3,3,3,2,2,2,2,2,33,3,25,27,33,35,41,59,57,59,9,27,9,43,25,51,25,83,33,123,25,155,9,83,9,123,9,155,17,59,netplay
6.146,3,2,3,2,3,2,2,2,36,-1,28,22,13,22,-3,30,13,38,43,22,59,22,74,22,20,53,13,77,13,100,36,53,43,69,43,84,28,38,netplay
4.651,3,2,3,3,3,1,3,2,88,9,72,32,80,40,88,48,96,56,65,25,49,25,34,17,57,63,88,71,80,94,42,63,26,86,11,110,57,48,netplay
21.078,3,1,3,2,3,2,3,2,43,4,35,15,39,27,52,34,62,39,24,21,12,25,7,35,12,61,29,67,36,97,2,55,-4,81,-20,83,17,41,lob
30.312,3,2,3,2,3,2,2,2,8,75,25,72,32,62,25,33,10,9,43,80,53,65,53,55,85,108,99,115,114,146,58,108,44,132,28,137,66,87,long
57.949,3,2,3,2,3,3,3,3,103,0,99,21,99,40,119,54,141,59,87,18,69,20,84,30,63,63,91,73,109,106,59,59,59,82,22,89,73,47,cut
63.126,3,3,3,2,3,3,3,3,91,20,82,32,73,24,66,15,65,8,86,44,104,51,101,40,54,51,35,71,15,89,75,62,87,79,106,97,70,47,rush
19.615,3,2,3,3,3,2,3,2,61,-7,69,17,85,17,108,17,116,17,53,24,45,40,22,48,77,71,93,95,108,126,61,71,30,103,14,134,69,48,netplay
23.175,3,2,3,2,3,2,3,2,41,-2,33,21,33,21,41,37,56,37,25,21,41,37,56,37,18,60,33,75,41,98,18,52,18,83,-13,83,25,37,lob
72.412,3,2,3,2,3,3,3,3,66,-3,51,29,43,29,66,60,98,68,59,29,51,44,90,68,27,60,51,84,74,115,43,60,43,92,11,100,43,44,long
60.126,3,3,3,3,3,3,3,3,89,14,75,30,67,19,69,11,73,-1,83,43,86,57,88,44,43,52,32,77,15,101,64,59,73,85,94,101,63,45,smash
26.096,3,2,3,2,3,3,3,3,56,13,59,36,54,41,34,45,8,53,70,39,93,41,100,64,112,65,127,100,161,117,91,69,65,80,68,117,87,52,netplay
12.574,2,3,3,3,2,4,2,4,46,-7,46,24,61,24,77,48,92,40,30,24,15,40,23,32,54,71,69,86,61,125,38,63,15,94,15,133,46,48,cut
74.821,2,3,3,3,2,3,2,3,16,0,16,23,8,31,8,46,8,62,31,23,39,31,39,54,16,54,8,77,8,100,31,54,39,77,46,100,23,39,netplay
2.535,3,3,3,3,3,3,3,3,9,0,33,24,49,16,57,39,65,55,17,32,25,55,41,55,65,71,89,87,73,126,41,71,25,110,9,149,41,47,lob
50.292,3,3,3,3,3,2,3,2,45,0,37,24,29,24,14,32,14,48,53,24,61,40,61,48,29,48,21,72,-2,96,45,48,53,72,69,96,37,40,smash
44.745,3,2,3,2,3,3,2,3,71,-8,63,16,79,24,87,55,102,47,47,24,32,40,24,47,71,63,87,95,110,126,47,63,24,95,8,134,63,47,drive
21.091,2,3,3,3,3,2,2,2,24,7,29,19,28,24,24,27,17,25,42,28,46,37,48,50,44,60,26,76,37,93,60,56,76,72,101,89,42,43,cut
19.939,2,3,2,3,2,2,2,2,32,1,48,24,48,24,48,40,32,40,48,24,48,40,24,40,64,55,32,63,24,94,72,55,80,94,112,117,56,40,lob
42.892,2,3,2,3,2,2,2,2,31,4,33,15,26,23,22,31,19,20,37,16,29,21,19,13,35,67,34,87,53,106,47,64,49,83,69,105,35,44,long
25.232,2,4,2,4,2,2,2,2,41,2,49,26,34,26,18,34,3,34,57,34,49,58,64,42,49,74,64,113,41,145,49,74,64,105,72,129,49,50,long
33.885,3,3,3,3,3,4,3,3,14,50,30,73,38,73,61,50,61,26,14,81,14,65,14,57,53,129,61,176,61,223,30,129,22,168,6,200,38,105,cut
24.141,2,2,2,2,3,2,2,3,14,-3,22,5,14,13,14,29,14,37,30,5,38,21,38,21,22,37,14,45,7,68,38,37,38,37,53,60,22,21,lob
100.801,2,3,2,3,2,3,2,3,38,35,54,46,67,32,62,7,47,-12,54,66,68,59,73,44,106,97,127,113,117,150,73,99,55,122,20,143,84,71,cut
38.099,2,3,3,3,2,3,2,3,-2,10,22,26,14,33,54,10,22,26,30,26,46,10,38,18,30,80,30,120,14,159,46,73,54,120,30,167,30,49,long
43.318,3,3,3,4,3,2,2,2,47,15,37,26,23,22,18,10,24,2,40,40,48,36,48,29,10,63,7,87,16,114,26,65,33,88,49,107,23,47,cut
13.097,3,4,3,4,3,2,3,2,48,-5,48,27,64,27,71,19,79,11,40,27,17,35,1,35,56,74,64,97,64,129,40,74,24,113,32,145,48,50,netplay
21.98,2,2,2,2,2,2,2,2,28,-10,36,13,20,13,20,37,4,52,44,13,52,13,60,44,28,44,20,60,12,83,44,44,60,60,60,83,36,29,lob
25.906,3,3,3,3,3,3,3,3,28,-8,36,23,43,23,51,31,75,23,36,23,43,39,51,31,51,70,75,110,90,149,36,70,36,102,4,125,43,47,cut
29.212,2,1,2,2,3,2,3,3,27,-2,27,14,20,22,12,38,20,54,43,22,50,22,43,14,27,54,20,77,4,101,43,54,50,61,58,77,35,38,lob
45.628,2,2,2,2,2,2,2,2,22,-6,22,18,30,26,46,41,54,65,14,26,22,49,-2,10,38,73,46,112,30,151,30,73,46,112,62,151,30,49,long
43.2,3,5,3,5,2,2,2,2,52,13,45,18,28,18,20,7,26,4,52,29,43,41,43,35,14,57,9,82,12,112,30,60,34,78,49,100,28,41,long
23.945,3,4,3,5,3,2,3,2,11,10,20,28,45,33,71,19,58,21,9,34,5,44,9,26,37,84,32,124,26,161,19,80,23,108,13,143,28,61,long
19.524,3,4,3,5,3,2,3,2,87,-8,87,16,103,23,127,31,143,23,79,16,63,31,39,39,87,62,111,86,135,117,71,62,39,94,15,117,87,39,netplay
25.873,2,1,2,2,3,2,3,2,36,3,39,17,27,25,21,40,13,50,56,15,69,19,71,35,33,55,27,73,16,96,56,56,64,74,67,86,43,43,lob
24.067,2,2,2,2,2,3,2,3,55,0,62,32,47,24,23,24,8,24,70,32,86,48,101,71,55,79,31,103,23,142,70,79,86,119,117,134,62,55,cut
25.635,2,2,2,2,2,2,2,3,37,5,41,22,31,25,24,42,17,60,51,16,60,13,71,22,33,51,23,62,17,84,49,46,51,68,57,73,41,37,lob
90.14,2,2,2,2,2,2,2,2,7,25,24,33,44,32,59,9,52,9,29,51,39,48,48,38,74,80,82,111,86,156,54,83,47,112,32,140,57,61,smash
26.963,2,2,3,3,2,3,2,3,39,-2,47,21,39,21,31,28,15,36,63,21,79,28,55,44,55,44,47,51,39,74,79,44,103,51,127,67,63,28,netplay
92.052,3,3,3,3,3,3,3,3,6,56,22,68,44,64,57,39,65,8,15,86,38,93,53,88,69,127,84,161,66,193,43,126,33,158,25,192,49,101,smash
21.794,2,3,3,3,3,3,3,3,40,0,47,23,32,31,32,39,40,55,63,23,71,31,71,47,47,47,24,70,0,86,55,47,63,70,71,86,47,39,netplay
8.996,3,3,3,3,3,2,3,2,6,-7,6,17,14,17,14,33,6,97,-2,17,6,41,6,97,21,65,21,97,21,105,21,65,21,97,45,129,14,41,netplay
17.192,2,2,2,2,2,2,2,2,27,8,35,22,21,28,21,42,14,55,44,15,53,11,63,9,30,49,18,55,14,74,43,46,46,57,49,63,36,38,lob
21.211,2,2,3,3,3,3,3,4,34,-1,42,15,34,23,18,38,3,38,57,15,65,23,73,30,50,38,42,54,42,77,65,38,89,54,112,70,50,30,netplay
24.078,2,2,2,2,2,2,2,2,45,1,45,25,52,25,29,17,14,1,45,33,37,41,22,41,52,72,29,96,14,112,52,72,52,112,83,135,52,49,lob
90.519,2,3,2,3,2,2,2,2,28,0,26,13,17,23,5,22,18,15,36,20,46,35,33,39,15,61,9,81,18,90,33,59,40,84,58,107,22,44,smash
36.503,2,4,2,3,3,3,2,3,61,-3,59,18,49,22,30,21,6,23,62,24,86,30,97,53,88,70,101,98,136,138,65,70,54,102,40,138,76,49,lob
81.108,3,3,3,3,3,3,2,2,77,12,63,19,46,17,39,9,55,8,67,36,60,52,49,54,28,52,20,81,13,103,39,58,43,82,58,93,43,39,smash
43.206,3,3,3,3,3,3,2,3,41,-8,48,24,64,24,79,24,87,8,33,31,33,47,33,39,64,63,95,94,118,118,48,71,25,86,9,118,56,47,lob
65.474,2,3,3,3,3,2,2,2,48,4,49,22,35,27,15,22,20,9,60,26,71,26,75,43,44,61,24,80,24,106,64,65,77,85,96,97,52,48,drive
18.05,2,3,2,3,2,2,2,2,65,-8,65,24,57,16,33,24,9,24,73,24,81,40,89,55,89,63,65,95,73,126,97,63,121,87,153,110,81,47,cut
7.005,2,1,2,2,2,2,2,2,33,3,35,16,24,25,20,37,10,43,50,19,62,28,72,27,26,60,19,79,13,106,49,61,53,82,56,88,37,46,netplay
11.294,2,2,2,2,2,2,2,2,1,2,17,17,25,17,33,33,33,33,9,25,9,41,25,49,49,49,49,80,80,103,41,56,49,80,72,103,33,41,lob
35.282,2,3,2,3,3,2,2,2,42,-2,44,21,34,27,11,32,6,48,50,24,70,34,86,54,86,63,103,92,131,115,63,69,43,93,31,128,62,47,lob
78.911,2,3,2,3,2,3,2,3,36,3,31,15,10,24,3,23,14,18,41,25,44,35,42,45,7,56,13,84,23,114,25,59,30,82,40,111,20,40,smash
17.241,2,3,2,3,3,3,2,3,135,-3,127,15,140,26,157,44,175,60,110,20,87,30,91,41,106,69,142,69,115,94,79,64,53,84,24,98,109,48,netplay
23.874,3,2,3,2,3,2,3,2,44,-10,36,14,29,14,29,29,52,37,36,14,44,29,52,37,13,45,29,68,36,84,21,45,13,68,5,76,21,29,lob
30.087,3,2,3,2,2,3,2,2,-7,8,16,14,25,14,47,20,21,27,24,18,32,14,28,1,54,59,63,94,62,134,48,55,54,80,32,112,46,43,long
62.081,3,3,3,3,2,3,2,3,44,1,41,11,25,17,17,18,28,12,44,17,45,36,43,28,13,54,15,75,21,103,29,54,30,80,38,105,23,38,long
22.335,3,3,3,3,3,3,3,2,83,-7,83,25,67,25,44,33,36,17,99,25,122,33,137,25,67,73,106,89,91,129,52,73,36,97,5,121,67,49,cut
25.94,3,2,3,2,3,2,3,2,59,2,53,13,44,25,45,40,56,53,45,15,51,29,57,40,19,48,30,63,33,91,35,53,23,68,10,77,33,40,lob
50.052,3,2,3,2,2,3,2,2,8,28,30,35,47,27,58,14,54,-1,34,43,36,33,37,14,77,75,83,107,79,148,58,76,53,101,39,120,59,56,smash
18.982,2,3,2,3,2,3,2,3,29,6,45,22,37,22,21,29,-2,29,53,14,76,22,68,52,60,44,37,60,21,75,76,44,92,60,115,82,60,29,netplay
3.783,2,3,2,3,2,2,2,2,46,-6,54,17,62,17,62,25,54,48,39,25,23,33,8,33,70,64,62,87,62,118,54,64,54,87,62,125,54,40,netplay
5.157,2,3,2,3,2,2,2,2,29,-2,29,14,21,22,5,37,-3,53,44,14,52,22,60,37,21,45,37,77,37,77,37,45,44,61,44,77,29,30,netplay
60.213,2,4,2,4,2,2,2,2,40,5,37,19,20,16,9,9,12,-2,49,30,48,40,45,51,12,60,14,85,17,110,29,65,28,86,29,112,26,46,smash
27.644,2,3,2,3,2,2,2,2,48,-8,71,15,79,23,71,31,87,46,63,15,32,31,9,31,103,54,95,85,79,116,95,54,63,85,79,116,87,39,lob
29.202,2,4,2,5,3,2,2,2,22,8,20,21,13,31,13,40,17,22,24,26,31,19,21,6,17,68,22,92,25,118,26,65,26,92,49,103,19,45,cut
7.047,2,3,2,3,2,2,2,2,17,3,28,20,41,21,26,30,15,39,29,32,29,50,22,68,69,66,39,71,24,99,60,69,76,98,100,118,57,48,netplay
4.569,2,1,2,2,2,2,2,2,32,3,34,16,23,25,19,37,9,43,49,19,61,28,71,27,25,60,18,79,12,106,48,61,52,82,55,88,36,46,netplay
17.034,2,2,2,2,2,1,2,2,8,2,16,18,32,26,40,42,32,42,16,26,24,42,24,49,40,57,24,73,8,89,32,57,48,89,72,112,32,42,lob
48.664,3,4,3,4,2,2,2,3,3,51,34,59,34,51,49,27,42,11,34,51,49,19,42,11,49,99,42,131,26,155,65,99,65,139,57,179,49,75,cut
28.896,2,3,3,2,2,3,2,3,80,0,72,24,64,24,48,39,48,47,72,24,72,39,88,47,48,47,32,71,16,86,64,47,80,63,80,94,64,32,netplay
16.594,3,3,3,3,3,2,3,2,71,1,71,25,86,25,118,25,142,17,63,25,47,41,31,57,63,73,86,96,110,128,47,73,23,104,-1,128,63,49,netplay
21.515,2,2,2,2,3,2,3,2,43,-2,35,14,19,14,19,30,4,46,43,14,43,38,58,62,27,46,19,54,4,78,35,46,50,46,58,62,35,30,lob
33.594,2,2,2,2,2,3,2,3,15,62,32,68,48,61,59,35,50,19,32,84,40,69,36,50,79,126,86,159,85,199,57,124,45,153,21,177,61,101,long
27.786,2,4,2,3,2,2,2,3,40,8,35,19,21,25,9,22,3,10,45,30,55,41,55,36,25,65,20,79,14,96,42,67,42,85,65,103,36,50,cut
5.173,2,3,2,3,2,2,2,2,15,4,21,25,32,25,16,30,6,39,21,32,26,41,19,52,59,69,34,74,22,101,45,74,51,108,76,125,43,56,netplay
21.781,2,1,2,1,2,2,2,2,29,-2,37,14,29,22,21,38,6,54,52,14,67,14,83,30,37,46,29,70,21,94,52,46,60,78,52,110,44,30,lob
54.923,2,2,3,2,3,3,3,3,54,0,54,24,62,32,94,32,117,24,38,32,38,40,54,24,62,79,86,111,102,150,46,79,31,103,7,134,54,55,cut
22.388,3,3,3,3,3,2,3,3,60,2,58,20,70,30,93,28,109,29,41,22,24,32,20,47,47,63,62,80,72,108,32,63,29,83,17,101,45,44,netplay
18.589,3,3,3,3,3,2,3,2,47,-7,39,17,47,25,47,33,39,25,32,17,9,17,9,17,47,57,55,73,47,97,32,57,16,89,16,121,39,41,lob
6.725,3,2,3,2,3,3,3,3,26,1,34,24,49,32,65,56,72,79,18,32,3,56,11,48,49,79,49,118,49,149,26,79,18,118,18,157,34,56,netplay
18.096,3,2,3,2,2,2,3,2,34,-10,26,13,18,13,11,21,3,44,42,13,57,13,65,29,18,36,18,59,18,82,34,36,42,59,34,82,26,21,lob
12.938,3,2,3,2,2,1,2,1,57,-16,34,7,19,14,4,30,4,45,42,14,34,30,34,45,11,45,4,83,4,106,27,45,27,76,27,106,27,30,netplay
14.553,3,3,3,2,2,2,2,2,56,3,41,26,49,34,49,42,17,34,25,26,10,34,17,34,33,65,33,104,33,142,17,65,17,104,25,142,33,42,long
23.84,3,3,3,3,3,2,3,2,54,1,54,25,69,33,69,49,54,57,46,25,46,49,30,57,69,73,77,104,85,144,54,73,22,104,7,144,54,49,lob
28.286,3,3,3,4,3,2,3,2,63,18,50,27,38,21,37,7,42,-2,55,40,47,47,45,34,15,65,14,88,22,116,31,66,41,87,61,103,32,43,cut
14.129,3,3,3,3,3,2,3,1,45,2,45,26,37,34,21,49,5,65,61,26,77,18,85,2,37,73,21,105,21,136,53,73,69,89,69,112,45,49,netplay
19.924,2,1,2,2,3,2,3,2,33,8,42,25,33,32,25,44,16,57,50,18,61,17,68,32,38,56,29,71,17,97,57,52,66,72,72,81,48,43,lob
31.545,2,2,2,2,2,2,2,3,16,52,39,75,31,83,70,44,70,20,47,68,70,44,70,20,55,115,39,155,16,178,70,115,94,147,86,194,55,91,cut
12.146,2,2,2,2,2,3,2,3,33,1,36,15,25,21,18,39,7,61,43,6,60,4,80,7,29,34,20,48,15,64,44,33,49,44,55,55,36,26,netplay
20.888,2,3,2,3,2,1,2,2,49,-5,49,19,64,27,64,27,49,27,41,27,18,27,3,19,64,67,72,83,72,99,49,67,34,91,34,123,57,43,lob
83.473,2,3,2,3,2,2,2,2,31,12,36,26,32,34,18,42,2,49,42,22,58,26,49,32,69,46,47,50,40,67,67,50,80,60,89,79,52,38,cut
15.293,2,2,3,2,3,2,3,2,14,-1,25,17,17,31,27,48,16,62,38,13,47,25,54,32,30,63,27,85,24,111,46,63,42,85,38,114,38,49,long
66.504,3,4,3,3,3,3,3,3,49,4,38,12,27,17,9,10,27,8,38,19,41,27,48,22,17,60,22,81,38,97,27,61,19,84,21,114,24,45,smash
22.979,3,3,3,3,3,2,3,2,119,0,103,23,111,31,135,54,151,69,87,15,55,23,39,23,79,62,111,77,143,108,63,62,39,85,7,108,87,46,netplay
18.013,3,2,3,2,3,2,3,2,41,-2,26,14,26,14,18,29,26,45,26,14,26,29,26,29,10,37,18,53,26,76,18,37,18,53,18,76,18,21,lob
21.157,3,2,3,3,3,3,3,3,99,5,84,13,84,13,99,28,107,36,76,13,84,21,99,36,60,36,84,51,99,74,52,36,37,43,13,51,68,28,lob
44.255,3,2,3,3,3,3,3,3,58,2,58,34,74,34,97,18,97,10,43,34,27,34,35,18,66,82,74,129,82,169,50,82,27,121,11,161,58,58,long
71.017,3,3,3,4,3,3,3,3,62,10,48,15,33,9,25,-5,32,-11,50,27,49,42,56,30,13,58,8,80,6,109,31,60,36,78,54,94,26,47,smash
15.099,3,2,3,2,2,3,2,2,-1,0,6,24,-1,24,14,31,22,16,14,24,30,31,30,16,14,63,14,94,6,118,22,63,22,94,22,125,14,39,long
63.807,2,2,3,2,2,3,2,4,23,5,28,30,45,27,54,27,39,37,10,52,14,44,32,45,59,91,67,121,72,158,34,93,27,129,24,166,43,63,smash
20.11,2,2,2,3,2,3,2,3,21,-1,28,23,13,23,13,38,13,46,44,23,60,23,76,31,28,46,13,62,5,93,44,46,60,70,83,85,36,38,netplay
22.592,2,2,2,2,2,2,2,2,7,-7,7,16,14,16,22,32,14,40,7,24,7,40,14,48,30,63,14,94,30,110,22,63,14,102,30,110,14,40,lob
48.005,2,3,2,3,2,2,2,2,44,2,42,13,33,19,18,23,9,30,48,22,54,36,40,32,33,56,24,73,25,91,46,60,35,81,57,97,41,42,cut
14.54,2,3,2,3,3,2,2,2,32,-5,40,19,55,27,78,11,86,11,32,27,17,43,1,59,55,75,48,107,63,131,32,75,24,107,24,147,40,51,netplay
16.58,3,1,3,2,3,2,2,2,92,22,77,20,69,26,78,43,93,49,76,17,67,7,56,11,38,23,55,31,66,59,47,25,38,44,15,41,52,16,lob
14.864,2,2,3,2,3,2,3,2,18,5,26,20,18,36,28,49,18,64,44,18,49,27,56,33,31,67,28,89,27,111,48,66,47,90,40,119,39,49,long
59.035,3,2,3,3,3,4,3,3,1,34,17,58,17,66,48,34,48,82,25,58,48,26,56,10,33,114,40,162,33,202,25,114,17,154,17,194,25,90,long
30.82,3,2,3,3,3,3,3,3,34,8,36,23,47,27,67,13,82,-2,26,30,11,42,8,57,33,75,42,99,30,130,21,75,25,99,16,124,31,58,long
27.639,3,3,3,3,3,2,3,2,32,41,32,60,54,56,70,38,76,20,18,72,31,81,44,88,49,125,50,162,32,186,27,121,24,152,21,178,37,96,cut
38.695,2,3,3,3,2,5,2,5,1,39,17,70,32,62,47,39,62,16,9,78,17,78,17,70,47,117,62,156,40,195,24,117,24,164,9,203,32,94,long
34.575,2,5,2,3,2,2,2,2,47,3,39,27,23,19,7,11,31,19,47,35,47,51,31,43,23,59,7,75,7,99,31,59,31,91,39,123,31,43,cut
23.818,2,4,2,3,3,2,3,2,75,-8,67,24,83,32,91,39,107,39,51,16,35,24,43,32,67,55,91,71,99,87,51,55,35,79,19,110,59,39,lob
31.597,3,5,3,5,3,2,3,2,33,19,25,43,17,43,10,51,17,51,25,43,33,59,33,67,10,75,10,91,17,115,25,75,33,91,48,107,17,59,long
30.334,3,3,3,3,3,3,3,3,56,-9,56,22,72,30,104,30,119,30,40,22,25,38,40,30,56,77,72,116,80,147,40,77,48,108,17,131,56,53,cut
7.768,3,2,3,2,3,3,3,3,58,-2,50,13,50,13,58,21,65,29,42,13,27,21,50,21,27,44,42,67,50,90,27,44,19,60,3,67,34,29,netplay
5.049,3,2,3,2,3,1,3,2,52,-5,52,26,60,26,52,41,44,41,36,26,20,41,12,41,60,72,68,80,68,103,44,72,28,95,28,126,52,49,netplay
4.298,3,1,3,2,3,1,3,1,50,0,46,16,36,25,41,40,60,49,38,17,52,27,67,33,23,63,42,78,44,110,22,60,25,87,6,105,26,44,netplay
16.58,3,2,3,2,3,1,3,1,41,4,33,35,41,35,2,-19,2,11,18,42,10,58,2,58,41,81,49,104,56,120,25,81,10,112,18,135,33,66,lob
57.782,2,2,3,2,3,3,3,3,11,24,27,56,42,48,58,32,65,9,19,64,27,64,58,79,50,103,58,150,50,189,34,103,34,150,27,189,34,79,cut
45.974,3,2,3,2,3,3,3,3,53,0,48,14,47,28,63,33,87,43,42,16,30,16,31,27,14,51,32,70,10,86,30,43,45,60,33,86,25,35,lob
43.135,3,2,3,2,3,2,2,2,-6,23,5,35,25,27,30,13,23,-4,5,50,18,51,19,35,56,72,71,108,75,138,38,77,40,108,37,135,36,56,smash
14.452,2,3,2,3,3,2,3,2,47,4,39,28,47,36,32,28,24,12,24,28,0,20,8,4,32,75,39,107,39,138,16,75,16,115,24,146,32,52,long
30.046,2,5,2,3,2,2,2,2,48,-7,33,9,25,9,10,-7,17,1,40,17,40,33,33,49,17,41,2,65,2,88,25,49,33,72,40,104,25,25,cut
9.826,3,3,3,3,3,2,3,2,104,17,80,32,88,40,104,48,120,56,73,17,49,9,41,1,65,63,88,56,88,79,49,56,33,79,10,87,73,40,netplay
53.72,2,3,3,2,2,3,2,3,4,42,27,66,34,58,50,27,50,11,19,74,34,82,50,82,57,113,80,152,65,192,42,113,34,152,11,184,34,89,smash
21.178,2,2,2,2,2,3,2,3,33,3,44,17,39,23,23,34,6,39,51,9,75,1,89,8,76,32,52,32,33,51,96,26,110,38,142,50,67,23,netplay
35.536,2,3,2,2,2,1,2,2,36,3,44,27,60,27,68,3,68,-13,36,35,20,51,-4,59,76,67,60,99,60,115,60,75,52,107,44,139,60,51,rush
13.413,3,2,3,2,3,2,3,2,19,-3,27,19,18,27,39,44,25,50,33,16,38,12,52,9,17,51,27,65,34,96,33,53,32,79,5,86,30,36,netplay
23.631,3,3,3,3,3,2,3,2,56,-6,49,18,64,26,72,34,88,42,41,18,17,34,1,42,56,65,72,81,80,97,41,65,33,89,25,120,49,42,lob
71.262,2,4,2,3,3,2,2,2,67,2,60,17,49,23,27,17,16,4,69,24,73,45,62,46,50,57,37,74,21,94,63,59,74,85,90,106,57,44,smash
28.93,2,3,2,3,2,2,2,2,45,-6,61,25,68,25,76,33,76,56,53,25,29,25,6,17,76,72,68,110,92,134,61,72,45,103,45,141,61,48,lob
28.376,2,4,2,3,2,2,2,3,21,-7,29,16,21,16,5,16,-3,8,37,16,45,31,37,47,21,47,21,62,21,85,37,47,29,69,37,92,29,31,cut
24.362,2,3,2,3,2,2,2,2,22,0,28,18,35,21,20,29,5,35,26,34,29,48,22,66,55,71,31,76,18,101,45,80,52,105,77,120,48,55,lob
30.713,2,4,2,3,2,2,2,2,44,0,36,18,29,24,10,24,9,8,44,27,45,42,32,48,17,62,14,79,16,98,35,61,32,90,46,109,27,46,cut
24.179,2,4,3,3,3,2,3,2,62,-8,54,24,70,32,86,39,102,55,38,16,14,24,6,16,62,63,78,71,86,87,38,55,30,79,22,102,54,39,lob
32.619,2,5,3,3,3,2,3,2,40,-4,33,6,32,13,37,20,47,12,35,12,43,29,34,35,20,52,3,67,14,87,37,58,36,84,42,110,31,39,cut
23.81,2,4,3,3,3,2,3,2,54,-7,54,17,62,24,70,40,78,48,38,17,22,32,6,40,62,48,70,64,78,87,38,56,30,79,30,103,46,40,lob
25.632,2,3,3,3,3,3,3,3,65,-9,65,22,80,30,104,30,112,22,49,22,33,38,41,30,65,69,96,108,96,147,49,69,41,108,9,131,65,46,cut
15.912,3,2,3,2,3,3,3,3,72,2,68,16,60,27,76,45,88,62,63,13,49,15,49,22,41,50,59,64,74,85,40,49,44,72,12,75,44,38,netplay
12.999,3,2,3,2,2,1,2,2,20,6,27,21,37,24,29,35,16,45,30,38,40,44,57,51,68,67,42,71,24,94,57,74,71,93,93,109,54,47,lob
21.936,2,3,3,4,3,2,2,3,27,1,42,25,42,25,50,40,58,64,35,25,42,48,42,64,66,64,90,95,121,119,58,64,27,87,19,127,50,48,netplay
24.49,2,2,2,2,2,2,2,2,32,4,36,21,26,30,18,46,-2,39,52,21,71,24,90,26,37,58,28,73,31,105,55,60,61,95,47,92,42,46,lob
14.896,2,2,2,2,3,2,3,2,1,0,9,16,9,24,9,31,17,47,25,16,33,24,41,31,17,55,17,86,9,110,33,55,33,86,25,117,17,31,long
64.911,3,3,3,3,3,3,3,3,-5,34,19,65,27,57,43,34,51,10,11,73,11,97,19,113,51,113,59,160,59,199,27,113,35,168,35,199,27,89,cut
32.929,3,3,3,3,3,3,3,3,60,-1,44,14,29,7,13,14,13,14,37,7,21,7,44,22,13,38,29,61,13,76,21,38,29,61,13,76,29,22,lob
46.008,3,3,3,3,3,3,2,3,23,42,45,51,57,40,40,25,15,16,50,59,63,58,71,49,96,71,112,99,123,135,72,81,56,104,33,125,79,59,cut
17.889,2,2,2,2,2,3,2,3,46,0,54,24,70,24,86,31,94,39,38,24,23,31,-1,31,70,55,86,86,109,118,54,63,46,78,38,118,62,47,netplay
12.946,2,2,2,2,2,2,2,2,9,0,33,16,40,8,56,24,40,64,33,24,17,40,1,48,80,32,80,64,95,88,72,32,56,40,48,64,56,24,netplay
22.789,3,1,3,2,2,2,2,2,54,1,48,14,44,24,57,27,73,34,40,23,49,31,58,32,21,52,40,62,57,86,35,53,24,71,-1,74,36,39,lob
43.626,3,2,3,2,3,4,2,3,47,-1,63,31,78,39,102,31,126,15,55,31,55,23,55,55,63,79,78,118,78,158,47,79,31,118,8,142,63,55,long
24.497,3,3,3,5,3,3,3,2,87,25,73,28,64,18,59,4,67,-9,71,40,57,50,49,41,39,60,23,78,18,113,56,64,61,86,78,96,51,47,cut
7.817,3,3,3,3,3,2,3,2,55,-7,47,24,55,24,63,48,55,48,32,24,16,32,16,40,47,55,63,63,63,86,32,55,24,79,16,110,40,40,netplay
11.033,3,2,3,2,3,2,3,2,60,-1,57,14,47,22,48,47,64,53,51,20,55,37,53,53,26,52,42,67,49,97,34,55,33,77,11,88,36,40,lob
66.004,2,5,2,3,3,2,2,2,51,6,42,21,31,21,10,11,-2,-3,51,31,48,51,38,49,28,60,20,78,22,93,43,65,35,86,51,114,37,48,smash
17.223,2,4,2,3,3,2,2,2,37,-22,45,9,29,9,13,16,-11,24,45,16,61,32,53,47,77,55,93,86,125,117,69,55,29,78,37,117,53,32,netplay
16.297,2,2,2,2,2,2,2,2,23,3,24,17,14,30,12,44,11,56,44,18,58,24,74,32,25,57,12,70,17,100,44,59,51,84,38,89,32,44,netplay
9.702,2,2,2,2,3,1,3,2,67,-7,59,25,75,33,83,41,99,49,44,17,28,25,12,25,59,65,83,73,83,81,44,57,28,81,20,105,52,41,netplay
53.687,2,2,3,3,2,3,2,3,-6,43,18,75,26,67,42,43,50,11,10,83,26,91,42,91,50,123,58,171,50,211,34,123,18,171,10,203,26,99,long
75.577,2,3,2,3,2,3,2,3,63,10,53,26,43,27,23,18,7,8,59,31,52,50,40,38,37,64,26,82,16,104,50,65,55,94,76,112,45,51,smash
23.056,2,3,2,3,2,2,2,2,66,-7,50,25,66,33,73,49,89,41,35,25,20,41,27,33,58,73,73,112,89,144,35,73,20,104,4,144,50,49,lob
40.386,2,2,3,2,3,3,3,3,9,27,17,49,36,43,46,17,47,-4,10,59,-2,55,-1,25,53,102,56,140,53,179,32,105,36,147,31,185,38,79,long
31.209,2,5,2,3,3,2,2,3,36,-3,26,10,17,13,8,4,10,-7,32,18,31,27,28,10,12,63,3,77,8,92,26,64,23,82,31,115,21,45,cut
25.389,2,3,2,3,2,2,2,2,22,-7,30,17,37,17,14,24,7,24,30,24,30,48,22,56,37,63,22,87,7,102,37,63,37,102,52,126,37,48,lob
23.936,2,3,2,3,2,2,2,2,12,0,20,16,20,24,20,32,4,32,12,24,20,40,4,32,27,48,27,72,43,96,27,48,27,72,43,96,20,32,cut
6.59,2,3,2,3,2,2,2,2,29,-14,29,18,44,26,44,33,29,33,21,26,21,49,6,49,44,65,29,104,52,120,29,73,29,104,52,120,37,49,netplay
5.69,2,2,2,2,2,2,2,2,44,-5,47,13,33,22,27,39,13,50,63,13,83,10,98,14,53,51,40,69,26,85,71,49,87,69,105,79,56,35,netplay
18.662,2,2,2,2,2,1,2,2,28,-4,36,18,47,20,32,30,15,38,41,32,49,45,50,72,81,65,59,72,43,96,66,69,71,95,86,115,68,45,lob
27.521,2,4,2,3,2,2,2,2,7,-7,23,17,31,17,31,40,23,56,15,24,23,48,15,63,55,56,31,95,47,126,47,63,31,95,47,126,39,40,lob
60.878,2,4,2,3,2,2,2,2,25,-7,25,16,25,16,17,24,25,32,33,16,33,32,25,32,25,47,17,70,17,85,33,47,25,70,48,93,25,32,smash
35.532,2,3,2,3,2,2,2,2,52,-6,44,25,60,33,68,49,83,49,29,25,6,41,21,49,44,72,60,111,83,143,21,72,6,104,13,143,37,49,lob
75.39,2,3,2,3,2,2,2,2,63,17,52,32,36,30,20,22,13,6,58,39,53,57,39,51,31,69,18,95,17,113,51,75,41,97,57,127,42,58,smash
21.432,2,3,2,3,2,2,2,3,52,2,60,34,52,34,29,50,6,58,68,34,83,42,83,66,91,66,114,106,137,130,91,74,60,98,52,138,75,50,netplay
28.656,2,2,2,2,2,2,2,2,30,7,34,27,22,34,22,49,8,55,46,26,60,14,74,5,37,66,24,80,17,108,56,64,66,75,75,95,41,51,lob
27.301,2,3,2,3,2,2,2,2,65,2,58,34,42,26,26,18,11,10,73,34,65,18,65,10,58,73,50,105,58,136,73,73,89,113,104,144,65,57,cut
15.222,2,2,2,2,2,2,2,2,39,-10,39,14,31,22,23,30,7,38,54,14,62,14,78,22,39,46,31,69,23,93,54,38,70,54,78,69,47,30,netplay
17.519,2,2,2,2,3,1,3,2,60,-6,60,26,68,34,84,50,92,58,44,26,20,26,4,18,52,66,76,89,92,105,36,66,28,97,12,121,52,50,lob
37.199,2,5,2,4,2,2,2,2,37,0,30,12,15,14,0,4,10,0,38,23,35,33,28,26,11,59,8,79,11,106,25,61,20,82,26,112,20,43,long
41.337,2,3,3,3,3,4,3,3,53,-2,61,30,68,38,92,30,108,14,45,30,21,38,29,30,53,77,76,117,76,148,37,77,45,101,21,117,53,53,cut
28.531,3,2,3,3,3,3,3,3,37,-1,29,14,29,22,53,22,61,22,29,22,45,30,61,22,21,53,37,76,53,106,29,53,29,76,14,91,29,37,netplay
69.514,3,5,3,4,3,2,2,2,53,23,40,35,26,30,22,4,22,22,42,53,34,65,36,53,15,74,6,97,16,115,33,77,37,97,45,121,27,59,smash
18.685,3,3,3,3,3,3,3,2,116,8,100,31,108,39,132,54,156,54,85,23,69,15,77,15,61,62,77,93,53,124,45,54,21,85,5,116,77,46,netplay
60.621,2,3,3,3,2,3,2,3,-2,18,14,50,29,42,44,18,44,2,6,66,21,73,29,73,44,97,36,153,29,192,21,105,21,153,6,184,29,81,cut
18.835,3,3,3,3,2,3,2,3,55,-1,39,14,39,14,47,30,63,38,31,14,39,22,47,30,15,45,31,61,15,84,15,38,31,61,15,84,23,30,netplay
25.286,3,3,3,3,3,2,3,2,58,-15,50,17,66,33,81,33,97,33,35,17,11,33,3,33,50,65,66,88,81,104,35,65,19,96,19,120,50,49,lob
47.968,2,3,2,3,3,2,2,2,39,1,39,14,36,24,27,28,13,30,39,19,41,36,25,41,42,61,27,68,12,88,46,60,48,82,70,99,42,45,cut
46.045,2,3,2,3,3,2,2,2,110,-8,95,15,103,31,126,39,149,31,79,15,56,23,56,31,79,62,110,85,134,116,64,54,40,85,9,116,79,39,lob
31.778,3,3,3,3,3,2,3,2,36,-5,42,12,48,20,67,10,84,-1,32,16,17,29,13,38,34,63,37,84,20,117,27,65,31,89,31,115,35,46,long
40.405,3,2,3,3,2,3,2,3,-4,31,42,31,27,31,42,16,42,23,34,31,42,8,42,16,58,63,42,102,11,125,65,63,88,110,88,149,50,47,long
24.792,2,4,2,3,2,3,2,3,44,3,36,27,29,19,13,3,5,-13,44,27,44,51,29,51,21,59,13,83,13,99,29,59,21,91,36,123,29,43,cut
28.087,2,3,2,3,2,2,2,2,23,-6,38,18,46,18,38,41,38,57,30,25,23,41,7,57,54,64,38,96,54,119,46,64,38,96,54,127,46,49,lob
30.957,2,3,3,4,2,2,2,2,79,20,63,23,52,18,49,2,58,-8,63,34,58,39,55,24,28,57,20,80,17,113,42,61,46,81,63,95,39,43,long
19.298,2,3,3,1,3,4,3,4,43,6,51,13,51,13,51,29,51,29,51,13,67,21,51,29,74,29,59,44,43,44,82,29,59,44,183,106,67,21,netplay
15.024,2,2,2,2,2,2,2,2,16,2,40,26,48,26,32,42,32,82,40,26,24,42,8,58,80,50,95,82,127,106,72,50,48,58,32,82,64,34,netplay
28.635,2,1,2,2,2,2,2,1,37,-4,38,16,26,22,8,22,-7,19,56,21,68,29,79,36,33,60,24,79,17,109,52,57,64,78,73,92,41,45,rush
14.885,2,2,2,2,3,2,3,2,7,0,15,24,7,24,23,31,30,8,15,24,30,31,30,16,15,63,15,94,0,118,23,63,23,94,23,125,15,39,long
58.779,2,3,3,3,3,4,3,4,11,-10,19,22,35,22,50,14,50,22,3,46,19,61,27,61,50,77,42,117,50,148,27,85,35,125,50,156,35,54,cut
17.702,3,2,3,2,3,3,3,3,65,5,64,17,57,27,70,39,91,47,49,23,42,28,42,36,41,68,62,78,77,105,35,64,37,80,18,96,40,49,netplay
9.536,3,2,3,3,3,2,3,2,62,-7,47,17,62,25,70,41,78,41,39,17,23,33,31,41,47,57,62,73,54,97,31,57,23,81,15,97,47,41,netplay
18.7,3,3,3,3,3,4,3,4,20,0,28,32,43,32,59,24,82,0,12,40,5,48,20,40,43,88,43,135,43,167,28,88,35,135,51,175,28,64,cut
13.364,3,3,3,3,3,2,2,2,30,2,41,19,39,25,21,37,3,45,53,23,75,27,89,39,101,39,108,67,135,83,80,44,58,55,49,83,76,24,netplay
22.337,2,2,2,2,2,2,2,2,38,2,40,19,31,28,18,38,1,47,59,18,75,13,89,6,44,56,25,68,18,92,63,53,78,72,95,82,50,41,lob
44.436,2,3,2,2,2,3,2,4,16,37,31,53,39,44,36,21,12,2,25,69,26,55,10,49,78,97,94,113,107,147,53,105,38,132,19,166,58,76,cut
18.263,2,2,2,2,2,3,2,3,38,-1,46,23,30,23,14,39,-10,39,54,23,70,39,86,46,46,54,30,78,22,109,62,54,78,78,94,101,46,39,netplay
12.477,2,2,2,2,3,2,3,2,107,9,91,33,99,40,114,56,130,64,83,25,68,9,52,1,68,64,91,64,91,80,52,48,37,80,13,95,75,40,netplay
35.943,3,1,3,2,3,1,3,1,52,15,52,26,53,38,68,41,82,37,46,26,47,14,53,3,43,80,61,95,69,122,31,79,24,92,7,106,41,58,rush
20.837,3,1,3,1,3,1,3,2,57,3,42,34,26,26,11,19,-5,-5,49,42,49,58,42,65,26,73,34,112,65,120,34,81,19,112,34,144,34,58,lob
103.55,3,2,3,2,3,2,2,2,46,1,46,25,39,17,15,9,7,1,54,25,39,41,39,41,54,65,39,89,39,121,62,65,70,89,93,113,54,49,smash
23.505,2,3,2,4,3,2,2,2,47,1,55,25,63,33,63,48,47,56,40,33,32,48,17,64,63,80,70,111,70,143,47,72,24,111,9,143,55,56,netplay
13.529,3,2,3,2,3,2,3,3,80,1,69,17,70,26,79,33,92,41,60,16,47,16,53,25,46,53,62,55,79,84,37,48,36,67,5,69,49,39,netplay
18.097,3,2,3,2,3,1,3,2,51,-6,43,17,59,25,59,25,35,33,27,25,19,40,27,40,51,64,59,71,59,95,35,64,19,87,19,110,43,40,lob
30.773,2,3,3,3,2,4,2,4,11,-1,27,31,42,31,66,23,89,7,19,39,27,55,50,63,34,87,50,135,27,159,19,87,19,135,11,167,27,63,long
58.264,2,4,2,4,2,3,2,3,29,1,22,9,19,20,25,24,32,17,20,20,23,32,16,42,5,62,8,83,16,109,17,62,21,85,28,105,11,47,smash
29.754,3,3,3,3,3,3,2,3,89,-8,81,24,97,32,113,48,137,48,65,24,41,40,33,56,73,72,105,88,113,128,57,72,33,104,1,128,73,48,netplay
19.459,3,2,3,3,3,2,3,2,26,-1,19,22,11,22,11,38,11,30,26,22,26,38,26,38,3,61,11,84,19,100,11,61,11,84,11,77,11,46,netplay
25.859,3,3,3,3,3,2,3,2,49,2,49,25,57,33,57,48,49,48,34,25,18,25,3,33,49,64,65,79,73,95,34,64,26,87,26,110,42,41,lob
26.56,2,4,2,3,3,2,2,2,43,-7,43,16,51,24,58,32,43,32,28,16,12,16,4,9,43,55,20,70,12,85,35,47,43,78,66,93,35,32,cut
20.984,2,3,2,3,2,2,2,2,0,-6,16,18,24,18,24,42,16,58,8,26,16,42,8,58,47,58,24,66,16,90,47,58,39,98,71,106,31,42,lob
45.658,2,3,2,3,2,2,2,2,43,2,39,18,33,21,18,25,-7,23,49,23,55,39,34,31,35,62,20,76,25,93,45,65,47,88,73,100,39,47,long
34.169,2,3,2,3,2,3,2,3,11,48,20,65,39,55,41,32,40,7,15,84,21,71,10,59,62,113,71,146,71,182,37,114,30,153,17,183,44,89,long
28.622,2,4,2,3,2,2,2,2,27,-7,27,17,19,17,4,17,-4,9,34,17,34,25,27,9,19,49,12,73,19,89,27,49,27,73,42,97,27,33,cut
32.685,2,3,3,3,3,1,3,2,62,-6,62,26,77,26,93,26,108,18,46,26,31,42,15,58,62,74,77,81,85,105,46,74,23,97,15,121,54,50,lob
38.071,3,3,3,3,3,2,3,2,27,3,29,18,33,27,46,18,62,17,19,30,12,39,11,57,29,72,27,92,14,125,28,71,26,95,21,125,23,52,long
27.435,3,3,3,3,2,3,2,3,12,48,43,64,35,64,43,79,51,9,51,56,51,48,51,9,51,95,35,126,20,150,75,87,82,126,75,166,51,79,long
46.931,2,3,3,3,3,3,3,3,67,-10,59,21,59,29,91,36,115,36,51,21,35,21,107,36,43,67,75,83,91,121,43,67,51,90,11,90,51,44,cut
31.596,3,2,3,3,3,3,3,3,44,0,44,24,44,24,68,16,76,16,36,24,36,39,76,16,36,63,52,86,60,109,28,63,28,78,13,94,36,39,lob
61.711,3,3,3,3,3,3,3,3,75,6,78,36,95,45,118,49,139,43,60,33,51,51,68,47,66,86,89,118,99,152,49,83,35,108,14,130,68,61,long
36.053,3,3,3,3,3,3,3,3,32,4,32,19,38,29,55,15,71,3,25,28,17,37,27,43,30,71,27,96,13,123,29,73,36,94,36,119,32,57,long
40.171,3,3,3,3,3,3,3,3,45,0,53,39,37,39,37,46,108,8,68,31,92,23,108,8,53,85,68,124,76,163,37,78,29,109,6,132,53,62,long
36.086,2,4,2,3,3,3,2,3,37,1,37,17,29,17,21,25,-3,17,37,17,45,33,37,40,29,48,21,64,13,87,37,48,29,72,61,95,37,33,long
49.682,2,3,2,3,2,4,2,3,1,50,31,74,39,74,47,42,39,10,24,82,24,82,54,90,62,122,70,162,62,202,39,122,24,162,8,194,39,98,cut
15.118,3,2,3,3,2,3,2,3,48,-7,40,17,32,25,48,33,64,49,32,25,32,41,48,41,16,57,32,81,48,105,24,57,32,81,8,97,24,41,netplay
22.191,3,3,3,3,3,2,3,2,59,-6,59,25,67,25,75,41,82,41,43,25,27,41,12,49,59,64,67,72,67,95,43,56,27,87,20,111,51,41,lob
11.621,2,4,2,3,3,2,3,2,61,-7,61,17,69,25,85,49,92,57,45,17,22,33,22,49,69,57,77,81,92,97,45,57,29,89,22,113,53,41,netplay
8.852,3,2,3,2,3,2,3,2,50,1,43,15,32,20,40,35,56,45,46,27,51,35,57,43,17,53,35,71,46,106,30,56,28,79,9,90,27,41,netplay
4.961,3,2,3,2,3,1,3,1,63,2,58,28,75,32,84,43,99,46,38,30,26,39,10,42,64,81,75,96,79,114,46,82,28,103,23,128,57,61,netplay
18.945,3,1,3,2,3,1,3,1,29,3,26,20,20,29,41,31,55,35,17,24,14,38,23,51,6,67,19,88,30,118,-5,63,-10,78,-22,101,7,50,lob
26.187,3,2,3,2,3,3,3,2,-2,3,13,27,23,43,40,54,20,62,19,20,26,21,34,18,22,72,35,105,27,138,36,63,40,74,34,90,33,50,long
14.659,2,2,2,2,3,2,3,2,9,0,16,15,32,15,48,31,32,31,9,23,16,38,16,38,32,54,32,84,32,107,24,54,16,77,16,107,24,38,long
34.807,3,3,3,3,3,4,3,4,1,42,17,66,32,58,55,42,63,18,9,82,9,106,24,98,55,114,63,161,63,201,32,122,40,169,55,201,32,98,cut
22.604,2,2,2,2,3,3,3,3,22,7,33,24,24,30,17,40,7,49,44,17,57,5,75,-4,41,42,19,48,19,72,55,38,67,51,88,62,41,32,lob
35.867,2,3,2,2,2,3,2,3,19,52,42,68,50,60,50,28,50,12,34,68,19,60,11,44,66,108,89,148,81,188,50,108,34,148,11,180,50,92,long
29.753,2,4,2,3,2,2,2,2,40,9,35,22,24,18,9,9,-3,-9,37,26,28,40,21,26,28,68,20,83,24,101,32,68,16,87,37,106,32,49,cut
22.798,2,3,3,3,3,2,3,2,107,-7,99,25,107,32,130,40,146,40,83,17,59,17,44,17,75,56,99,64,107,80,59,48,36,72,12,95,83,40,lob
20.038,3,3,3,4,3,2,3,2,53,10,42,17,27,14,15,2,16,-9,38,29,29,41,18,35,13,62,7,87,17,114,29,64,32,84,51,98,22,49,cut
19.075,3,3,3,3,3,3,2,3,60,2,52,25,68,41,68,56,76,49,44,25,20,33,12,41,60,72,76,111,100,142,36,64,28,103,28,142,52,49,netplay
25.914,3,2,3,2,3,2,3,3,50,6,34,22,34,22,34,30,50,45,27,22,27,37,42,37,19,53,34,69,42,85,11,45,27,69,11,69,27,37,lob
72.602,2,2,3,3,2,3,2,3,5,64,22,83,39,73,42,47,38,17,18,98,34,116,46,98,72,128,91,154,99,188,48,130,33,158,15,178,49,107,smash
23.778,2,2,3,2,2,3,2,3,47,0,55,15,45,23,29,27,10,34,61,14,80,13,99,21,78,46,58,51,37,73,94,44,111,61,140,76,78,36,lob
72.159,2,3,2,2,2,2,2,2,49,4,49,28,57,28,57,20,49,4,34,36,11,44,3,36,64,84,49,116,49,148,49,84,34,116,34,148,49,60,drive
29.535,2,3,3,3,2,2,2,2,27,0,34,23,27,23,19,23,3,31,42,23,58,31,58,47,42,47,19,62,11,93,58,47,65,70,88,85,42,31,lob
70.301,3,2,3,3,3,2,3,2,17,15,18,34,46,40,61,34,45,30,10,46,7,68,26,68,46,90,50,123,41,156,27,95,30,136,18,154,31,69,smash
20.379,2,3,3,3,3,3,3,3,90,-2,87,11,82,26,93,40,116,49,77,16,64,22,64,32,56,51,47,71,19,90,75,45,87,58,93,82,68,38,netplay
24.118,3,3,3,3,3,2,3,2,64,-7,56,24,71,32,79,47,87,55,40,24,25,32,9,32,64,63,71,78,79,94,40,55,33,86,33,109,56,40,lob
28.899,2,4,2,5,3,2,2,2,45,2,45,17,37,17,21,25,21,25,53,25,61,40,53,48,37,48,21,71,5,94,53,48,53,71,61,86,45,32,cut
12.026,2,3,2,3,3,2,3,2,73,3,65,27,73,35,81,51,97,59,50,27,26,35,18,43,58,67,81,83,89,99,42,67,26,91,18,115,58,43,netplay
13.25,3,2,3,2,3,2,3,2,48,5,41,17,39,28,51,39,73,52,32,26,43,29,51,34,21,61,38,76,41,106,20,62,29,79,10,95,26,45,netplay
19.77,3,2,3,2,2,1,2,2,51,-1,50,20,59,23,42,25,25,25,47,32,58,45,52,65,75,76,50,82,32,110,64,81,69,105,92,122,67,53,lob
39.931,2,4,2,4,2,2,2,2,39,-2,37,12,31,19,29,24,15,26,40,15,44,36,30,38,28,56,21,71,11,92,35,56,33,81,57,93,35,43,long
42.287,3,3,3,3,3,3,3,3,60,-1,60,30,76,38,92,30,107,30,44,30,29,38,29,30,52,76,76,100,84,131,44,76,44,100,13,107,52,53,cut
33.282,3,2,3,2,3,3,3,3,41,0,40,14,38,23,54,24,73,25,31,20,30,31,34,46,21,66,38,80,54,104,34,65,32,81,15,94,28,46,lob
42.007,2,3,3,3,2,3,2,3,10,22,26,39,42,35,45,14,39,0,20,49,22,36,17,25,60,82,62,122,59,160,36,83,28,121,10,147,45,57,long
32.613,2,3,3,3,3,4,3,3,57,-1,57,31,73,39,104,39,119,31,49,31,26,39,26,31,57,78,80,118,80,149,41,78,41,110,10,126,57,54,cut
29.323,3,2,3,2,3,3,3,3,54,-3,50,12,43,21,58,31,72,38,40,16,37,21,40,34,22,47,41,57,56,81,17,44,23,65,-4,70,29,34,lob
45.339,3,2,3,3,2,3,2,3,3,41,21,57,36,48,41,27,29,11,20,67,20,53,5,51,71,89,84,128,83,164,48,97,39,127,18,148,51,72,long
26.007,2,3,2,3,3,3,3,3,82,-1,74,30,82,38,106,46,121,46,58,22,42,15,35,-1,66,77,90,108,106,148,58,77,35,101,3,116,66,54,cut
26.21,3,1,3,2,3,2,3,3,61,-2,45,21,45,21,45,29,61,37,45,21,45,37,61,37,29,60,45,75,45,106,37,52,45,75,5,83,37,37,lob
44.924,3,2,3,2,3,3,3,3,54,1,54,32,70,32,78,40,86,40,38,24,30,32,86,40,62,78,78,117,78,148,38,71,30,110,6,148,54,55,long
21.296,3,3,3,3,3,3,3,3,80,20,65,26,49,18,46,3,54,-8,59,33,43,42,39,35,25,60,15,82,17,117,40,62,44,87,58,105,36,45,cut
6.287,3,3,3,3,3,2,3,2,49,-6,49,18,57,26,65,50,81,50,33,26,17,42,9,58,49,66,65,98,73,114,33,66,25,98,17,130,41,50,netplay
58.748,2,3,3,3,2,4,2,4,16,53,30,77,44,61,57,42,59,23,12,88,31,96,43,96,64,140,63,182,57,214,40,139,37,174,15,208,44,109,cut
19.307,3,3,3,3,2,3,2,3,39,-1,23,14,23,22,23,37,39,45,23,14,23,29,39,45,-1,45,23,60,7,83,7,45,23,60,15,83,15,29,netplay
23.56,2,3,3,3,2,2,2,2,14,-7,22,25,29,25,37,49,22,96,22,33,29,65,29,65,52,65,52,96,22,96,52,65,52,96,83,112,37,49,lob
29.571,2,3,2,3,2,2,2,2,29,-2,24,13,12,18,-4,25,-15,20,35,19,46,29,52,47,24,51,13,70,12,89,41,53,30,78,54,95,33,42,cut
26.416,2,4,3,3,3,2,3,2,65,-7,57,25,72,25,72,48,65,48,41,25,34,40,34,56,65,64,80,72,80,96,41,56,34,88,18,111,49,40,lob
73.714,2,5,2,3,3,2,3,2,53,2,45,25,37,18,21,18,14,18,53,25,53,41,45,41,37,49,21,64,14,87,45,56,45,80,53,111,45,41,smash
32.77,2,4,2,3,3,2,2,3,38,9,62,33,70,25,94,17,78,33,46,41,22,41,-10,41,102,65,110,104,150,112,86,73,70,96,54,136,78,49,lob
58.622,2,4,2,5,2,2,2,2,41,-1,31,9,16,9,5,-4,12,-10,34,17,31,30,29,19,6,54,4,75,11,104,21,54,23,75,41,94,13,40,smash
69.636,3,4,3,4,3,2,3,2,28,2,26,12,27,23,30,33,27,18,23,20,21,24,13,12,18,64,10,79,17,107,31,65,27,86,39,109,26,49,smash
23.55,3,4,3,4,3,3,3,3,120,-1,104,15,112,23,136,38,168,46,88,7,64,15,48,23,64,46,96,62,88,93,56,38,24,70,8,93,80,31,netplay
28.253,3,2,3,2,3,2,3,2,38,3,34,16,26,24,37,30,42,38,33,21,40,26,49,25,10,59,21,72,35,102,31,57,33,81,17,84,26,43,lob
44.999,2,2,3,2,2,3,2,2,23,63,39,76,53,61,50,39,47,17,34,89,44,83,26,71,93,117,108,145,123,177,64,117,43,143,22,156,63,93,smash
13.212,2,3,2,3,3,2,3,2,46,3,31,26,46,41,46,65,54,88,15,18,0,18,7,3,23,72,31,103,38,134,7,72,15,103,23,134,23,49,long
37.2,2,5,2,4,2,3,2,2,32,-3,25,3,13,0,3,-11,18,-12,33,0,30,13,28,-2,9,40,6,58,10,81,21,42,19,62,26,91,15,27,long
53.389,3,3,3,3,3,3,3,3,59,-8,59,32,74,39,90,32,90,32,51,32,43,16,51,8,66,79,74,118,74,157,43,79,35,110,12,142,59,55,cut
18.9,3,3,3,3,3,3,3,3,59,-1,51,15,59,22,74,38,82,38,43,15,35,22,59,30,28,46,51,54,59,85,20,38,35,61,12,85,35,30,netplay
15.526,3,3,3,3,3,2,3,2,60,-14,60,18,76,26,92,34,100,34,36,18,12,26,4,26,68,66,76,98,76,114,44,66,36,98,36,130,52,42,netplay
18.076,2,2,2,2,3,2,3,2,38,5,53,28,38,28,22,44,6,59,61,13,69,5,77,5,53,51,38,67,22,82,77,44,93,59,116,74,61,36,lob
72.013,2,2,2,2,2,2,2,2,0,2,23,25,30,25,46,10,38,17,15,41,15,56,30,64,54,64,69,111,84,150,38,72,23,111,0,150,30,49,smash
23.007,2,3,3,3,2,3,2,3,82,-1,66,23,82,23,105,30,129,38,58,23,50,30,66,46,50,54,34,77,11,93,58,54,74,62,82,85,58,38,netplay
25.971,3,3,3,3,3,2,3,2,77,-7,69,25,85,33,108,49,124,57,53,25,38,33,30,33,69,73,85,88,100,104,46,65,30,96,14,120,61,49,lob
31.183,2,3,2,3,3,2,2,2,38,-2,35,9,45,17,45,31,35,35,33,11,40,22,35,36,51,53,33,58,12,78,43,54,55,73,71,92,45,36,cut
32.443,2,3,2,3,3,2,3,2,62,-5,54,27,70,34,86,34,94,27,38,27,15,34,7,27,54,74,70,89,86,113,38,74,23,105,7,129,54,50,lob
32.867,3,3,3,3,3,2,3,2,33,0,35,17,45,22,71,14,64,21,25,25,16,39,13,57,33,66,35,90,29,125,23,64,21,87,16,118,32,49,long
31.164,3,3,3,3,3,3,3,3,69,3,65,29,88,40,106,41,100,31,43,22,34,41,41,30,73,84,86,120,95,153,49,82,37,115,17,149,62,58,cut
14.314,2,2,2,2,3,3,3,3,32,-11,39,20,32,20,24,43,16,66,55,5,71,5,79,5,47,35,32,43,16,66,63,28,87,51,102,59,47,28,netplay
20.97,2,2,2,2,3,1,3,1,61,-5,53,26,69,26,84,26,92,18,38,26,14,26,6,18,53,73,69,88,77,96,38,65,22,96,6,127,53,49,lob
41.626,3,3,3,3,3,2,3,1,54,6,51,23,66,28,74,41,61,47,40,27,31,41,28,57,52,66,70,73,76,92,35,64,26,82,17,98,47,48,long
59.317,3,4,3,3,3,2,3,2,57,-6,65,26,73,34,96,34,88,34,49,34,42,42,57,18,65,81,57,113,42,144,49,73,34,105,11,136,57,57,smash
15.629,3,3,3,3,3,3,3,3,31,-10,32,6,22,13,7,22,-14,33,49,10,59,22,54,31,43,43,29,60,53,66,64,37,81,48,101,64,46,27,netplay
15.17,2,2,2,2,2,2,2,2,38,-2,41,21,37,27,22,38,2,44,46,24,61,43,58,60,73,73,50,78,32,96,68,74,78,96,102,121,65,49,netplay
15.671,3,1,3,2,2,2,2,2,87,4,79,20,70,25,83,38,89,48,65,26,66,42,71,57,45,55,64,62,86,85,46,52,36,58,11,66,52,43,lob
24.397,2,3,2,4,3,3,3,2,57,-1,56,16,46,19,46,40,75,46,55,20,49,31,50,42,29,49,23,68,7,85,42,48,58,60,51,79,42,37,lob
39.96,3,2,3,2,3,2,3,2,39,-8,39,23,54,23,70,46,78,69,23,31,23,54,31,61,62,61,70,92,62,115,39,61,23,92,7,115,47,46,long
17.404,2,3,3,3,3,3,3,3,65,-9,65,30,80,38,104,53,111,61,50,30,42,45,26,61,65,76,80,115,73,146,42,69,34,107,11,138,57,53,netplay
28.154,2,2,2,2,3,2,3,3,17,2,20,19,9,31,13,44,37,42,30,15,44,16,59,16,18,56,8,74,14,104,41,51,52,73,57,94,28,42,lob
27.862,2,2,2,2,2,3,2,3,10,23,34,32,51,25,55,8,45,6,40,44,55,44,62,29,89,72,98,110,100,143,64,77,55,103,24,123,69,54,cut
20.498,3,4,3,3,2,3,2,3,102,11,88,19,76,13,83,26,95,45,85,32,74,42,75,31,51,35,36,51,14,69,70,51,77,70,88,91,68,35,lob
51.823,3,2,3,2,3,3,3,3,66,-6,51,18,66,34,66,58,74,82,36,18,13,18,5,50,43,66,59,114,66,146,28,66,20,114,13,146,43,50,long
59.583,3,2,3,2,3,3,3,2,26,-1,18,23,10,23,-5,39,3,54,34,23,42,39,42,39,10,54,18,86,18,117,18,54,34,78,26,109,18,39,smash
20.01,3,2,3,2,3,3,3,3,63,-9,55,30,70,38,70,61,78,84,47,30,47,38,70,69,39,69,70,107,70,146,32,69,39,100,16,123,47,53,netplay
23.987,3,3,3,5,3,3,3,3,57,2,45,7,30,2,23,-7,24,-10,46,20,40,34,32,29,13,51,11,76,13,104,25,52,27,76,43,85,22,36,lob
36.137,2,2,3,3,3,3,3,3,33,-9,41,22,49,22,49,46,41,69,33,22,18,30,10,30,72,69,64,108,80,140,56,69,49,108,64,132,56,46,long
23.971,2,1,2,2,2,1,2,2,27,6,28,22,14,30,15,44,11,60,44,25,55,36,64,54,25,62,17,81,7,111,45,61,56,91,59,100,35,51,long
5.876,3,1,3,1,2,2,2,2,63,2,48,12,36,19,23,34,24,57,39,8,29,11,25,23,4,30,25,45,29,78,19,24,38,43,16,64,19,14,netplay
15.049,3,2,3,2,3,3,2,3,39,9,47,40,62,40,85,24,108,9,39,40,39,32,39,17,54,87,70,134,77,173,39,87,31,118,8,142,47,63,netplay
15.443,2,3,3,3,3,3,2,3,28,2,24,18,29,24,45,35,38,19,21,23,25,40,10,32,27,66,14,84,14,112,43,66,40,90,63,103,39,49,lob
33.485,2,4,2,3,2,2,2,2,7,-6,15,17,30,25,22,41,15,56,7,25,7,48,-1,64,45,56,38,87,53,118,38,56,45,95,53,126,30,41,long
23.054,2,5,2,3,2,2,2,2,33,6,29,17,35,29,48,39,48,21,21,17,26,24,22,32,26,64,3,71,11,93,30,68,30,87,44,112,28,49,cut
15.092,3,2,3,2,2,2,2,2,2,1,8,14,2,31,9,47,5,59,24,16,40,29,39,22,17,64,14,85,14,109,30,65,27,88,25,120,24,47,long
40.299,2,3,3,3,2,3,2,3,-8,34,16,65,24,57,40,26,40,2,8,73,8,73,24,81,40,105,40,160,40,199,24,113,24,160,16,199,24,89,long
41.026,2,5,2,3,2,2,2,2,34,2,26,18,19,18,4,-6,19,10,34,26,34,34,34,18,19,50,11,73,4,89,26,50,19,81,26,121,26,34,long
49.752,2,3,3,3,3,3,3,3,36,0,52,32,67,32,90,24,106,8,44,32,44,24,44,8,59,80,75,119,90,143,36,80,36,95,5,119,52,56,long
30.706,2,3,3,3,3,3,2,3,46,9,39,24,32,25,12,23,1,9,46,35,45,46,29,52,27,69,16,87,17,103,43,72,47,98,64,122,37,56,cut
25.973,2,3,3,3,3,2,3,2,48,-7,48,24,56,24,64,32,72,32,32,24,16,39,8,47,56,70,64,93,72,109,40,70,32,101,40,124,48,47,lob
74.735,2,5,2,3,2,2,2,2,35,2,35,17,27,17,27,32,19,32,43,17,43,40,27,40,27,48,11,63,11,78,35,48,27,71,43,101,35,32,smash
23.907,2,4,2,3,3,3,2,3,40,-17,56,15,56,15,32,30,8,38,56,15,40,30,8,38,88,54,112,85,144,109,80,54,40,77,32,109,72,30,netplay
14.478,2,2,2,2,2,2,2,2,22,-1,30,22,22,22,14,37,6,45,38,22,54,37,46,22,38,52,22,68,22,91,46,52,62,68,70,83,38,37,netplay
21.89,2,2,2,3,2,2,2,2,8,3,13,20,29,28,18,31,4,35,9,30,17,40,17,53,55,62,29,63,18,88,41,65,49,91,70,111,41,45,lob
37.12,2,4,2,4,2,2,2,2,27,-6,19,26,11,18,-11,2,-4,10,27,26,19,18,11,26,11,57,11,73,11,104,19,57,19,81,34,104,19,42,long
38.949,2,3,2,3,2,3,2,3,29,58,38,68,58,60,58,34,54,16,33,85,33,70,25,54,83,120,95,154,94,189,58,121,39,152,13,172,67,96,long
28.436,2,4,2,3,2,3,2,3,56,1,56,17,40,17,16,17,8,9,64,25,64,40,64,40,40,56,24,79,16,103,48,56,48,87,64,110,48,40,cut
24.786,2,3,2,3,3,2,3,2,56,-6,48,26,56,26,56,34,48,50,33,26,25,50,33,58,56,66,63,81,71,105,40,66,25,97,17,121,48,50,lob
37.841,3,3,3,5,3,2,3,2,77,9,66,13,55,4,54,-3,58,-10,64,26,50,34,52,20,26,43,10,65,10,95,46,45,56,73,76,79,41,32,long
52.843,3,3,3,3,3,3,3,3,10,25,26,49,34,49,57,33,73,9,18,57,10,41,18,17,42,96,49,144,34,183,26,96,26,152,26,183,26,72,long
27.269,3,3,3,4,3,3,3,3,87,21,77,23,65,17,60,1,61,-10,70,33,60,45,51,41,36,56,21,80,15,110,54,60,60,87,76,105,50,45,cut
7.293,3,3,3,3,3,2,3,2,57,-7,49,24,65,24,73,39,81,47,33,24,17,39,9,54,49,54,65,62,65,85,33,54,25,78,17,101,41,39,netplay
22.719,3,2,3,2,3,2,3,2,47,-7,42,13,28,14,37,28,53,30,47,19,58,23,69,31,10,53,23,69,17,88,30,51,38,70,28,92,26,39,lob
56.815,3,2,3,3,2,2,2,2,16,77,40,79,44,63,33,37,19,18,39,91,53,81,48,66,93,106,121,127,139,147,67,112,57,137,29,148,69,89,long
27.557,2,3,2,3,2,3,2,3,35,3,31,14,24,21,4,17,-17,11,35,26,44,26,34,19,44,67,43,85,49,117,40,68,35,89,53,121,40,50,long
55.986,2,3,2,3,2,3,2,3,9,43,25,75,41,67,57,43,65,19,25,83,33,91,57,91,57,115,73,162,57,202,41,123,25,170,9,202,41,99,cut
32.21,3,2,3,3,2,3,2,3,99,4,91,16,94,24,115,36,137,45,70,13,65,23,68,33,60,38,82,49,83,79,46,37,38,52,13,69,64,28,lob
70.811,3,3,3,3,3,2,3,2,58,4,58,35,66,35,89,27,105,12,42,35,34,50,50,50,58,81,50,120,42,151,34,81,26,112,10,151,50,58,smash
21.37,3,3,3,3,3,2,3,2,53,3,51,18,43,31,53,42,70,58,56,22,54,32,60,34,35,51,27,73,10,97,53,51,69,66,75,90,46,40,netplay
23.076,3,4,3,4,2,2,2,2,15,1,39,25,31,25,31,25,15,41,39,25,31,25,47,25,71,57,47,73,23,89,79,57,95,81,119,105,55,41,lob
42.332,2,4,2,3,2,2,2,2,35,-7,27,16,20,16,4,16,4,16,43,24,43,39,27,39,27,47,12,69,12,85,35,47,35,77,50,92,27,31,long
34.543,2,3,2,3,2,3,2,3,16,51,30,64,48,56,48,33,42,7,28,81,41,73,25,60,78,119,91,140,94,176,53,123,37,152,13,171,58,92,long
27.25,2,4,2,4,2,3,2,3,37,3,29,19,29,19,6,11,21,19,21,19,37,35,37,27,21,51,13,75,21,99,29,59,21,75,29,99,29,43,cut
21.371,2,3,2,3,2,2,2,2,7,-2,20,22,27,23,19,33,5,34,21,39,31,50,38,73,61,67,31,72,22,97,49,80,57,106,81,116,44,52,lob
16.092,2,2,3,2,3,2,3,2,16,9,22,24,17,37,15,61,1,65,41,23,52,31,55,48,30,65,25,90,25,116,47,66,43,91,40,121,36,49,long
39.682,2,3,3,3,3,4,3,4,9,6,20,23,43,38,53,28,37,27,13,36,14,24,9,9,47,87,46,128,39,163,26,89,26,123,18,162,34,57,long
26.481,2,5,2,3,3,2,2,2,38,-5,30,19,38,27,30,35,30,19,30,19,22,35,30,11,30,59,-2,67,-2,91,30,59,30,83,38,115,30,43,long
34.131,2,3,2,3,2,3,2,3,4,8,27,31,19,31,58,16,35,23,35,31,58,23,42,31,35,78,19,117,4,156,50,70,58,117,42,164,35,55,long
27.422,2,4,2,3,2,2,2,2,42,3,35,17,28,23,14,21,25,13,33,24,40,40,32,52,21,61,16,74,17,90,34,65,27,84,44,109,26,48,cut
18.993,2,3,2,3,2,2,2,2,7,-5,15,19,23,27,31,43,15,51,15,27,23,43,7,59,39,67,47,99,63,123,39,67,47,99,71,123,31,43,lob
26.178,2,3,3,3,3,3,3,3,68,0,60,32,76,40,108,40,124,32,52,32,36,32,36,16,68,80,92,112,108,152,52,80,36,112,4,136,60,56,cut
23.428,3,2,3,2,3,2,3,3,83,2,76,14,71,25,76,41,91,54,65,17,60,24,60,37,51,53,66,63,81,88,43,49,38,59,18,70,52,37,lob
35.328,3,2,3,2,2,3,2,3,7,21,26,43,43,40,53,27,37,31,21,43,11,30,13,7,57,86,58,123,59,163,34,88,35,121,16,154,42,63,long
41.012,2,3,2,3,3,3,3,3,67,0,67,32,67,40,83,48,99,48,59,32,51,16,67,24,51,72,43,96,12,112,67,72,83,104,106,144,59,56,cut
32.197,3,2,3,3,3,3,3,3,22,-8,24,7,17,14,35,17,55,15,23,18,35,25,45,29,10,54,24,74,31,105,22,54,25,73,16,98,18,39,lob
40.338,2,2,3,2,2,3,2,3,2,0,18,23,33,23,49,15,33,15,10,23,10,23,25,15,41,62,41,108,33,139,25,62,25,101,18,132,25,46,long
29.695,3,3,3,4,3,3,2,3,54,3,46,11,36,11,27,14,30,4,47,18,52,23,52,12,18,54,15,71,13,104,29,51,28,76,44,89,26,40,long
12.934,2,2,2,2,2,2,2,2,54,2,47,22,62,34,70,57,77,78,30,28,9,34,15,25,46,81,46,113,34,141,25,76,30,105,21,123,44,55,long
24.206,2,4,2,3,3,2,2,2,51,-5,51,27,67,27,67,59,75,75,27,27,27,51,35,67,59,67,75,91,82,123,35,67,20,107,12,131,51,51,netplay
18.967,3,3,2,3,3,3,3,3,30,1,28,17,11,21,3,42,4,55,38,21,43,34,47,42,16,61,25,81,26,109,31,60,34,81,16,99,24,48,netplay
25.834,3,2,3,3,3,3,3,2,62,1,54,32,70,48,78,71,78,87,38,32,14,40,14,56,54,79,70,118,70,157,30,79,30,118,22,141,46,56,lob
38.055,3,2,3,3,3,2,3,2,34,-15,27,1,19,9,11,33,3,49,27,9,27,33,34,25,11,49,19,73,19,105,19,49,19,73,3,97,19,33,long
42.565,3,2,3,2,4,1,4,1,41,-4,34,19,49,27,49,50,57,66,18,19,11,35,18,35,41,74,41,105,26,128,26,74,34,105,26,128,34,50,cut
13.066,3,3,3,2,2,2,2,1,47,3,32,19,39,35,47,51,24,11,24,19,1,19,16,3,24,67,32,107,24,139,8,67,16,107,16,131,24,51,long
64.679,3,4,3,5,3,2,3,2,35,5,31,17,24,24,24,33,20,21,32,23,26,32,18,21,27,69,20,81,16,115,34,70,23,90,42,114,31,53,smash
23.291,3,4,3,4,3,3,3,3,111,-1,95,22,103,29,135,45,159,45,79,14,55,22,47,37,71,60,103,68,119,106,55,52,31,83,7,106,79,37,netplay
27.318,3,1,3,2,3,2,3,2,34,-1,36,14,27,25,35,29,40,33,41,21,50,15,60,11,15,54,16,71,20,101,31,55,34,80,25,83,25,41,lob
40.5,3,2,3,3,3,3,3,3,61,7,69,38,61,38,109,30,133,15,77,38,109,30,133,15,53,77,37,109,13,132,69,85,93,124,109,156,61,62,long
71.577,2,3,2,3,3,3,2,3,27,2,20,18,12,18,4,33,4,49,20,18,27,41,20,49,12,57,20,80,27,111,20,57,20,80,27,111,12,41,smash
17.432,2,3,2,3,3,2,2,3,38,8,54,32,46,40,23,48,-1,56,70,32,85,40,101,56,101,71,109,111,140,111,93,71,62,95,70,135,77,56,netplay
8.814,2,1,2,2,2,2,2,2,13,-1,18,12,8,24,15,37,3,40,33,11,51,10,70,10,22,50,16,63,24,95,40,48,47,79,34,84,26,36,netplay
56.518,2,3,3,3,2,4,2,4,1,0,17,24,32,32,40,16,40,16,9,32,9,16,17,-8,32,79,24,134,17,173,17,79,24,126,17,166,24,55,cut
31.931,2,2,3,2,2,3,2,3,64,7,59,21,49,26,44,37,64,47,69,29,78,33,87,40,42,55,37,78,19,99,62,58,78,77,98,93,58,44,lob
49.634,2,2,3,2,2,2,2,2,11,24,24,35,43,30,44,14,39,4,19,43,22,23,24,9,62,75,63,117,57,144,37,78,29,112,12,140,44,54,cut
17.084,2,2,2,2,2,3,2,3,26,3,39,20,24,29,19,46,4,56,49,15,61,11,74,7,40,46,24,57,16,80,59,43,76,62,98,83,46,33,netplay
25.181,2,3,2,3,2,2,2,2,28,-14,36,18,44,18,36,34,21,34,36,18,21,34,13,34,59,66,36,98,67,122,51,66,44,106,74,130,51,42,lob
34.735,3,3,3,3,2,2,2,2,50,3,48,22,59,27,76,35,69,43,33,26,27,41,19,52,48,63,67,73,75,94,30,64,26,87,16,94,43,48,long
51.578,2,3,3,3,3,2,3,2,19,3,26,27,34,35,42,27,50,19,19,35,26,35,34,19,42,74,57,113,42,145,26,74,19,121,11,160,34,58,long
25.183,2,3,2,3,3,3,3,3,21,2,17,14,10,26,1,26,-9,22,22,22,29,30,36,42,19,67,19,91,24,121,29,64,29,88,42,114,19,49,long
33.915,3,3,3,3,2,3,2,3,54,2,41,9,27,9,14,-4,24,-4,45,21,45,32,51,26,17,57,14,80,15,111,33,60,32,80,45,110,26,43,long
49.082,3,5,3,5,2,2,2,2,-11,11,28,19,21,27,28,35,28,19,44,19,60,35,44,19,36,59,28,99,5,131,52,59,60,107,52,147,36,43,long
23.47,3,4,3,4,2,3,2,3,71,16,57,23,46,17,35,1,43,-10,57,31,55,41,44,40,20,60,15,85,15,116,36,63,38,88,51,115,33,43,cut
21.141,3,3,3,4,3,1,3,2,59,-5,51,27,67,35,83,59,91,67,35,35,19,51,11,51,59,75,75,107,75,107,43,75,43,107,35,139,51,51,lob
46.978,2,3,2,3,3,2,3,2,57,4,54,18,46,22,22,22,28,15,63,24,69,41,56,42,47,57,33,77,23,98,63,61,67,86,92,107,55,46,long
22.556,2,5,2,5,2,3,2,2,29,20,49,28,67,24,72,8,59,0,44,33,27,38,8,43,91,67,96,104,86,135,73,67,76,93,68,122,73,46,cut
26.113,2,1,2,2,2,3,2,3,12,-2,12,14,5,21,5,37,5,37,27,14,42,14,57,14,12,53,12,76,5,107,27,53,27,76,20,92,12,37,lob
15.572,2,2,2,2,3,3,3,3,8,0,16,15,8,23,8,38,16,46,24,15,32,31,32,31,16,61,16,85,16,115,32,61,32,92,24,115,16,38,long
49.637,3,3,3,3,3,4,3,3,13,24,29,56,37,48,60,32,68,9,21,63,13,79,21,95,45,95,60,149,76,188,21,102,21,141,5,180,29,79,long
25.018,3,4,3,5,3,3,3,3,74,17,62,21,51,14,44,1,47,-8,58,34,45,43,40,32,23,51,11,75,9,106,41,58,46,81,63,97,40,36,cut
22.873,3,3,3,3,3,2,3,2,58,-8,50,15,58,23,58,38,58,46,34,15,10,15,2,7,58,46,58,61,66,77,34,46,26,69,18,100,50,30,lob
44.838,3,3,3,5,3,2,3,2,41,4,29,12,14,13,2,-1,15,3,31,21,31,34,27,25,6,57,7,80,12,110,16,58,16,77,33,94,12,43,smash
19.099,3,3,3,4,3,3,3,2,129,6,114,30,129,46,137,62,161,62,98,22,90,30,129,46,82,54,35,70,12,70,66,38,27,46,-4,46,90,38,netplay
12.827,3,1,3,2,3,2,3,3,33,4,31,17,20,25,18,33,13,43,39,23,48,19,61,21,18,56,14,74,21,104,33,57,43,91,34,89,26,45,netplay
