velocity,x_direct,x_distance,y_direct,y_distance,d12,d23,d34,d45,d26,d67,d78,d215,d159,d910,d1011,d1512,d1213,d1314,type
14.514,2,2,3,2,28.844,11.314,15,16,10.63,16,8,17.464,23,25,24.352,24.352,24,32.016,long
37.612,3,3,3,4,18.028,22.023,23.431,28.792,15.264,19.235,25,46.819,27.313,35.057,43.29,22.847,30.265,37.855,cut
28.311,3,2,3,2,22.627,0,22.627,11.314,8,8,25.298,17.889,17.889,28.844,25.298,22.627,17.889,25.298,lob
41.164,3,3,3,3,25.298,16,28.844,28.844,16,8,25.298,24,28.844,43.081,48,25.298,40,40.792,long
41.783,3,4,3,2,14.142,12.728,10.296,11.705,11.705,11.402,8.246,27.731,19.105,28.443,26.019,19.647,25.495,25.942,long
32.437,3,3,3,3,32,17.889,23,10.63,8,17.889,8,32.985,25.298,39.408,40.608,25.298,24,35.341,cut
22.405,2,2,3,3,17,11.314,11.314,16.553,15,11.314,11.314,23,17.889,24.352,24.042,17.889,21.213,17.889,lob
40.403,2,2,2,3,32,11.314,17.889,11.314,11.314,17.889,25.298,25.298,32.985,40.792,40,32.985,40,43.081,long
30.758,3,4,2,2,17.804,12.649,12.083,17.029,17.029,13.928,17.029,25.08,22.672,27.074,27.019,22.361,22.361,17.029,cut
25.938,3,3,3,2,24,11.314,11.314,0,15,17.889,25.298,31.78,17.464,28.844,25.298,17.889,40.792,31,lob
43.374,3,3,3,2,23,10.63,17.889,16,16,17,25.298,25.298,15,43.841,34.886,21.932,43.841,32.527,lob
23.401,3,3,3,2,16.553,10.44,16.031,16.401,17,18.788,10.198,27.295,19.849,25.08,33.242,23,27.166,31.257,cut
25.457,3,2,3,2,32.985,8,17.464,17.889,15,24,24,24.042,17.464,21.932,24,22.627,34.886,28.844,lob
37.763,3,3,3,2,15.652,15,14.036,14.765,13.038,11.18,15.62,26.627,20.518,26.401,27.019,19.105,22.023,26.42,long
63.98,3,3,2,3,24.352,8,17.889,25,11.314,16,35.777,21.932,17.889,46.141,39.205,28.018,46.648,48,cut
20.054,2,3,2,3,25.298,17.889,17.889,17.889,16,16,11.314,17.889,25.298,17,28.844,17.889,24.352,25.298,netplay
11.077,2,3,3,2,28.844,11.314,22.627,28.844,11.314,11.314,24.352,22.627,25,23,28.844,28.018,33.941,28.844,netplay
19.28,2,2,3,2,13.342,12.207,12.042,10.44,18.028,13.601,11.402,28.443,18.439,21.213,29.547,17.464,26.683,8.062,lob
52.843,2,2,2,3,32.016,16,24.352,25.298,15,21.932,21.932,24.042,23,39.205,32.016,28.018,39.812,31,long
25.005,2,3,2,2,24.042,11.314,24.042,11.314,15,11.314,8,16,17,24.352,24.352,16.553,32.016,24.352,cut
13.489,2,3,2,2,18.974,14.036,18.358,11.662,8.246,8.246,7,33.941,25.495,24.083,33.838,22.561,28.178,31.113,lob
23.606,2,3,2,2,20.591,18.028,27.731,15.811,9.434,13.601,15.811,37.443,22.204,37.947,37.121,19.925,33.136,39.357,cut
20.346,2,2,2,2,16.031,9.434,18.111,18.358,21.587,14.318,12.207,21.19,18.788,15,29.155,18.358,16.763,7.28,lob
33.251,3,3,3,3,24.352,11.314,23,34.886,17.889,24.042,9.899,31,24,43.841,39,28.844,31,34.886,cut
31.015,2,2,3,2,10.77,9.434,15.652,21.633,17.72,16.031,17.464,19.416,13.454,19.209,23.087,18.439,21.932,13.601,lob
33.473,2,2,2,3,18.358,16.643,23.345,17.088,18.248,17.029,20.248,40.361,36.125,34.132,37.054,24.515,32.28,34.655,long
13.627,2,3,2,2,24.352,7,39.623,16.553,9.899,22.627,17.889,21.213,17.889,31.048,39,22.627,30,33.242,netplay
14.637,3,2,2,2,13.928,15.811,15.811,19.647,7.211,12.369,13.928,34.205,17.029,17.804,29.732,17.088,16.155,17.692,netplay
48.157,2,4,2,2,14.765,13.416,15.62,14,16.279,14.866,11.705,23.77,19.416,27.074,18.682,19.105,24.083,29.155,long
44.874,3,3,3,3,28.302,8,17.889,60.959,8,24.352,33.242,24,25.298,32,39.408,25.298,35.341,50.596,smash
21.415,2,3,3,3,19.235,13.153,18.868,21.378,12.649,17.889,17.029,25,15.652,19.209,31.623,21.024,18.601,32.062,netplay
26.032,2,2,2,2,18.248,13.928,19.026,13.601,8.944,10.05,12.806,37.216,19.235,23.022,33.015,23.087,30.414,36.401,lob
28.973,3,4,2,2,15.033,11.402,16.279,18.788,13.153,16.401,14.318,23.854,22.472,26.401,31.048,18.974,28.443,27.857,long
35.647,3,3,3,3,28.302,17.889,34.438,25.298,10.63,25,8,28.844,21.932,55.579,31,24,39.812,47,long
31.84,3,3,2,3,33.941,15,8,28.018,8,11.314,11.314,32.985,25,48,40.608,25.298,40.792,43.081,long
28.01,2,4,2,2,14.142,8.062,4.243,10.198,4.472,9.055,22.136,29.155,22.091,17.029,35.355,21.541,22.804,27.459,cut
4.937,2,4,2,2,28.302,8,16,24,7,25.298,28.302,22.627,21.932,34.438,17.889,17.889,39.812,28.302,netplay
17.186,2,2,2,2,24,9.899,25.298,17,16,16,8,24.352,17.889,24.042,16,17.889,28.018,17.889,lob
33.831,2,2,2,2,23.409,23.259,14.866,31.623,18.788,13.153,17.117,43.6,26.833,38,36.125,23.087,30.067,36.401,long
16.93,2,3,2,2,22.627,7,24,16.553,11.314,17.889,16.553,28.302,21.213,32.757,23,17,32,34.438,lob
26.502,2,3,2,2,25.179,16.125,24.739,29.967,12.083,24.331,20.591,27.514,21.213,35.171,37.336,27.659,37.855,39.446,long
14.183,3,2,2,2,25.298,0,16,11.314,8,15,0,17.889,24,31.78,32.757,28.302,32.016,32,long
38.559,2,3,2,3,28.302,10.63,28.302,71.701,11.314,43.139,27.459,24.352,23,47,39.812,32.527,35.341,41.785,cut
40.831,3,4,3,2,11.402,16.492,13.928,10,10.296,7.81,18.028,26.926,22.672,26.173,28.636,22.361,23.77,26.401,long
34.418,3,3,3,3,28.844,8,25.298,28.844,16,11.314,25.298,23,25.298,43.081,49.649,25.298,32,39.812,long
38.062,3,5,3,2,13.454,11.18,5,15.811,8.944,11.18,9.487,26.42,21.095,21,28.018,22.561,21.213,25.554,cut
33.875,3,3,2,2,31,11.314,42.154,32.016,8,28.018,28.018,17.889,24.352,43.081,39.812,28.302,48.662,47,long
37.77,3,4,2,2,10,14.142,15.297,9.22,16.553,9.899,15.033,30,23.431,21.84,32,20.025,26.926,21.932,long
25.898,3,3,3,3,24,10.63,23,24.042,10.63,7,17.889,31,24.352,42.72,39.623,24.352,32.985,34.438,cut
13.725,3,2,3,2,14.866,14.318,18.788,17.493,10.817,13.601,18.028,27.857,20.881,21.26,26.249,15.811,17.029,16.643,netplay
19.626,3,2,2,2,19.313,10.05,21.84,11.402,10.44,17.029,10,38.288,21.471,28.862,29.698,22.091,26.833,36.892,lob
31.305,3,3,3,3,35.777,0,24.352,25.298,8,39,16,25.298,24,33.242,35.777,24,17.889,17.889,cut
6.522,2,2,3,3,17.889,17.889,11.314,17.889,11.314,17.889,17.889,24,17.889,35.777,17.889,17.889,25.298,17.889,netplay
18.957,2,2,2,2,20.248,9.487,17.263,15.297,10.44,11.045,11.18,42.544,14.866,27.459,32.558,16.031,30.083,33.106,lob
22.488,2,3,2,2,32,17.464,11.314,16,10.63,17,23,28.018,24.042,32.757,34.438,23,39,35.341,lob
27.808,2,3,2,2,24.042,8,11.314,17,7,17.889,10.63,16,17,23,24.352,16.553,31.78,32.527,cut
23.231,2,3,2,2,25,11.314,10.63,23,10.63,17,17.889,28.018,25.298,32.016,11.314,24,31,34.438,lob
29.767,3,4,2,2,17.464,17,13.038,14.318,15,14.318,13.928,27.203,17.692,24.352,33.242,14.142,32.016,25.962,long
65.487,2,3,2,3,32.757,16,33.242,17.889,17,28.302,10.63,25.298,25.298,40,40.792,25.298,42.72,40,cut
12.183,2,2,2,3,17.889,17,16,16,7,16,25,16,16,32.985,24,17.464,17.889,64.498,netplay
12.615,2,3,2,2,15.652,12.369,15.652,12.369,9.849,10.44,17.029,38.897,20.248,18.111,28.178,23.022,26.476,26.249,lob
49.578,2,3,2,2,21.095,12.083,18.111,22,7.211,22.804,23.345,38.601,27.019,24.166,46.615,25,30.48,37.656,lob
33.928,2,3,2,2,14.422,11.662,18.248,14.142,18.788,13.601,14.765,27.295,22.023,29.017,26.173,22.361,27.459,24.021,netplay
9.57,3,3,2,2,25.298,8,16.553,30,0,23,17.889,27.459,17.889,34.438,28.844,17.889,39.812,45.277,netplay
21.476,2,2,2,2,20.591,13.342,17.088,23.431,17.088,19.416,17.72,15.524,13.928,14.213,26,15.811,20,9.22,lob
37.194,3,2,3,3,28.302,8,28.844,0,15,10.63,35.777,24,24.352,56.569,39.812,23,48,47.676,long
39.562,3,3,3,4,20.125,22.091,23.345,29.155,15.524,19.235,11.402,46.53,28.653,37.483,42.107,25.298,30.414,36.688,cut
23.868,2,2,3,2,18.111,11.402,14.56,20.248,20.396,11.402,15.264,20.616,18.385,17.804,26.926,17.088,14.866,11.662,lob
41.45,2,3,2,3,16.401,13.928,33.015,25.962,19.026,18.868,22.204,41.773,37.643,28.32,42.379,26.249,30.806,32.249,cut
10.93,3,2,2,3,17.464,11.314,10.63,21.213,7,23.409,11.314,17.889,16.553,27.459,21.932,16.553,17,17,netplay
5.614,3,3,3,2,32.985,8,21.932,15,16,31.048,8,25.298,24,23,32.985,21.932,35.777,25,netplay
6.102,3,1,3,2,16.031,7.071,15.232,14.318,11.314,11.662,10,30.083,23.259,22.023,29.732,23.022,16.279,19.209,netplay
12.929,3,2,3,1,25.298,17,17.889,8,8,17,21.932,25.298,25.298,17,32,17.464,35.777,32.985,netplay
69.941,2,3,2,3,20.518,22.361,25.298,24.515,18,16.492,12.042,43.932,31.401,33.615,36.715,27.514,32.311,35.847,smash
36.939,2,3,2,3,16,11.314,16,16,11.314,11.314,8,24,17.889,24.352,22.627,17.889,28.018,25.298,netplay
37.421,3,3,2,2,25.298,10.63,16,17,8,28.844,17.889,24,25,24.352,40,25.298,39.205,43.081,lob
72.062,3,2,3,2,12.806,13.342,22.847,14.213,21.541,21.024,16.155,29.732,21.633,25.08,24.042,17.117,22.136,25.08,smash
33.386,3,3,3,3,21.954,24.083,19.849,27.459,14.318,23.537,19.849,48.754,23.601,40.012,41.11,25.632,32.14,32.558,cut
22.86,2,2,3,2,24.042,8,8,11.314,7,11.314,11.314,8,8,21.932,25.298,10.63,11.314,21.213,lob
33.825,3,3,3,3,24.352,17.889,11.314,17.889,8,34.886,21.932,23,25.298,32.016,25.298,25.298,45.277,47.676,long
29.461,3,4,3,2,16.279,16.553,10.296,14.56,13.601,15.232,14.422,21.633,22.472,30.083,26,18.028,24.021,26.401,cut
12.924,3,3,3,2,25.298,17.889,17.889,10.63,8,17.889,8,25.298,17,22.627,25.298,17,35.777,31,netplay
22.969,2,2,3,2,25.298,16,16,11.314,7,8,10.63,16,17.889,32.016,25.298,17.464,24.352,25.298,lob
31.137,3,2,3,3,32.985,11.314,28.844,25.298,8,40,32.985,25.298,22.627,28.302,46.648,17.889,21.932,56.569,cut
27.953,2,2,3,3,17.889,10.63,17.464,17.889,15,8,24.352,24.352,8,21.932,28.302,10.63,21.932,21.932,lob
35.192,2,2,2,3,32.016,16,25.298,24,8,21.932,22.627,23,23,40,38.833,34.886,39.812,24,long
42.224,2,3,2,2,17.889,8,16,11.314,10.63,17.889,16,23,15,32.016,28.844,17,32.016,22.627,long
41.763,2,3,2,2,16.553,23.259,23.087,28.071,14.318,17.493,17.117,43.139,24.042,38.471,35,23.345,31.623,32.802,long
27.173,2,3,3,2,24.352,11.314,16,8,15,11.314,16.553,32.985,17,32.985,17.889,16.553,40,34.438,lob
39.49,3,3,3,2,15.232,12.53,14.142,19.026,15.811,17.692,12.166,23.854,22.023,29.682,23.195,19.105,25.942,24.187,long
33.257,3,3,2,3,19.313,21.633,26.926,20.125,20,19.647,23.854,44.777,29,31.145,42.012,24.187,29.155,34.205,cut
28.979,2,3,2,2,21.633,21.932,16.279,22.361,20.224,11,24.331,46.487,24.597,38.013,43.012,24.166,35.228,40.522,long
54.281,3,3,3,3,28.302,8,22.627,32.985,17.889,35.777,25.298,28.844,24,39,40.792,28.844,49.336,46.141,smash
22.979,3,3,3,3,27.459,0,27.459,22.627,11.314,23,0,21.213,17.889,28.018,24.352,17.889,32.016,23,netplay
23.504,3,3,3,2,19.925,13.601,7.071,6,16.031,17.692,21.19,35.511,18.439,12,34.482,21.095,33.838,16.125,lob
51.551,3,3,3,2,17.464,16.553,11.402,16.279,18.248,15.264,11.705,22.204,20.591,35.735,29.411,27.166,18.028,17,smash
20.716,2,2,2,2,25.298,17.889,10.63,8,16,17,0,23,17.889,15,24,17.889,24.352,17.889,lob
30.361,2,3,2,3,31,17.464,24,32,16,17.889,22.627,25.298,17.889,28.302,40,25.298,31,17.889,cut
24.406,3,2,3,2,15.811,13.038,10.296,11.18,5.657,8.602,7.616,23.601,16.971,17.464,30.463,14.036,18.028,22.091,lob
29.544,3,3,3,3,28.844,8,32.985,28.844,17.889,8,16,32,28.844,43.081,43.081,24,32.985,35.777,cut
27.331,2,2,3,3,17.804,13.601,13.153,14.318,15.264,14.866,10.296,11.314,12.042,14.318,19.105,11.402,19.105,9,lob
37.2,3,3,3,3,24,17.889,25.298,21.932,11.314,16,32,32.985,24,44.553,48,25.298,34.886,42.154,long
40.136,3,4,3,2,9.22,16.125,14.036,15.033,15.033,19.799,11.18,25.612,26.401,22.804,27.166,20.616,23.087,25.612,long
39.669,3,3,3,3,25.298,15,16,8,8,35.777,22.627,24,28.302,23,35.777,25.298,39.205,43.081,long
39.101,2,3,3,2,17.464,9.899,15,23,10.63,11.314,17,23,16,16.553,25,17.889,31,30,cut
12.378,2,3,2,2,32.985,11.314,15,17.889,0,17.889,17.889,24,24,28.018,40.792,28.302,40.608,39.205,netplay
6.406,2,2,2,2,23.431,18.028,17,19.849,11.662,13.601,17.029,12.53,10.63,17.889,15.524,12.083,11.18,16.492,netplay
31.24,2,2,2,2,28.302,8,17.889,60.539,10.63,25,8,25.298,25.298,32,31,24,32.985,39.205,lob
53.879,3,5,3,2,17,16.643,16.031,14.422,17.088,13.892,7.616,27.295,17.692,20.396,21.378,14.765,18.682,13.928,cut
20.771,3,3,3,3,23,11.314,24.352,22.627,16,22.627,21.932,25.298,24.352,39.205,39,24.352,44.553,34.886,netplay
23.804,3,1,3,2,25.298,17.889,17.464,22.627,11.314,17.889,8,25.298,17.889,25.298,32.985,17.889,25.298,25.298,lob
41.998,3,3,3,4,32,15,32.016,11.314,16,27.459,17.889,24.352,24,46.141,41.785,22.627,35.341,24.352,cut
22.471,3,2,3,2,24,16,17,17.889,16,15,11.314,15,17.889,24.352,34.886,17.889,24.352,32.016,netplay
26.493,3,3,2,2,28.302,8,33.242,15,11.314,8,8,25.298,17.889,34.886,25.298,17.889,39.812,39.205,lob
68.983,2,3,2,2,17.263,17.263,15.133,14.142,11.18,22.204,10.817,23.022,13.928,20.809,15.033,16.643,23.087,16.125,drive
45.075,2,3,2,2,31.78,8,25.298,16,15,25.298,24.352,24,24.352,35.777,34.438,24.042,42.154,40,lob
22.679,3,5,3,2,17.889,8,17.464,16,0,17.889,17.889,24.352,17.889,23,28.302,11.314,24.352,39.205,cut
11.28,3,4,3,2,24.352,22.627,24.352,15,7,25.298,17.889,24.042,16,34.438,24.352,22.627,34.886,30,netplay
16.561,2,1,3,2,28.844,0,21.932,17.889,8,15,17.889,21.932,17.889,22.627,28.018,17.889,25.298,31,netplay
14.423,3,3,3,3,24,17.889,24.042,22.627,17,21.932,16,31.78,24,43.139,39.623,28.844,28.018,39.205,long
28.4,2,3,2,3,28.018,16,17,8,11.314,22.627,17.889,22.627,24.352,40,39.408,17.889,40,40.792,cut
23.105,2,3,3,2,16.279,17.493,17,20.518,11,25.179,10.817,27.019,17.029,18.974,17.029,13.454,20.248,19.698,lob
31.65,3,3,3,3,31,15,24.352,17.889,16,17,10.63,23,28.302,38.833,39,25.298,34.886,31.78,long
34.497,3,3,3,2,25.298,17.889,17.889,8,7,16,23,16,24,28.018,32.985,28.302,42.154,28.844,long
27.051,3,2,3,2,28.018,11.314,24,25.298,8,24,8,17.889,11.314,22.627,25.298,11.314,22.627,8,cut
7.671,2,2,3,3,25.298,17.889,7,17.889,11.314,32.016,17.889,32.016,28.302,39.812,28.844,24,42.154,39.812,netplay
15.887,2,2,2,2,24.352,17.889,17,11.314,16,16,10.63,23,22.627,24.352,31.048,16,24.352,31.048,lob
6.968,2,2,2,1,24,11.314,23,16,17.889,16,15,25.298,24.352,25.298,24.352,23,24,24.352,netplay
7.392,2,2,2,2,23.087,15.811,17.72,21.954,23.087,22.023,26.306,34.234,29.155,29.275,32,26.833,26.306,34.366,netplay
57.896,3,4,3,2,18.601,17.692,12.166,12.042,12.806,15.652,16.031,23.022,24.083,24.021,26.019,20.025,26.476,22.804,cut
35.163,3,3,2,2,21.84,8.062,15,23.022,8.544,15.033,15.297,32.65,20.248,21.19,36.878,25.239,29.069,35,lob
25.726,2,3,2,2,16,8,17,25.298,11.314,16.553,0,23,16,32.016,24,22.627,31.78,28.844,cut
4.578,2,3,2,2,25.298,8,11.314,11.314,8,17,11.314,23,22.627,34.886,32.985,16,31,32.985,netplay
62.318,3,3,3,3,20.616,16.279,30.414,27.295,20.248,9.849,23.409,41.593,28.425,42.72,35.355,24.331,36.346,39.812,cut
17.769,3,3,3,3,21.932,11.314,17.889,17.889,8,16,17.889,17.889,21.932,24.352,32.985,17,17.889,24.352,netplay
32.405,3,3,3,2,25.298,17,17.464,11.314,11.314,17,17.889,16,24,21.932,32,28.844,42.72,21.932,lob
52.147,3,3,3,2,15.652,11.662,14.765,16.279,19,14,11,22.804,24.413,24.187,27.459,19.105,24.042,21.471,smash
36.017,3,3,3,2,25.298,17.889,16,0,16,28.018,11.314,25.298,24,39.205,44.553,22.627,38.601,35.777,lob
70.427,3,3,3,2,17.889,11.18,11.402,9.849,12.369,17.117,18.385,23.345,21.932,35.384,19.647,20.025,26.173,23.537,smash
42.206,3,2,3,2,20.125,19.235,22.361,26.627,13.892,22.023,23.537,38.471,18.974,29.547,34.366,32.985,30.414,29.682,netplay
32.996,3,3,2,3,25.456,14.318,19.849,19.026,13.038,22.804,23.022,37.736,27.459,40.447,45.793,22.847,43.046,39.459,cut
12.894,2,2,2,2,16.643,14.318,16.492,20.518,12.806,19.235,15.556,12.042,14.318,16.279,23.409,17.692,22.023,11.045,netplay
3.124,2,2,2,2,24.352,15,16,0,0,17.464,8,21.932,27.459,41.785,34,24.042,39.623,34,netplay
13.912,2,3,2,2,18.439,14.213,20.396,23.409,12.042,28.32,19.416,47.297,20.248,30.48,38.91,21.954,36.346,32.28,long
29.384,3,3,3,2,32,11.314,32.016,28.844,16,22.627,21.932,25.298,23,33.941,39.812,21.932,46.648,34.886,long
49.023,3,2,3,3,23,17.889,17,16,16,17.889,10.63,16,17,32.016,21.932,17,32.016,24.352,cut
13.286,3,3,3,3,32.985,15,28.844,17.889,17.889,24.352,11.314,32,21.932,40.792,32.985,17.889,48.662,40.792,netplay
25.399,3,3,3,2,17,7,22.627,24.352,11.314,17.889,10.63,25,7,23,17.889,16.553,17,16,lob
68.487,3,2,3,2,32.016,16,28.844,21.213,17,17.889,11.314,25.298,24.352,33.941,31,24.352,39.408,31,cut
22.772,3,3,3,3,16,8,17.889,11.314,15,8,8,16,17.889,25.298,17.889,17.889,24,10.63,netplay
6.317,2,2,2,2,32.985,15,24.352,17.889,16,24.352,25.298,23,24,24.352,32.016,22.627,25.298,33.242,netplay
20.308,3,5,3,3,23,16,17.889,8,8,16,11.314,16,17,28.844,22.627,17,24,0,lob
25.761,3,1,3,2,21.932,0,28.302,0,11.314,24.352,0,28.302,8,28.018,24.352,0,28.018,23,lob
26.15,2,3,2,4,28.844,15,28.018,17.889,10.63,24,0,27.459,17.889,38.601,46.141,17.889,38.601,40.792,cut
51.146,3,4,3,2,18.028,10.817,19.313,15.133,19.925,16.401,12.728,26.077,20.591,26.077,24.187,22.136,29.155,23.022,long
30.26,3,3,2,2,16.125,19.416,30.083,26.571,13.892,14,15,41.34,24.083,34.482,34.713,19.925,36.249,30.529,long
38.448,2,4,2,2,15.133,14,15,10.817,13.892,14.765,12.649,23.77,22.472,17.029,19.026,21.84,26.476,24.083,long
23.171,2,3,2,2,31,0,10.63,21.932,0,21.932,32.985,25.298,17.889,28.018,32.016,21.932,39.408,40,long
50.963,2,4,2,2,22.627,8,25.298,7,10.63,8,7,17,21.932,32.016,23,16,24.352,21.932,smash
33.664,2,4,2,2,23.854,9.22,22.561,27.203,6.325,12.369,20.1,36.235,23.345,36.125,38.639,22.091,35.014,35.228,lob
70.775,2,3,2,2,15.033,16.279,18.868,17.029,13.601,13.342,11.402,22.204,15.232,24.839,23.537,22.204,21.213,29.833,smash
43.938,2,3,2,2,25.298,0,28.018,17.889,0,25.298,17.464,25.298,28.844,39.623,42.154,25.298,43.841,40,lob
81.477,2,3,2,2,23,16.553,17,17.889,16,16,8,16,24.042,25.298,27.459,24.352,24,24.352,smash
12.994,2,2,2,2,33.941,16,28.018,25.298,11.314,25.298,24.352,17.889,22.627,22.627,40.792,24.352,40,42.154,lob
16.305,3,4,2,2,28.018,8,17.889,17,0,23,24,21.932,21.932,24.352,39.205,28.302,39.812,34.886,netplay
14.717,2,2,2,2,25,10.63,17.889,21.932,16,17,8,17.889,16,21.932,24,21.932,32,16,netplay
12.503,3,2,3,1,20.125,21.84,22.825,21.633,12.042,19.026,17.72,29.967,18.028,29.275,27.659,27.857,26.173,30.887,netplay
17.818,3,1,3,1,25.298,16,17.889,11.314,7,25.298,32.016,16,17.889,15,25.298,17.464,24.352,8,lob
29.418,3,2,3,3,24.352,8,33.242,25.298,11.314,17.889,25.298,22.627,21.932,28.844,45.793,24.352,25.298,40,cut
25.318,2,2,3,2,17,16,11.314,11.314,7,16,0,16,17.889,21.932,24,17.464,24.352,11.314,lob
37.837,2,3,2,3,24,15,15,28.844,17.889,17,25.298,32,25,33.242,40.792,25.298,48,28.018,long
32.118,3,5,3,2,14.213,18.385,7.616,13.601,8.602,16.125,11.705,30.806,21.471,23.022,26.019,22.847,25.71,22.627,long
30.852,3,3,2,3,33.941,0,28.844,25.298,8,22.627,16,24.352,24,47.676,40.792,28.844,47,48.662,long
37.695,3,4,3,2,13.454,16.031,10.198,14.036,4,12.042,12,24.187,21.095,24.515,26.683,20.616,24.515,30.017,long
27.846,3,3,3,3,31,17,24,16,11.314,11.314,17,24,24.042,34.886,47.676,24.352,32.016,33.941,cut
20.571,3,2,3,2,28.018,0,15,22.627,0,15,22.627,17,22.627,34,22.627,17.889,24.352,16.553,lob
25.435,3,2,3,3,23,0,17.464,17.889,8,17.889,17,25.298,23,46.141,42.154,23,39.408,66.129,cut
4.169,2,1,3,2,14.56,10.296,18.028,20.616,24.083,14.866,11.18,26.683,17.804,18.358,24.698,18.439,21.471,12.728,netplay
15.951,2,2,2,2,28.018,8,16,28.302,11.314,17,11.314,22.627,17,39.812,33.242,23,34.886,33.242,lob
90.186,3,3,3,2,28.302,10.63,10.63,15,10.63,23,7,32.016,17.464,38.601,35.341,17.889,39.812,25,smash
17.64,3,3,3,3,28.018,0,17,17.889,7,16.553,16,21.213,17.889,23.087,35.777,8,21.213,24.352,netplay
25.219,3,3,3,2,25.298,17.889,8,24.352,7,16,24.352,24,25.298,17,11.314,25,34.886,32.985,lob
31.744,3,4,3,2,12.166,18.439,9.22,6.083,13,15,9.434,29.069,25.612,25.632,29.155,23.022,18,20.248,long
24.815,3,3,3,3,17,17.889,11.314,16.553,8,17.464,8,16,11.314,17,24.352,11.314,27.459,21.932,netplay
11.412,2,2,3,3,23,17,25.298,17.889,17.889,22.627,24.352,32,23,39.812,24.352,28.018,39,39.205,netplay
16.818,2,2,2,1,16,7,28.844,16,8,8,11.314,17.464,22.627,28.844,25.298,16,17,25.298,lob
7.115,2,2,2,2,24.352,16,21.932,23,7,17.889,10.63,17.889,24.352,23,31,24.352,23,39.812,netplay
5.112,2,2,2,3,32,16,25,16.553,11.314,24.352,17,32.016,17.889,32,38.601,16,40.792,39.812,netplay
21.366,2,1,2,2,24,15,24,8,17.889,17.464,17,24,17.464,40,25.298,17.889,32.985,24,lob
7.661,2,2,3,2,21.213,11.314,17.889,15,7,39.623,50.99,25,17,31,32.016,17,32.016,24.042,long
22.32,2,2,2,2,17,11.314,9.899,11.314,15,11.314,16.553,17,17.889,23,23,17.464,24.352,21.213,lob
76.776,2,2,2,3,22.091,20,22.472,26.627,16.125,26.683,17.72,33.541,26.926,31.385,41.34,29.206,37.59,33.971,drive
26.021,2,2,2,3,16,11.314,17.889,0,8,17,8,24,25.298,28.844,28.302,17.889,28.302,25.298,netplay
9.467,3,3,3,2,17.889,22.023,18.682,15.264,16.971,17.088,26.87,39.812,20.809,25.239,28.231,23.707,36.688,25.632,netplay
23.24,3,2,3,2,25.298,0,17.889,8,8,25.298,8,17.889,22.627,28.844,25.298,22.627,25.298,16,lob
46.33,3,2,3,3,31,8,34.438,23,11.314,17,54,31,17.889,21.213,42.154,24,17.464,11.314,drive
32.636,2,3,2,2,12.649,10.44,14.142,20.125,7.81,18.111,11,24.698,11.402,15.133,20.248,21.84,22.136,33.541,lob
75.605,2,3,2,2,21.26,14.866,22.361,17,17.72,14.036,16.763,30.806,31.828,36.125,30.017,27.203,25.807,37.537,smash
50.055,2,3,2,2,11.045,15,12.042,16.553,7.071,12.369,7.81,19.235,16.492,17.72,20.616,13.601,17.692,21.095,netplay
15.763,3,3,2,2,25.298,11.314,25.298,16,16,16,17.889,32.985,25.298,40.792,32.985,25.298,40,32,netplay
6.146,3,2,2,2,24.352,15,17.889,17.889,15,16,15,16,17,25,23,17,17.464,15,netplay
4.651,3,2,3,2,28.018,11.314,11.314,11.314,9.899,16,17,21.932,15,32.016,24.352,21.213,28.018,28.302,netplay
21.078,3,1,3,2,13.601,12.649,14.765,11.18,12.53,12.649,11.18,31.623,20.616,18.028,30.806,20.518,26.683,16.125,lob
30.312,3,2,2,2,17.263,12.207,29.833,28.302,19.698,18.028,10,43.658,28.32,15.652,34.438,22.472,27.785,16.763,long
57.949,3,2,3,3,21.378,19,24.413,22.561,12.369,18.111,18.028,36.77,18.868,29.732,37.59,18.439,23,37.656,cut
63.126,3,2,3,3,15,12.042,11.402,7.071,12.649,19.313,11.402,19.209,16.492,27.586,26.907,15.811,20.809,26.173,rush
19.615,3,2,3,2,25.298,16,23,8,17.464,17.889,24.352,31,24.352,28.844,34.438,24.352,44.553,34.886,netplay
23.175,3,2,3,2,24.352,0,17.889,15,8,22.627,15,17.889,24.042,21.213,24.352,16.553,31,31,lob
72.412,3,2,3,3,35.341,8,38.601,32.985,8,17,45.793,17,22.627,33.941,38.601,16,32,32.985,long
60.126,3,3,3,3,21.26,13.601,8.246,12.649,15.264,14.318,13.153,19.209,21.19,27.313,29.411,14.036,27.514,26.401,smash
26.096,3,2,3,3,23.195,7.071,20.396,27.203,11.402,23.087,24.042,32.249,28.178,38.079,38.013,17.464,28.231,37.121,netplay
12.574,2,3,2,4,31,15,28.844,17,16,21.932,11.314,24,24.352,21.213,39.812,17,38.601,39,cut
74.821,2,3,2,3,23,11.314,15,16,15,11.314,23,17.464,16.553,24.352,23,17,24.352,24.042,netplay
2.535,3,3,3,3,33.941,17.889,24.352,17.889,17.889,24.352,16,24.352,33.941,28.844,42.154,24,42.154,42.154,lob
50.292,3,3,3,2,25.298,8,17,16,16,17.889,8,16,11.314,25.298,33.242,11.314,25.298,28.844,smash
44.745,3,2,3,3,25.298,17.889,32.016,17,17.889,21.932,10.63,31,17.889,35.777,38.601,22.627,39.408,42.154,drive
21.091,2,3,2,2,13,5.099,5,7.28,15.811,9.849,13.153,27.295,17.117,24.083,20.248,22.204,22.627,30.232,cut
19.939,2,3,2,2,28.018,0,16,16,0,16,24,17.889,17,32.985,32.016,21.932,39.812,39.408,lob
42.892,2,3,2,2,11.18,10.63,8.944,11.402,4.123,9.434,12.806,29.069,23,20.025,26.87,23.324,19.105,29.732,long
25.232,2,4,2,2,25.298,15,17.889,15,11.314,25.298,21.932,24,24,41.785,39.408,24,34.438,25.298,long
33.885,3,3,3,4,28.018,8,32.527,24,17.889,16,8,32.985,28.302,47.676,47,25.298,39.812,35.777,cut
24.141,2,2,2,2,11.314,11.314,16,8,8,17.889,0,16,16,11.314,24.042,22.627,0,27.459,lob
100.801,2,3,2,3,19.416,19.105,25.495,24.207,20,15.652,15.811,39.051,34.059,26.401,38.328,30.083,29.206,40.817,cut
38.099,3,3,2,3,28.844,10.63,46.141,35.777,8,22.627,11.314,24.352,31,40,42.154,28.844,47.676,52.773,long
43.318,3,4,3,2,14.866,14.56,13,10,14.318,8.944,7,25.239,20.616,24.187,28.46,18.248,24.042,24.839,cut
13.097,3,4,3,2,32,16,10.63,11.314,8,24.352,16,23,25.298,24.352,32,25.298,42.154,32.985,netplay
21.98,2,2,2,2,24.352,16,24,21.932,8,8,32.016,16,17,17.889,24.352,17,22.627,23,lob
25.906,3,3,3,3,32.016,7,11.314,25.298,0,17.464,11.314,25,24.352,46.648,41.785,24.042,32,39.408,cut
29.212,2,2,3,3,16,10.63,17.889,17.889,17.889,7,10.63,25.298,17.889,24.042,28.844,17.889,9.899,17.889,lob
45.628,2,2,2,2,24,11.314,21.932,25.298,11.314,24.352,45.793,32.016,25.298,39.812,42.154,24,42.154,42.154,long
43.2,3,5,2,2,8.602,17,13.601,6.708,13.038,15,6,28.601,21.26,25.495,30.15,19.105,18.439,26.627,long
23.945,3,4,3,2,20.125,25.495,29.53,13.153,12.53,10.77,18.439,33.956,24.698,40.311,37.483,21.024,28.284,36.401,long
19.524,3,5,3,2,24,17.464,25.298,17.889,8,21.932,25.298,23,23,33.941,39.205,28.018,45.255,33.242,netplay
25.873,2,2,3,2,14.318,14.422,16.155,12.806,17.117,13.601,16.125,26.306,15.62,18.974,25.495,18.385,19.698,12.369,lob
24.067,2,2,2,3,32.757,17,24,15,8,22.627,27.459,23,25,33.941,39.812,25.298,43.081,34.438,cut
25.635,2,2,2,2,17.464,10.44,18.385,19.313,11.662,9.487,14.213,15,16.125,14.866,22.804,12.042,22.091,7.81,lob
90.14,2,2,2,2,18.788,20.025,27.459,7,18.682,10.44,13.454,43.278,25.495,32.016,45.177,22.204,29.833,31.765,smash
26.963,2,2,2,3,24.352,8,10.63,17.889,16,17.464,28.844,17.464,17.889,10.63,24.352,22.627,25,28.844,netplay
92.052,3,3,3,3,20,22.361,28.178,32.016,19.313,24.042,15.811,42.638,32.802,37.162,36.715,25.71,33.526,34.928,smash
21.794,3,3,3,3,24.042,17,8,17.889,16,11.314,16,16,8,32.527,28.844,11.314,24.352,17.889,netplay
8.996,3,3,3,2,24,8,16,64.498,8,25.298,56,25.298,25,32,8,25,32,40,netplay
17.192,2,2,2,2,16.125,15.232,14,14.765,11.402,9.849,10.198,16.031,12.53,13.416,19.416,10.63,11.402,6.708,lob
21.211,3,3,3,4,17.889,11.314,21.932,15,15,11.314,10.63,17,8,17.889,23,17,28.844,28.018,netplay
24.078,2,2,2,2,24,7,24.352,21.932,8,11.314,15,25,23,33.242,21.932,23,40,38.601,lob
90.519,2,3,2,2,13.153,13.454,12.042,14.765,12.207,18.028,13.601,31.257,18.385,20.881,12.728,18.601,25.962,29.206,smash
36.503,2,4,2,3,21.095,10.77,19.026,24.083,6.708,24.739,25.495,35.355,24.187,30.871,53.151,23.707,33.838,38.626,lob
81.108,3,3,2,2,15.652,17.117,10.63,16.031,17.464,17.464,11.18,28.284,19.849,30.083,23.087,19.416,24.331,18.601,smash
43.206,3,3,3,3,32.757,16,15,17.889,16.553,16,8,24.352,17.889,43.841,33.242,25.298,27.459,35.777,lob
65.474,3,3,2,2,18.028,14.866,20.616,13.928,11.705,11,17.464,26.173,15.264,27.586,26,20.809,23.854,22.472,drive
18.05,2,3,2,2,32,11.314,25.298,24,8,17.889,17,28.018,17.889,40,32.016,22.627,33.941,39.408,cut
7.005,2,2,2,2,13.153,14.213,12.649,11.662,15.297,15,10.05,30.067,17.804,20.248,27.659,19.209,21.378,6.708,netplay
11.294,2,2,2,2,21.932,8,17.889,0,11.314,16,17.889,28.844,17.889,31,38.601,17,25.298,32.527,lob
35.282,2,3,2,2,23.087,11.662,23.537,16.763,6.708,22.361,25.612,31.623,28.844,33.615,36.235,22.023,31.241,37,lob
78.911,2,3,2,3,13,22.847,7.071,12.083,14.142,10.44,10.198,27.313,20.616,28.636,31.623,19.647,23.537,30.676,smash
17.241,2,3,2,3,19.698,17.029,24.759,24.083,17.72,25.08,11.705,37.59,21.213,36,36.797,34,32.802,32.202,netplay
23.874,3,2,3,2,25.298,7,15,24.352,0,17,11.314,21.213,17.889,28.018,17.464,16,24.352,11.314,lob
30.087,3,2,2,3,23.77,9,22.804,26.926,8.944,8.944,13.601,41.725,17.889,36.139,40.012,12.166,25.71,38.833,long
62.081,3,3,2,3,10.44,17.088,8.062,12.53,6.708,19.026,8.246,32.45,18.868,21.095,28.636,17.088,26.019,26.249,long
22.335,3,3,3,2,32,16,24.352,17.889,16,24.352,17,28.844,24,42.154,42.72,28.302,28.844,39.205,cut
25.94,3,2,3,2,12.53,15,15.033,17.029,8.246,15.232,12.53,33.601,16.125,18.601,28.16,13.153,19.209,15.811,lob
50.052,3,2,2,3,23.087,18.788,17.029,15.524,8.944,10.198,19.026,35.805,26.173,32.558,41.195,20.025,25.495,23.601,smash
18.982,2,3,2,3,22.627,8,17.464,23,11.314,24.352,31.048,16.553,15,28.018,21.932,21.932,22.627,31.828,netplay
3.783,2,3,2,2,24.352,8,8,24.352,17,17.889,15,23,28.844,24.352,31,24,23,38.833,netplay
5.157,2,3,2,2,16,11.314,21.932,17.889,15,11.314,17,16,17,35.777,0,17,17.464,16,netplay
60.213,2,4,2,2,14.318,17.263,13.038,11.402,16.279,10.05,11.402,29.155,19.799,25.08,25.179,19.235,21.024,26.019,smash
27.644,2,3,2,2,32.527,11.314,11.314,21.932,8,34.886,23,28.844,21.932,32.016,34.886,17,44.553,34.886,lob
29.202,2,4,2,2,13.153,12.207,9,18.439,6.403,9.899,16.401,24.021,23.087,24.515,26.173,21.19,27,25.495,cut
7.047,2,3,2,2,20.248,13.038,17.493,14.213,12.042,18,19.313,40.311,21.633,30.414,31.765,21.213,33.121,31.241,netplay
4.569,2,2,2,2,13.153,14.213,12.649,11.662,15.297,15,10.05,30.067,17.804,20.248,27.659,19.209,21.378,6.708,netplay
17.034,2,2,2,1,17.889,17.889,17.889,8,8,17.889,7,28.844,17,22.627,22.627,15,35.777,33.242,lob
48.664,3,4,2,2,32.016,8,28.302,17.464,8,35.341,10.63,21.932,24,32.757,28.844,28.844,40,40.792,cut
28.896,3,3,2,3,25.298,8,21.932,8,0,15,17.889,11.314,21.932,28.844,21.932,15,22.627,31,netplay
16.594,3,3,3,2,24,15,32,25.298,8,22.627,22.627,25.298,24,32.527,40,28.844,39.205,33.941,netplay
21.515,2,2,3,2,17.889,16,16,21.932,8,24,28.302,16,17.889,11.314,28.302,16,15,17.889,lob
33.594,2,2,2,3,18.028,17.464,28.231,18.358,16,17,19.416,43.932,30.806,33.734,40.012,23.345,31.385,33.941,long
27.786,2,4,2,2,12.083,15.232,12.369,13.416,14.866,14.866,5,31.016,18.601,14.866,18.028,18.028,18,29.206,cut
5.173,2,3,2,2,21.84,11,16.763,13.454,7,10.296,13.038,38.013,20.616,25.495,29.547,18.111,34.525,30.232,netplay
21.781,2,1,2,2,17.889,11.314,17.889,21.932,15,15,22.627,17.464,17.464,25.298,25.298,17.889,32.985,32.985,lob
54.923,3,2,3,3,24,11.314,32,24.352,17.889,8,22.627,31,25.298,40,42.154,25.298,28.302,39.205,cut
22.388,3,3,3,3,18.111,15.62,23.087,16.031,17.117,19.723,15.524,27.295,19.105,22.672,29.732,23.022,20.224,21.633,netplay
18.589,3,3,3,2,25.298,11.314,8,11.314,7,23,0,24,17.889,17.889,25.298,17.464,35.777,32,lob
6.725,3,2,3,3,24.352,17,28.844,24.042,17.889,28.302,11.314,32,27.459,39,31,24.352,39.812,39,netplay
18.096,3,2,2,2,24.352,8,10.63,24.352,16,15,17.889,8,17,23,23,17,24.352,24.352,lob
12.938,3,2,2,1,32.527,16.553,21.932,15,10.63,17.889,15,24.042,21.932,38.639,23,15,31,30,netplay
14.553,3,3,2,2,27.459,11.314,8,32.985,16,17,7,17.889,23,39,38,28.018,39,38.833,long
23.84,3,3,3,2,24,17,16,17,8,24,17.889,24,28.302,32.016,40.792,24,44.553,42.72,lob
28.286,3,3,3,2,15.811,13.416,14.036,10.296,13.928,10.63,13.153,24.083,27.803,23.022,29.12,23.022,23.259,25.612,cut
14.129,3,3,3,2,24,11.314,21.932,22.627,16,17.889,17.889,23,25.298,35.777,31,25.298,22.627,23,netplay
19.924,2,2,3,2,19.235,11.402,14.422,15.811,10.63,11.045,16.553,18.974,16.401,17.493,28.636,12.728,21.932,10.817,lob
31.545,2,2,2,3,32.527,11.314,55.154,24,10.63,33.242,24,22.627,24,43.081,32.527,28.302,40,47.676,cut
12.146,2,2,2,3,14.318,12.53,19.313,24.597,11.402,17.117,20.224,11,10.63,16.643,16.763,10.63,12.083,12.53,netplay
20.888,2,3,2,2,24,17,0,15,11.314,23,17,25.298,25,17.889,16,25.298,28.302,32,lob
83.473,2,3,2,2,14.866,8.944,16.125,17.464,7.211,16.492,10.817,20,18.788,22.361,18.385,19.209,16.401,21.024,cut
15.293,2,2,3,2,21.095,16.125,19.723,17.804,13.601,15,9.899,34.54,16.125,22.204,26.173,16.125,22.361,29.275,long
66.504,3,3,3,3,13.601,12.083,19.313,18.111,7,8.544,8.602,35.847,16.553,21.587,22.627,16.279,24.352,30.067,smash
22.979,3,3,3,2,28.018,11.314,33.242,21.932,17.889,32.985,16,28.018,17.889,35.341,44.553,28.844,33.242,39.408,netplay
18.013,3,2,3,2,21.932,0,17,17.889,0,15,0,10.63,17.889,17.889,24.352,16,16,23,lob
21.157,3,2,3,3,17,0,21.213,11.314,8,11.314,21.213,21.932,11.314,28.302,27.459,17.889,16.553,25.298,lob
44.255,3,2,3,3,32,16,28.018,8,15,16,17.889,24,25.298,47.676,40.792,25.298,45.277,43.081,long
71.017,3,4,3,3,14.866,16.155,16.125,9.22,12.166,15.033,13.892,38.833,17.029,22.561,29.069,13.928,18.682,24.083,smash
15.099,3,2,2,2,25,7,16.553,17,8,17.464,15,17,24,31,25.298,25.298,31,31,long
63.807,2,2,2,3,25.495,17.263,9,18.028,28.425,8.944,18.028,36.249,32.249,31.048,37.336,31.321,36.674,37.121,smash
20.11,2,3,2,3,25,15,15,8,16,16,17.889,17,11.314,21.932,32.016,11.314,28.844,27.459,netplay
22.592,2,2,2,2,23,7,17.889,11.314,8,16,10.63,25,28.018,34.886,22.627,24.352,39.812,17.889,lob
48.005,2,3,2,2,11.18,10.817,15.524,11.402,10.817,15.232,14.56,29.017,16.125,19.235,18.028,18.682,23.707,27.203,cut
14.54,2,3,3,2,25.298,17,28.018,8,11.314,21.932,22.627,32,28.302,32.757,28.302,25.298,32.985,40,netplay
16.58,3,2,3,2,15.133,10,19.235,16.155,3.162,13.454,11.705,25.318,15.652,18.788,30.083,10.296,21.024,23.195,lob
14.864,2,2,3,2,17,17.889,16.401,18.028,18.111,10.296,9.22,31.78,19.698,22.204,22.023,19.235,24.021,29.833,long
59.035,3,3,3,3,28.844,8,44.553,48,8,39.408,17.889,32.985,25.298,48.508,40.608,24,40.792,40,long
30.82,3,3,3,3,15.133,11.705,24.413,21.213,12.207,19.209,15.297,35.355,17.117,25.632,33.242,19.723,24.331,26.571,long
27.639,3,3,3,2,19,22.361,24.083,18.974,18.439,15.811,14.765,36.346,31.385,37.014,30,26.926,31.145,26.173,cut
38.695,2,3,2,5,34.886,17,27.459,27.459,11.314,8,8,28.302,27.459,41.785,44.777,24.352,47,41.785,long
34.575,2,5,2,2,25.298,17.889,17.889,25.298,11.314,16,17.889,17.889,17.889,22.627,24,16,32,32.985,cut
23.818,2,3,3,2,32.985,17.889,10.63,16,17.889,17.889,11.314,17,17.889,28.844,17.889,17.889,28.844,34.886,lob
31.597,3,5,3,2,25.298,8,10.63,7,0,17.889,8,17.889,17.464,16,25,17.889,17.889,21.932,long
30.334,3,3,3,3,31,17.889,32,15,16,21.932,17,31,24,42.154,32.016,28.844,32.016,38.601,cut
7.768,3,2,3,3,17,0,11.314,10.63,8,17,23,22.627,16.553,27.459,24.352,16.553,17.889,17.464,netplay
5.049,3,2,3,1,31,8,17,8,16,21.932,8,23,24.352,11.314,23,24.352,28.018,31,netplay
4.298,3,2,3,1,16.492,13.454,15.811,21.024,8.062,17.205,16.155,34.409,19.235,24.207,32.062,16.492,27.166,26.173,netplay
16.58,3,2,3,1,32.016,8,66.611,30,16.553,17.889,8,31,17,24.352,17.464,17,34.438,24.352,lob
57.782,3,2,3,3,35.777,17,22.627,24.042,11.314,8,34.438,24.042,28.844,47.676,39.812,24,47,39.623,cut
45.974,3,2,3,3,14.866,14.036,16.763,26,6.325,12,11.045,31.145,19.416,26.173,27.203,9.434,22.672,28.636,lob
43.135,3,2,3,2,16.279,21.541,14.866,18.385,15,13.038,16.031,37.443,25.612,39,30.265,21.095,31.064,27.166,smash
14.452,2,3,3,2,25.298,11.314,17,17.889,15,25.298,17.889,25,23,32.757,31,28.018,40,32.016,long
30.046,2,4,2,2,21.932,8,21.932,10.63,10.63,16,17.464,17.889,17.889,28.302,23,24,24.352,32.757,cut
9.826,3,3,3,2,28.302,11.314,17.889,17.889,16.553,25.298,11.314,10.63,24.352,24.042,23,28.844,28.018,24.352,netplay
53.72,2,3,2,3,33.242,10.63,34.886,16,11.314,17,16,24.042,33.242,45.277,42.72,25.298,39.812,39.408,smash
21.178,2,2,2,3,17.804,7.81,19.416,17.72,10.63,25.298,15.652,23.77,12.728,24,26.87,29.155,18.439,34.176,netplay
35.536,2,3,2,2,25.298,16,25.298,16,11.314,22.627,25.298,28.844,22.627,35.777,16,24,32.985,32.985,rush
13.413,3,2,3,2,23.409,12.042,27.019,15.232,6.708,6.403,14.318,17.263,19.849,17.205,31.78,17.263,26.019,27.893,netplay
23.631,3,3,3,2,25,17,11.314,17.889,8,28.844,17.889,24,24.042,22.627,17.889,24.352,25.298,32.016,lob
71.262,2,3,3,2,16.553,12.53,22.804,17.029,11.402,21.378,11.045,27.166,14.765,21.401,25.612,16.155,28.231,26.401,smash
28.93,2,3,2,2,34.886,7,11.314,23,8,24,24.352,23,28.302,38.833,33.941,24,34.886,38,lob
28.376,2,3,2,2,24.352,8,16,11.314,8,17,17.889,15,17.889,15,23,17.889,23.409,24.352,cut
24.362,2,3,2,2,18.974,7.616,17,16.155,16.125,14.318,19.313,42.059,17.464,24.515,28.178,25.179,25.962,29.155,lob
30.713,2,4,2,2,19.698,9.22,19,16.031,12.042,15.033,14.318,29.411,18.868,17.263,19.105,17,29.155,23.601,cut
24.179,3,4,3,2,32.985,17.889,17.464,22.627,17.889,25.298,11.314,15,25.298,17.889,17.889,22.627,25.298,24.352,lob
32.619,2,4,3,2,12.207,7.071,8.602,12.806,6.325,18.788,10.817,33.061,17.029,22.672,22.825,19.925,26.019,26.683,cut
23.81,3,4,3,2,24,10.63,17.889,11.314,16,21.932,17.889,24.352,17.889,17.889,24.352,17.889,24.352,24,lob
25.632,3,3,3,3,31,17,24,11.314,16,22.627,11.314,24,23,49.82,39,28.018,39.812,39.408,cut
15.912,3,2,3,3,14.56,13.601,24.083,20.809,5.831,14.142,7,32.558,12.369,22.804,25.807,11.705,23.345,32.14,netplay
12.999,3,2,2,1,16.553,10.44,13.601,16.401,17.263,11.662,18.385,37.483,24.413,26.306,29.206,27.166,23.601,27.203,lob
21.936,3,3,2,2,28.302,0,17,25.298,7,24.042,16,24.352,22.627,39.205,39.205,17.889,38.601,40.792,netplay
24.49,2,2,2,2,17.464,13.454,17.889,21.19,16,19.235,19.105,25.71,13,17.493,32.14,19.105,35.511,14.318,lob
14.896,2,2,3,2,17.889,8,7,17.889,16,11.314,10.63,17,24,31,25.298,28.844,31,32.016,long
64.911,3,3,3,3,39.205,11.314,28.018,25.298,11.314,24,17.889,25.298,33.941,47.676,39,24,55.579,31,cut
32.929,3,3,3,3,21.932,16.553,17.464,0,9.899,16,27.459,17,22.627,28.018,21.932,17.889,24.352,21.932,lob
46.008,3,3,2,3,23.77,16.279,22.672,26.571,9.434,13.038,12.042,34.928,20.809,32.249,37.643,23.087,28.018,31.145,cut
17.889,2,2,2,3,25.298,16,17.464,11.314,16,16.553,24,24.352,11.314,34.886,39.408,17.889,17,40.792,netplay
12.946,2,2,2,2,28.844,10.63,22.627,43.081,8,22.627,17.889,24.352,25.298,32,28.302,17.889,17.889,25.298,netplay
22.789,3,1,2,2,14.318,10.77,13.342,17.464,12.042,12.042,9.055,27.731,19.849,21.471,29.411,14.036,21.095,25.179,lob
43.626,3,2,3,3,35.777,17,25.298,28.844,8,8,32,24,24,41.785,40,28.844,42.154,33.242,long
24.497,3,4,3,2,14.318,13.454,14.866,15.264,12.166,17.205,12.042,29.069,17.692,24.083,35.355,17.72,22.561,19.723,cut
7.817,3,3,3,2,32.016,8,25.298,8,15,17.889,8,17.464,16.553,17.889,23,17,25.298,32.016,netplay
11.033,3,2,3,2,15.297,12.806,25.02,17.088,8.485,17.464,16.125,33.422,15.62,21.932,30.806,15.133,22.023,24.597,lob
66.004,2,4,3,2,17.493,11,23.259,18.439,13.454,20.224,10.198,27.459,15,19.698,15.133,18.028,22.472,32.249,smash
17.223,2,4,2,2,32.016,16,17.464,25.298,7,22.627,17,24.352,33.242,34.886,44.553,28.018,46.141,39.812,netplay
16.297,2,2,2,2,14.036,16.401,14.142,12.042,20.025,15.232,17.889,28.16,14.765,18.385,30.414,19.209,25.962,13.928,netplay
9.702,2,2,3,1,32.985,17.889,11.314,17.889,17,17.889,16,17.464,25,25.298,8,17.889,28.844,25.298,netplay
53.687,2,3,2,3,40,11.314,28.844,32.985,11.314,17.889,16,25.298,33.941,48.662,40.792,25.298,50.596,32.985,long
75.577,2,3,2,3,18.868,10.05,21.932,18.868,7.81,20.248,16.971,26.249,15.264,21.095,24.166,14.866,29.428,27.659,smash
23.056,2,3,2,2,35.777,17.889,17.464,17.889,15,21.932,10.63,24,25.298,41.785,35.777,28.302,34.438,43.081,lob
40.386,3,2,3,3,23.409,19.925,27.857,21.024,12.207,12.649,30.017,36.62,27.459,38.118,39.115,26.683,42.19,38.328,long
31.209,2,4,2,2,16.401,9.487,12.728,11.18,10,9.055,17.263,35.355,20.125,16.643,15.811,19.647,18.248,33.956,cut
25.389,2,3,2,2,25.298,7,24.042,7,7,24,11.314,31.78,15,28.302,21.213,15,39,28.302,lob
23.936,2,3,2,2,17.889,8,8,16,11.314,17.889,17.889,16,17.464,24,28.844,17.464,24,28.844,cut
6.59,2,3,2,2,32,17,7,15,11.314,23,15,32.016,17.464,41.785,28.018,25.298,31,28.018,netplay
5.69,2,2,2,2,18.248,16.643,18.028,17.804,16,20.224,15.524,23.77,16.279,22.204,21.26,20.518,25.612,20.591,netplay
18.662,2,2,2,2,23.409,11.18,18.028,18.788,14.866,15.264,27.019,41.869,23.854,23.087,28.844,24.083,26.476,25,lob
27.521,2,3,2,2,28.844,8,23,17.889,10.63,25.298,17,28.018,22.627,45.793,34.886,24.352,35.777,34.886,lob
60.878,2,3,2,2,23,0,11.314,11.314,8,16,8,16,15,24.352,15,17,24.352,32.527,smash
35.532,2,3,2,2,32.016,17.889,17.889,15,15,28.018,17,25,24.042,42.154,39.408,28.018,35.341,39.623,lob
75.39,2,3,2,2,18.601,16.125,17.889,17.464,9.22,18.682,15.232,27.857,15.556,29.069,18.028,19.235,24.166,34,smash
21.432,2,3,2,2,32.985,8,28.018,24.352,8,17,24,21.932,22.627,46.141,33.242,28.844,39.205,40.792,netplay
28.656,2,2,2,2,20.396,13.892,15,15.232,12.042,18.439,16.643,25,15.524,19.105,28.862,19.849,14.866,21.932,lob
27.301,2,3,2,2,32.757,17.889,17.889,17,15,17.889,8,24.042,17.464,32.985,32.016,17.889,43.081,34.438,cut
15.222,2,2,2,2,24,11.314,11.314,17.889,15,8,17.889,17.889,17.889,24.352,25.298,10.63,22.627,17,netplay
17.519,2,2,3,1,32,11.314,22.627,11.314,16,24,17.889,25.298,16,33.242,22.627,22.627,32.016,28.844,lob
37.199,2,4,2,2,13.892,15.133,18.028,10.77,13.601,10.44,9.899,32.573,18.358,20.224,27.166,18.682,21.587,30.594,long
41.337,3,3,3,3,32.985,10.63,25.298,22.627,16,25.298,11.314,24.352,24,46.141,31,28.844,25.298,28.844,cut
28.531,3,2,3,3,17,8,24,8,8,17.889,17.889,23,17.889,28.018,34,16,23,21.213,netplay
69.514,3,5,3,2,17.692,14.866,26.306,18,18.111,14.422,12.166,27.295,19.209,24.698,20.591,18.974,20.396,25.298,smash
18.685,3,3,3,2,28.018,11.314,28.302,24,17,17.889,8,27.459,22.627,34.886,39.205,32.985,39.205,34.886,netplay
60.621,2,3,2,3,35.777,17,28.302,16,17.889,16.553,8,34.438,21.932,56.569,39.623,25.298,48,34.438,cut
18.835,3,3,2,3,21.932,0,17.889,17.889,8,11.314,11.314,22.627,17,22.627,28.018,11.314,28.018,28.018,netplay
25.286,3,3,3,2,32.985,22.627,15,16,15,28.844,8,32,16,28.018,21.932,21.932,34.886,24,lob
47.968,2,3,2,2,13,10.44,9.849,14.142,5,17.117,16.763,31.145,16,16.553,25,15.524,22.091,27.803,cut
46.045,2,3,3,2,27.459,17.889,24.352,24.352,16,24.352,8,28.844,23,38.601,39.205,21.213,39.205,43.841,lob
31.778,3,3,3,2,18.028,10,21.471,20.248,10.77,19.849,9.849,34.713,17.029,21.213,37.121,20.616,24.331,26,long
40.405,3,3,2,3,46,15,21.213,7,8,24.352,8,17.889,17.889,42.154,38.601,21.932,52.326,39,long
24.792,2,3,2,3,25.298,10.63,22.627,17.889,8,24,15,17.464,17.889,25.298,16,16,32.985,35.341,cut
28.087,2,3,2,2,28.302,8,24.352,16,10.63,17.464,22.627,32.016,17,35.777,28.018,15,32.985,34.886,lob
30.957,3,4,2,2,16.279,12.083,16.279,13.454,11,7.071,15.297,31.241,17.804,24.352,33.136,18.248,20.396,22.023,long
19.298,3,2,3,4,10.63,0,16,0,0,17.889,17.889,17.889,10.63,21.213,16,17,27.459,138.636,netplay
15.024,2,2,2,2,33.941,8,22.627,40,0,22.627,22.627,25.298,22.627,35.341,40,17.889,25.298,28.844,netplay
28.635,2,2,2,2,20.025,13.416,18,15.297,18.682,14.422,13.038,29.155,17,21.024,30.806,16.279,24.187,16.643,rush
14.885,2,2,3,2,25.298,8,17.464,24.042,0,16.553,15,15,24,31,28.302,25.298,31,31,long
58.779,3,3,3,4,32.985,16,17,8,28.844,21.932,8,35.777,27.459,40.792,32.016,32.016,40.792,34.438,cut
17.702,3,2,3,3,12.042,12.207,17.692,22.472,16.155,8.602,8,40,19.026,23.259,30.887,15.811,16.125,24.839,netplay
9.536,3,2,3,2,28.302,17,17.889,8,8,22.627,11.314,24,16,21.932,25.298,22.627,25.298,17.889,netplay
18.7,3,3,3,4,32.985,15,17.889,33.242,17.889,10.63,17,32,28.302,47,32,24,47.518,43.081,cut
13.364,3,3,2,2,20.248,6.325,21.633,19.698,12.649,22.361,18.439,35.355,29.155,28.862,31.385,20.396,24.597,29.411,netplay
22.337,2,2,2,2,17.117,12.728,16.401,19.235,19.026,16.763,15.652,24.166,16.155,22.472,25,17.692,24.207,19.723,lob
44.436,2,2,2,3,21.932,12.042,23.195,30.61,17.088,14.036,17.088,35.468,29,22.627,36.401,29.428,30.887,38.949,cut
18.263,2,2,2,3,25.298,16,22.627,24,8,22.627,17.464,16,15,28.844,32.016,21.932,28.844,28.018,netplay
12.477,2,2,3,2,28.844,10.63,21.932,17.889,11.314,21.932,17.889,17.464,25,23,16,24.352,35.341,28.302,netplay
35.943,3,2,3,1,11,12.042,15.297,14.56,6,12.042,12.53,33.838,22.091,23.431,28.16,23.259,14.765,22.023,rush
20.837,3,1,3,2,34.438,17.889,16.553,28.844,10.63,16,9.899,25.298,17,39.812,32.016,23,34.438,35.341,lob
103.55,3,2,2,2,24,10.63,25.298,11.314,8,21.932,0,25.298,16,28.302,32,17.889,25.298,33.242,smash
23.505,2,3,3,2,25.298,11.314,15,17.889,17,17,21.932,31,25.298,31.78,32,17.889,45.277,35.341,netplay
13.529,3,2,3,2,19.416,9.055,11.402,15.264,9.055,13,10.817,29.732,14.318,16.125,33.615,15,19.026,31.064,netplay
18.097,3,2,3,2,24.352,17.889,0,25.298,17.889,17,8,23,25.298,10.63,24,25.298,28.018,23,lob
30.773,2,3,2,4,35.777,15,25.298,28.018,11.314,17.889,24.352,32,25,50.596,33.242,25.298,48,32.985,long
58.264,2,4,2,3,10.63,11.402,7.211,9.899,11.18,12.369,12.207,39.56,16.155,21.213,27.203,16.155,23.345,21.19,smash
29.754,3,3,3,3,32.985,17.889,22.627,24,16,28.844,17.889,25.298,24,35.777,40.792,28.844,40,40,netplay
19.459,3,2,3,2,24.042,8,16,8,7,16,0,25.298,17,24.352,17.889,15,23,7,netplay
25.859,3,3,3,2,23,11.314,15,8,15,16,17,17.464,24.042,21.932,17.889,24.352,24.352,23,lob
26.56,2,4,3,2,23,11.314,10.63,15,15,16,10.63,17.889,24.352,27.459,17,15,32.016,27.459,cut
20.984,2,3,2,2,28.844,8,24,17.889,11.314,17.889,17.889,28.302,22.627,24.352,25.298,22.627,40.792,32.985,lob
45.658,2,3,2,2,16.492,6.708,15.524,25.08,11.18,17.088,22.472,29,15.524,20.518,17.72,18.974,23.087,28.636,long
34.169,2,3,2,3,19.235,21.471,23.087,25.02,19.647,14.318,16.279,33.941,30,34.205,36,25.962,39.623,32.696,long
28.622,2,3,2,2,24,8,15,11.314,7,8,17.464,16,17.889,25,17.464,16,24,28.302,cut
32.685,3,3,3,2,32,15,16,17,16,21.932,22.627,25.298,25.298,16.553,25.298,25.298,32.527,25.298,lob
38.071,3,3,3,2,15.133,9.849,15.811,16.031,15.62,11.402,18.028,34.525,20.881,20.1,35.468,19.647,24.083,30.414,long
27.435,3,3,2,3,34.886,8,17,70.456,11.314,8,39,17,16,34.886,28.302,25.298,39.623,40.608,long
46.931,3,3,3,3,32.016,8,32.757,24,8,16,73.546,24.352,24.352,35.777,41.231,24.352,24.352,40,cut
31.596,3,3,3,3,24,0,25.298,8,8,15,46.141,17,24,28.018,24.352,25.298,15,21.932,lob
61.711,3,3,3,3,30.15,19.235,23.345,21.84,18.248,20.125,17.464,26.926,25.08,39.408,35.44,29.069,28.653,30.414,long
36.053,3,3,3,3,15,11.662,22.023,20,11.402,12.042,11.662,38,14.142,25.179,30.414,16.279,22.136,25,long
40.171,3,3,3,3,39.812,16,7,80.529,17,25.298,21.932,23,23,41.785,39.812,22.627,32.016,32.527,long
36.086,2,4,2,3,16,8,11.314,25.298,0,17.889,10.63,16,17,17.889,24.352,15,25.298,39.408,long
49.682,2,3,2,4,38.419,8,32.985,32.985,10.63,0,31.048,25.298,33.242,40.792,40.792,24,42.72,35.777,cut
15.118,3,2,2,3,25.298,11.314,17.889,22.627,11.314,16,16,28.844,17.889,28.844,28.844,16,25.298,28.844,netplay
22.191,3,3,3,2,31,8,17.889,7,16,22.627,17,17.889,24.352,11.314,23,17,34.886,25,lob
11.621,2,3,3,2,24,11.314,28.844,10.63,16,28.018,16,25.298,22.627,25.298,21.932,17.889,35.777,25,netplay
8.852,3,2,3,2,15.652,12.083,17,18.868,12.369,9.434,10,30.529,15.62,25.456,36.688,15.297,23.087,21.954,netplay
4.961,3,2,3,1,26.476,17.464,14.213,15.297,20.1,15,16.279,33.015,21.19,18.601,18.439,23.707,27.659,25.495,netplay
18.945,3,2,3,1,17.263,10.817,21.095,14.56,9.849,14.318,15.811,35.511,17.029,24.698,31.953,17.692,15.811,25.942,lob
26.187,3,2,3,2,28.302,18.868,20.248,21.541,9.22,7.071,8.544,30.48,24.597,35.468,33.956,13.342,11.705,17.088,long
14.659,2,2,3,2,16.553,16,22.627,16,10.63,16.553,0,24.352,17.889,30,23,16,24.352,30,long
34.807,3,3,3,4,28.844,17,28.018,25.298,17.889,24,17,35.341,28.018,47.676,40,24,47.676,35.341,cut
22.604,2,2,3,3,20.248,10.817,12.207,13.454,13.038,17.692,20.125,11.314,10,22.804,24,15.232,17.692,23.707,lob
35.867,2,2,2,3,28.018,11.314,32,16,8,17,17.889,25.298,22.627,46.141,40.792,16,43.081,39.408,long
29.753,2,3,2,2,13.928,11.705,17.493,21.633,4.472,16.643,15.652,27.166,19.416,17,18.439,19,24.839,28.32,cut
22.798,2,3,3,2,32.985,10.63,24.352,16,17.889,24,15,21.932,17.889,25.298,17.889,25.298,33.242,33.242,lob
20.038,3,3,3,2,13.038,15.297,16.971,11.045,12.649,15,12.53,37.736,15.811,25.71,28.792,16.553,20.224,23.601,cut
19.075,3,3,2,3,24.352,22.627,15,10.63,8,25.298,11.314,24,24.352,42.154,39.205,21.932,39.812,39,netplay
25.914,3,2,3,2,22.627,0,8,21.932,7,15,15,16.553,17.889,21.932,17.889,17.889,28.844,16,lob
72.602,3,2,2,3,25.495,19.723,26.173,30.265,15.524,24.083,21.633,36.125,31.145,32.202,34.928,23.022,31.765,26.907,smash
23.778,2,2,2,3,17,12.806,16.492,20.248,6.083,19.026,20.616,31.145,10,20.616,30.414,17.889,24.042,32.65,lob
72.159,2,3,2,2,24,8,8,17.889,17,24.352,11.314,32,28.302,35.341,32,24,35.341,32,drive
29.535,2,3,2,2,24.042,7,8,17.889,8,17.889,16,11.314,16,27.459,32.016,22.627,24.042,27.459,lob
70.301,3,2,3,2,19.026,28.636,16.155,16.492,14.422,22.204,19,37.336,25.807,33.242,34.205,26.306,41.11,21.633,smash
20.379,3,3,3,3,13.342,15.811,17.804,24.698,11.18,14.318,10,33.015,17.692,21.932,33.838,9.899,17.692,24.739,netplay
24.118,3,3,3,2,32.016,17,17,11.314,16,17,16,16,24.352,16.553,17.889,21.932,31.78,23,lob
28.899,2,4,3,2,15,8,17.889,0,11.314,17,11.314,15,17.889,28.018,28.018,17.889,23,17,cut
12.026,2,3,3,2,25.298,11.314,17.889,17.889,15,25.298,11.314,17.464,24,28.018,17.889,28.844,28.844,25.298,netplay
13.25,3,2,3,2,13.892,11.18,16.279,25.554,12.728,11.402,9.434,31.765,16.763,22.672,30.15,18.028,19.235,24.839,netplay
19.77,3,2,2,1,21.024,9.487,17.117,17,12.369,17.029,20.881,37.121,24.352,25.71,33.287,28.16,24.515,28.601,lob
39.931,2,4,2,2,14.142,9.22,5.385,14.142,4.243,21.378,14.142,31.064,14.765,16.553,23.259,13,25.08,26.833,long
42.287,3,3,3,3,31,17.889,17.889,15,16,17,8,24.352,23,33.941,32.016,24.352,24,31.78,cut
33.282,3,2,3,3,14.036,9.22,16.031,19.026,10.817,11.045,15.524,34.176,21.19,22.023,28.844,19.925,16.125,21.401,lob
42.007,3,3,2,3,23.345,16.492,21.213,15.232,11.662,13.153,12.083,26.173,29.155,40.05,38.118,27.514,38.833,31.623,long
32.613,3,3,3,3,32,17.889,31,17,8,24.352,8,23,24,46.141,31,28.844,32,34.886,cut
29.323,3,2,3,3,15.524,11.402,18.028,15.652,10.77,5.831,13.342,30.414,14.765,21.471,28.302,15.62,21.84,27.459,lob
45.339,3,3,2,3,24.083,17.493,21.587,20,10.05,14,15.133,33.541,26.249,41.11,36.014,25.179,31.321,29.698,long
26.007,2,3,3,3,32.016,11.314,25.298,15,17.889,17.464,17.464,25.298,23,39.205,43.081,24.352,33.242,35.341,cut
26.21,3,2,3,2,28.018,0,8,17.889,0,16,16,17.889,24.352,21.932,31,15,24.352,40.792,lob
44.924,3,2,3,3,31,16,11.314,8,17.889,11.314,56.569,23,24.352,42.154,31,22.627,39.812,44.944,long
21.296,3,3,3,3,16.155,17.889,15.297,13.601,9.22,18.358,8.062,34.67,18.601,24.166,35.057,17.464,25.318,22.804,cut
6.287,3,3,3,2,24,11.314,25.298,16,17.889,22.627,17.889,32.985,17.889,35.777,17.889,17.889,32.985,32.985,netplay
58.748,2,3,2,4,27.785,21.26,23.022,19.105,21.095,20.616,12,34.928,36.892,42.012,32.558,30.265,35.128,40.497,cut
19.307,3,3,2,3,21.932,8,15,17.889,0,15,22.627,17,22.627,28.302,28.018,17.889,21.932,24.352,netplay
23.56,2,3,2,2,32.985,7,25.298,49.336,8,32.757,0,28.302,21.932,31,30,21.932,31,34.886,lob
29.571,2,3,2,2,15.811,13,17.464,12.083,12.53,14.866,18.974,30.364,12.728,21.954,19.026,13.601,27.313,29.411,cut
26.416,3,3,3,2,32.985,15,23,7,16,16.553,16,17,28.844,17,24,17.889,32.757,28.018,lob
73.714,2,5,3,2,24.352,10.63,16,7,8,16,8,16,11.314,21.932,24.042,15,24,32.016,smash
32.77,2,4,2,2,33.941,11.314,25.298,22.627,17.889,24,32,22.627,28.844,39.812,40.792,25.298,28.018,43.081,lob
58.622,2,4,2,2,14.142,15,17.029,9.22,8.544,13.342,11.18,35.847,15.652,21.095,29.833,16.125,21.095,26.173,smash
69.636,3,4,3,2,10.198,11.045,10.44,15.297,8.544,4.472,14.422,37,17,17,28.862,16.763,21.378,25.942,smash
23.55,3,4,3,3,22.627,11.314,28.302,32.985,17.889,25.298,17.889,28.844,21.932,35.777,32.016,25,45.255,28.018,netplay
28.253,3,2,3,2,13.601,11.314,12.53,9.434,5.099,8.602,9.055,28.16,22.627,17.029,33.106,14.866,24.083,16.279,lob
44.999,3,2,2,3,20.616,20.518,22.204,22.204,13.928,11.662,21.633,29.411,38.419,31.765,35.341,24.021,33.422,24.698,smash
13.212,2,3,3,2,27.459,21.213,24,24.352,17.889,15,16.553,24.352,23,32.016,31.78,28.018,32.016,32.016,long
37.2,2,5,2,2,9.22,12.369,14.866,15.033,8.544,13.342,15.133,26,14.318,18.248,23.345,16.155,20.1,29.833,long
53.389,3,3,3,3,40,16.553,17.464,0,8,17.889,11.314,23,25,39.812,39,28.844,32.016,39.408,cut
18.9,3,3,3,3,17.889,10.63,21.932,8,8,10.63,25.298,21.932,17.464,24.352,32.016,17,27.459,33.242,netplay
15.526,3,3,3,2,32,17.889,17.889,8,24,25.298,8,25.298,28.844,32.985,16,25.298,32.985,32,netplay
18.076,2,2,3,2,27.459,15,22.627,21.932,17,11.314,8,11.314,17,21.932,21.932,17.889,21.932,27.459,lob
72.013,2,2,2,2,32.527,7,21.932,10.63,17.889,15,17,25,28.302,49.336,41.785,24.352,41.785,45.277,smash
23.007,2,3,2,3,28.844,16,24.042,25.298,8,10.63,22.627,17,17.889,28.018,28.018,16,17.889,24.352,netplay
25.971,3,3,3,2,32.985,17.889,28.018,17.889,16,17,8,25.298,25.298,21.932,21.932,21.932,34.886,28.844,lob
31.183,2,3,2,2,11.402,12.806,14,10.77,2.828,13.038,14.866,28.792,18.028,18.682,29,18.111,22.472,24.839,cut
32.443,2,3,3,2,32.985,17.464,16,10.63,16,24.042,10.63,23,24,21.932,28.844,28.844,34.438,28.844,lob
32.867,3,3,3,2,17.117,11.18,27.203,9.899,12.806,16.643,18.248,32.14,17.029,24.083,35.511,17.493,23.087,31.401,long
31.164,3,3,3,3,26.306,25.495,18.028,11.662,23.087,21.024,13.038,29.155,28.231,38.275,34.205,27.295,35.114,39.446,cut
14.314,2,2,3,3,31.78,7,24.352,24.352,21.932,16,8,11.314,7,17,28.018,16,33.242,17,netplay
20.97,2,2,3,1,32.016,16,15,11.314,15,24,11.314,23,24,21.932,11.314,21.932,34.886,34.886,lob
41.626,3,3,3,2,17.263,15.811,15.264,14.318,11.705,16.643,16.279,25.318,18.682,19.313,19.925,20,20.125,18.358,long
59.317,3,4,3,2,32.985,11.314,23,8,17.889,10.63,28.302,32.016,25.298,32.985,34.438,17.889,35.341,38.601,smash
15.629,3,3,3,3,16.031,12.207,17.493,23.707,17.464,15.62,10.296,25.239,16.279,22.023,24.739,20.591,20.248,25.612,netplay
15.17,2,2,2,2,23.195,7.211,18.601,20.881,5.831,24.207,17.263,36.878,25.298,23.537,25.456,25.179,24.166,34.655,netplay
15.671,3,2,2,2,17.889,10.296,18.385,11.662,15.232,16.031,15.811,35.468,13.892,20.248,31.828,10.817,11.662,26.249,lob
24.397,2,3,3,2,17.029,10.44,21,29.614,4.123,12.53,11.045,25.239,17.692,19.925,23.345,11,20,20.248,lob
39.96,3,2,3,2,31,15,28.018,24.352,17.889,23,10.63,24.352,21.213,32.016,24.352,17,34.886,28.018,long
17.404,3,3,3,3,39,17,28.302,10.63,15,17,22.627,24.352,24.352,41.785,31.78,21.932,38.833,38.601,netplay
28.154,2,2,3,2,17.263,16.279,13.601,24.083,10.77,14.036,15,24.352,17.205,20.591,30.594,15.811,24.597,21.587,lob
27.862,2,2,2,3,25.632,18.385,17.464,10.198,13.416,15,16.553,41.34,26.907,39.051,33.061,23.537,27.514,36.892,cut
20.498,3,3,2,3,16.125,13.416,14.765,22.472,13.342,14.866,11.045,25.612,17,21.932,28.425,16.125,20.248,23.707,lob
51.823,3,2,3,3,28.302,21.932,24,25.298,15,23,32.985,32.985,16,50.596,32.757,21.932,48.662,32.757,long
59.583,3,2,3,3,25.298,8,21.932,17,16,17.889,0,16,17,32.985,31,15,28.844,32.016,smash
20.01,3,2,3,3,39.812,17,23,24.352,8,8,38.601,24.352,17.889,49.041,39,21.932,31.78,32.527,netplay
23.987,3,4,3,3,13,15.811,11.402,3.162,13.038,15.232,9.434,37.014,17.493,25.08,28.071,16.279,24.083,18.358,lob
36.137,2,3,3,3,32.016,8,24,24.352,8,17,8,28.302,28.018,39.812,35.777,23,39.623,28.302,long
23.971,2,2,2,2,16.031,16.125,14.036,16.492,16.279,15.556,20.125,29.833,14.866,20.616,31.623,14.142,31.953,9.487,long
5.876,3,1,2,2,18.028,13.892,19.849,23.022,9.849,10.44,12.649,29.069,21.932,25.807,33.242,10,26.87,30.414,netplay
15.049,3,2,3,3,32.016,15,28.018,27.459,8,8,15,23,25,49.649,39.623,25.298,32.016,33.242,netplay
15.443,2,3,2,3,16.492,7.81,19.416,17.464,5.831,17.464,17,34.438,20.809,22.204,28,17.464,24.187,26.42,lob
33.485,2,3,2,2,24.352,17,17.889,16.553,11.314,23,17.889,28.302,21.213,31.78,34.438,17,39.623,32.016,long
23.054,2,4,2,2,11.705,13.416,16.401,18,8,8.602,8.944,32.016,15.133,24.042,23.409,19.105,19,28.653,cut
15.092,3,2,2,2,14.318,18.028,17.464,12.649,16.125,20.616,7.071,36.674,18.385,21.213,24,18.974,23.195,32.062,long
40.299,2,3,2,3,39.205,11.314,34.886,24,11.314,0,17.889,25.298,22.627,55,39,24,47,39.812,long
41.026,2,4,2,2,17.889,7,28.302,21.932,11.314,8,16,16,17.464,24.352,17.464,16,31.78,40.608,long
49.752,3,3,3,3,35.777,15,24.352,22.627,8,8,16,24,25,42.154,28.302,28.844,15,39.205,long
30.706,3,3,3,3,16.553,7.071,20.1,17.804,13.038,11.045,17.088,32.062,16.401,21.095,16.031,17.088,26.306,29.411,cut
25.973,3,3,3,2,31,8,11.314,8,16,21.932,11.314,23,24.352,24.352,17.889,24.352,32.016,24.352,lob
74.735,2,5,2,2,15,8,15,8,8,23,16,15,17.889,21.932,15,16,24.352,34,smash
23.907,2,4,2,3,35.777,0,28.302,25.298,0,21.932,32.985,21.932,28.844,39.205,40,25.298,46.141,32.985,netplay
14.478,2,2,2,2,24.352,8,17,11.314,8,21.932,17,17,15,22.627,23,17,22.627,17,netplay
21.89,2,2,2,2,17.72,17.889,11.402,14.56,10.77,12.806,13,37.537,22.023,26.019,27.313,20,27.203,29,lob
37.12,2,4,2,2,32.985,11.314,27.203,10.63,8,11.314,11.314,16,17,16,31,15,24,27.459,long
38.949,2,3,2,3,13.454,21.541,26,18.439,17.72,15,17.889,40.311,28.844,36.056,35.014,26.571,36.359,32.802,long
28.436,2,3,2,3,16,16,24,11.314,11.314,15,0,24.352,17.889,28.018,25.298,16,31,28.018,cut
24.786,2,3,3,2,32.985,8,8,17.889,15,25.298,11.314,24,17.889,16.553,25.298,17.889,34.438,25.298,lob
37.841,3,4,3,2,11.705,14.213,7.071,8.062,13.153,16.125,14.142,31.401,18.601,27.203,30,13.928,29.732,20.881,long
52.843,3,3,3,3,28.844,8,28.018,28.844,11.314,17.889,25.298,23,28.844,48.508,41.785,24,56,31,long
27.269,3,3,3,3,10.198,13.416,16.763,11.045,12.207,15.62,9.849,34.828,17.804,28.302,30.594,15.524,27.659,24.083,cut
7.293,3,3,3,2,32.016,16,17,11.314,16,21.932,17,17,17,17.889,23,17,25.298,24.352,netplay
22.719,3,2,3,2,20.616,14.036,16.643,16.125,7.81,11.705,13.601,30.529,21.26,20.616,19.925,12.649,20.616,24.166,lob
56.815,3,2,2,2,24.083,16.492,28.231,23.601,12.042,17.205,15.811,30.676,29.411,35,26.907,23.087,26.926,30.083,long
27.557,2,3,2,3,11.705,9.899,20.396,21.84,12.649,9,12.207,37.108,17.464,18.028,32.558,18,21.587,36.715,long
55.986,2,3,2,3,35.777,17.889,28.844,25.298,8,11.314,24,28.844,22.627,49.649,43.081,24,49.649,35.777,cut
32.21,3,2,2,3,14.422,8.544,24.187,23.77,21.213,11.18,10.44,29.547,10.77,24.597,30.017,20.125,17,30.232,lob
70.811,3,3,3,2,31,8,24.352,21.932,16,17,16,24.352,24.352,39.812,32.016,28.018,32.016,42.154,smash
21.37,3,3,3,2,15.133,15.264,14.866,23.345,6.403,10.198,6.325,22.561,15.556,23.409,29.411,13.038,21.932,24.739,netplay
23.076,3,4,2,2,33.941,8,0,22.627,0,8,16,22.627,22.627,28.844,28.844,28.844,28.844,33.941,lob
42.332,2,4,2,2,24.352,7,16,0,17.889,15,16,15,16,26.627,16,17.889,30,21.213,long
34.543,2,3,2,3,19.105,19.698,23,26.683,17.117,15.264,20.616,39.598,33.601,24.698,36.125,31.401,33.121,30.61,long
27.25,2,4,2,3,17.889,0,24.352,17,8,22.627,8,24,11.314,25.298,25.298,16,17.889,25.298,cut
21.371,2,3,2,2,27.295,7.071,12.806,14.036,17.029,14.866,24.042,38.419,22.672,30.414,26.571,28.443,27.203,26,lob
16.092,2,2,3,2,16.155,13.928,24.083,14.56,19.026,13.601,17.263,28.653,17.088,25.495,26,20.248,25.318,30.15,long
39.682,3,3,3,4,20.248,27.459,14.142,16.031,14.765,12.042,15.811,36.77,32.696,41.012,35.693,32.985,34,39.812,long
26.481,2,4,2,2,25.298,11.314,11.314,16,0,17.889,25.298,24,16,32.985,24,16,24,32.985,long
34.131,2,3,2,3,32.527,8,41.785,24.042,8,24.352,17.889,25.298,23,42.154,41.785,21.213,47.676,49.649,long
27.422,2,3,2,2,15.652,9.22,14.142,13.601,7.28,17.464,14.422,32.28,13.928,13.928,16.031,18.788,20.248,30.232,cut
18.993,2,3,2,2,25.298,11.314,17.889,17.889,8,17.889,22.627,28.844,25.298,32.985,28.844,25.298,32.985,33.941,lob
26.178,2,3,3,3,32.985,17.889,32,17.889,8,16,16,24,25.298,40,43.081,25.298,35.777,40,cut
23.428,3,2,3,2,13.892,12.083,16.763,19.849,11.402,8.602,13,33.242,16.031,18.028,29.155,15,11.18,22.825,lob
35.328,3,2,2,3,29.069,17.263,16.401,16.492,5,16.401,23.087,25.612,27.459,37.014,40.012,26.249,33.015,38.079,long
41.012,2,3,3,3,32,8,17.889,16,8,17.889,17.889,25.298,17.889,25.298,34.886,17.889,35.777,46.141,cut
32.197,3,2,3,3,15.133,9.899,18.248,20.1,11.045,13.892,10.77,32.558,17,24.413,31.78,15.524,19.235,26.571,lob
40.338,3,2,2,3,28.018,15,17.889,16,8,0,17,24.042,22.627,46,32.016,16,39,31.78,long
29.695,3,3,2,3,11.314,10,9.487,10.44,7.071,7.071,11,35.228,16.125,17.263,33.061,11.402,25.02,20.616,long
12.934,2,2,2,2,21.19,19.209,24.352,22.136,18.028,21.84,10.817,33.136,26.077,32,30.463,28.32,29.428,20.125,long
24.206,2,4,2,2,32,16,32,17.889,24,24,17.889,24,17.889,28.844,32.757,22.627,42.72,25.298,netplay
18.967,3,3,3,3,16.125,17.464,22.472,13.038,10.77,13.928,8.944,31.257,15.264,21.932,28.018,13.892,21.213,25.456,netplay
25.834,3,3,3,3,32.016,22.627,24.352,16,16,25.298,16,25.298,24.352,42.154,39,28.018,39,24.352,lob
38.055,3,2,3,2,17.464,11.314,25.298,17.889,8,24,10.63,32.985,17.889,25.298,32,16,24,28.844,long
42.565,3,2,4,1,24.042,17,23,17.889,16,17.464,7,31,25,31,27.459,25.298,32.016,24.352,cut
13.066,3,3,2,2,21.932,17.464,17.889,46.141,8,23,21.932,32.985,16,40.792,32.985,22.627,40.792,24,long
64.679,3,5,3,2,12.649,9.899,9,12.649,6.083,10.817,13.601,36,16.492,13.892,34.234,17.263,22.825,30.61,smash
23.291,3,4,3,3,28.018,10.63,35.777,24,17.889,25.298,17,21.932,24.352,32.985,41.231,28.302,39.205,33.242,netplay
27.318,3,2,3,2,15.133,14.213,8.944,6.403,8.602,10.817,10.77,29.155,16.401,17.029,30.265,15.232,25.179,9.487,lob
40.5,3,3,3,3,32.016,8,48.662,28.302,8,32.985,28.302,25.298,17,35.777,33.242,24.352,45.793,35.777,long
71.577,2,3,3,3,17.464,8,17,16,0,24.042,10.63,24.352,16,24.352,31.78,17.889,23,31.78,smash
17.432,2,3,2,2,28.844,11.314,24.352,25.298,16,17,22.627,33.242,28.302,40.792,31,21.932,39.205,40.792,netplay
8.814,2,2,2,2,13.928,15.62,14.765,12.369,15.033,18.028,19,25.298,14.56,14.318,32.985,18.439,31.78,13.928,netplay
56.518,2,3,2,4,28.844,17,17.889,0,11.314,16,25.298,31.78,25.298,55.579,39.623,25,47.518,40.608,cut
31.931,2,2,2,3,14.866,11.18,12.083,22.361,12.806,9.849,11.402,23.022,19.416,23.537,27.659,14.56,24.839,25.612,lob
49.634,2,2,2,2,17.029,19.647,16.031,11.18,9.434,20.224,14.142,27.586,27.659,42.012,27.659,25,34.928,32.757,cut
17.084,2,2,2,3,21.401,17.493,17.72,18.028,11.18,12.649,13.601,14.765,14.318,19.416,24.352,16.401,25.495,30.414,netplay
25.181,2,3,2,2,32.985,8,17.889,15,0,21.932,8,28.302,25.298,39.408,39.205,24,40.608,38.419,lob
34.735,3,3,2,2,19.105,12.083,18.788,10.63,15.524,16.155,13.601,26.476,15.811,21.471,22.472,20.616,23.345,12.207,long
51.578,3,3,3,2,25,11.314,11.314,11.314,10.63,7,17.889,32.016,17.889,41.785,35.341,17.889,47.518,39.812,long
25.183,2,3,3,3,12.649,13.892,9,10.77,9.434,10.63,13.892,35.057,18,24,30.414,18.028,24,29.069,long
33.915,3,3,2,3,14.765,14,18.385,10,12.649,11,8.485,37.162,16.643,23.195,31.016,18.385,20.025,32.696,long
49.082,3,5,2,2,39.812,10.63,10.63,16,16,22.627,22.627,25.298,16,40.792,39.408,22.627,48.662,40.792,long
23.47,3,4,2,3,15.652,12.53,19.416,13.601,8,10.198,11.045,31.241,21.401,25.495,31,20.224,25.08,29.967,cut
21.141,3,4,3,2,32.985,17.889,28.844,11.314,17.889,22.627,8,24,25.298,35.777,0,25.298,32,32.985,lob
46.978,2,3,3,2,14.318,8.944,24,9.22,10.817,18.028,13.038,28.018,13.601,24.413,23.259,17,25.318,32.65,long
22.556,2,5,2,3,21.541,18.439,16.763,15.264,7.071,17.72,19.647,30,27.659,37.336,32.573,21,26.173,30.083,cut
26.113,2,2,2,3,16,9.899,16,0,15,15,15,23,16,23,31.78,21.932,23,17.464,lob
15.572,2,2,3,3,17,11.314,15,11.314,8,17.889,0,23,23,24,30,28.018,31,24.352,long
49.637,3,3,3,3,35.777,11.314,28.018,24.352,10.63,17.889,17.889,23,22.627,56.045,42.154,24.352,39,42.154,long
25.018,3,4,3,3,12.649,13.038,14.765,9.487,13.601,15.811,12.083,26.627,22.672,26.833,31.064,22.023,23.537,23.345,cut
22.873,3,3,3,2,24.352,11.314,15,8,16,24,11.314,15,17.889,15,17.889,22.627,24.352,32.016,lob
44.838,3,4,3,2,14.422,15.033,18.439,13.601,9.22,13,9.849,35.355,15.232,23.022,30.414,15.524,19,24.042,smash
19.099,3,3,3,3,28.302,21.932,17.889,24,17.889,11.314,42.154,25.298,17.889,49.649,23,24,39.812,31,netplay
12.827,3,2,3,3,13.153,13.601,8.246,11.18,10,9.849,13.153,28.443,13.601,18.439,30.806,13.892,35.44,9.22,netplay
