velocity,x_direct,x_distance,y_direct,y_distance,x12,y12,x23,y23,x34,y34,x45,y45,x26,y26,x67,y67,x78,y78,x215,y215,x159,y159,x910,y910,x1011,y1011,x1512,y1512,x1213,y1213,x1314,y1314,type
14.514,2,2,3,2,16,24,-8,8,0,15,0,16,7,-8,16,0,0,-8,7,16,0,23,-7,24,-8,23,8,23,0,24,-8,31,long
37.612,3,3,3,4,6,17,22,-1,15,-18,10,-27,-8,13,17,9,20,-15,16,44,11,25,2,35,-5,43,-9,21,-4,30,-8,37,cut
28.311,3,2,3,2,-16,16,0,0,16,16,8,8,-8,0,0,8,24,8,-8,16,-8,16,24,16,8,24,-16,16,-8,16,-24,8,lob
41.164,3,3,3,3,8,24,16,0,24,-16,16,-24,-16,0,-8,0,8,-24,0,24,16,24,16,40,0,48,-8,24,0,40,-8,40,long
41.783,3,4,3,2,-10,10,-9,-9,-5,-9,4,-11,4,11,9,-7,-2,-8,-12,25,-13,14,-5,28,1,26,5,19,5,25,12,23,long
32.437,3,3,3,3,0,32,16,8,23,0,7,-8,-8,0,8,-16,8,0,8,32,8,24,23,32,7,40,-8,24,0,24,-15,32,cut
22.405,2,2,3,3,8,15,-8,8,-8,8,-15,7,15,0,8,8,8,8,0,23,-8,16,-8,23,-7,23,8,16,15,15,8,16,lob
40.403,2,2,2,3,0,32,-8,-8,-16,-8,-8,-8,8,8,8,16,8,24,-8,24,8,32,8,40,24,32,-8,32,-24,32,-16,40,long
30.758,3,4,2,2,-14,11,-12,-4,-5,-11,-1,-17,13,11,-5,13,1,-17,-10,23,-15,17,-2,27,1,27,4,22,10,20,11,13,cut
25.938,3,3,3,2,0,24,8,8,8,8,0,0,-15,0,-8,16,-24,8,-7,31,7,16,16,24,8,24,-8,16,-8,40,0,31,lob
43.374,3,3,3,2,0,23,7,8,8,16,16,0,-16,0,-15,8,-24,8,-8,24,0,15,31,31,16,31,-16,15,-31,31,-23,23,lob
23.401,3,3,3,2,-15,7,-3,-10,1,-16,13,-10,0,17,-17,8,-2,-10,-24,13,-15,13,-10,23,-4,33,0,23,-3,27,4,31,cut
25.457,3,2,3,2,-8,32,8,0,16,7,16,8,-15,0,-24,0,-24,0,-7,23,7,16,16,15,0,24,-16,16,-16,31,-16,24,lob
37.763,3,3,3,2,-14,7,-9,-12,-1,-14,13,-7,1,13,-5,10,-12,-10,-22,15,-15,14,-11,24,1,27,2,19,1,22,23,13,long
63.98,3,3,2,3,23,8,0,8,-16,-8,-7,-24,8,-8,0,-16,-16,-32,15,16,8,16,-23,40,-31,24,23,16,24,40,0,48,cut
20.054,2,3,2,3,8,24,-16,8,-8,16,-8,16,16,0,16,0,8,8,8,16,-8,24,-8,15,-16,24,8,16,8,23,8,24,netplay
11.077,2,3,3,2,-16,24,8,8,16,16,24,16,-8,-8,-8,-8,-23,-8,-16,16,-7,24,23,0,16,24,-23,16,-24,24,-16,24,netplay
19.28,2,2,3,2,3,13,-7,10,1,12,-3,10,18,1,11,8,11,3,5,28,-12,14,-3,21,-12,27,7,16,6,26,-8,1,lob
52.843,2,2,2,3,8,31,-16,0,-23,-8,-24,8,15,0,16,15,15,16,7,23,0,23,-31,24,-8,31,16,23,8,39,31,0,long
25.005,2,3,2,2,-7,23,-8,-8,-23,-7,-8,-8,15,0,8,8,-8,0,0,16,-8,15,-8,23,-8,23,7,15,8,31,8,23,cut
13.489,2,3,2,2,6,18,14,-1,-16,9,-10,6,-2,8,8,-2,7,0,24,24,17,19,-24,2,-19,28,5,22,13,25,22,22,lob
23.606,2,3,2,2,18,10,17,-6,12,-25,-9,-13,5,8,13,-4,9,-13,31,21,13,18,12,36,-3,37,-6,19,-3,33,-18,35,cut
20.346,2,2,2,2,1,16,-8,5,-2,18,-9,16,21,-5,6,13,7,10,7,20,-8,17,-9,12,-11,27,9,16,5,16,2,7,lob
33.251,3,3,3,3,8,23,8,8,23,0,31,-16,-16,8,-7,23,7,-7,0,31,0,24,31,31,0,39,-16,24,0,31,-31,16,cut
31.015,2,2,3,2,4,10,-8,5,-7,14,-18,12,17,-5,16,-1,16,7,11,16,-9,10,-15,12,-7,22,14,12,16,15,13,4,lob
33.473,2,2,2,3,16,9,14,-9,4,-23,-6,-16,3,18,-11,-13,-11,-17,30,27,24,27,3,34,-2,37,-5,24,-9,31,-24,25,long
13.627,2,3,2,2,8,23,0,7,7,39,-7,15,7,7,16,16,-16,-8,15,15,8,16,8,30,-39,0,16,16,0,30,23,24,netplay
14.637,3,2,2,2,-5,13,-5,15,5,15,5,19,-4,6,12,3,13,5,-9,33,1,17,11,14,10,28,-6,16,-6,15,-13,12,netplay
48.157,2,4,2,2,-7,13,-12,-6,-10,-12,0,-14,11,12,-5,14,-4,-11,-9,22,-16,11,-2,27,5,18,2,19,-2,24,-3,29,long
44.874,3,3,3,3,15,24,-8,0,16,8,46,-40,8,0,23,-8,23,-24,0,24,-8,24,0,32,-23,32,8,24,15,32,16,48,smash
21.415,2,3,3,3,3,19,-13,2,-16,10,-21,4,12,-4,16,-8,11,-13,20,15,7,14,-15,12,-10,30,19,9,11,15,32,-2,netplay
26.032,2,2,2,2,3,18,13,5,-19,1,-13,-4,-4,8,10,1,10,8,19,32,9,17,-23,-1,-19,27,-2,23,5,30,34,13,lob
28.973,3,4,2,2,-15,1,-9,-7,-3,-16,17,-8,2,13,-13,10,-6,-13,-20,13,-19,12,-11,24,-8,30,-6,18,5,28,26,10,long
35.647,3,3,3,3,15,24,16,-8,15,-31,8,-24,-7,8,7,24,8,0,16,24,15,16,8,55,0,31,0,24,-8,39,0,47,long
31.84,3,3,2,3,24,24,15,0,8,0,-23,-16,0,8,-8,-8,8,-8,8,32,7,24,0,48,-7,40,-8,24,8,40,-16,40,long
28.01,2,4,2,2,2,14,-4,7,-3,3,-2,-10,2,4,9,1,-7,-21,-3,29,-2,22,1,17,5,35,8,20,6,22,15,23,cut
4.937,2,4,2,2,15,24,8,0,0,16,0,24,-7,0,-8,24,-15,24,16,16,15,16,-15,31,-16,8,8,16,-8,39,15,24,netplay
17.186,2,2,2,2,0,24,-7,7,-8,24,-8,15,16,0,16,0,8,0,8,23,-8,16,-7,23,0,16,8,16,16,23,8,16,lob
33.831,2,2,2,2,22,8,21,10,10,-11,-30,10,8,17,-2,-13,2,-17,26,35,12,24,0,38,3,36,-2,23,2,30,-22,29,long
16.93,2,3,2,2,16,16,7,0,0,24,-7,15,-8,8,-8,16,-15,7,15,24,15,15,-7,32,-23,0,8,15,0,32,15,31,lob
26.502,2,3,2,2,-3,25,-16,2,-24,-6,-27,-13,11,5,24,4,10,18,9,26,-3,21,-9,34,-5,37,18,21,8,37,20,34,long
14.183,3,2,2,2,8,24,0,0,0,16,8,8,8,0,15,0,0,0,8,16,0,24,7,31,-7,32,15,24,-8,31,0,32,long
38.559,2,3,2,3,15,24,-8,7,-15,24,46,-55,8,-8,30,-31,-23,15,8,23,0,23,0,47,-8,39,23,23,15,32,-15,39,cut
40.831,3,4,3,2,-7,9,-16,-4,-5,-13,8,-6,5,9,5,6,-1,-18,-14,23,-15,17,-3,26,6,28,4,22,6,23,11,24,long
34.418,3,3,3,3,16,24,8,0,24,-8,16,-24,-16,0,-8,-8,8,-24,0,23,8,24,16,40,16,47,-8,24,0,32,-8,39,long
38.062,3,5,3,2,-9,10,-10,5,-5,0,13,-9,4,8,2,11,3,-9,-13,23,-11,18,0,21,-1,28,5,22,3,21,13,22,cut
33.875,3,3,2,2,31,0,8,-8,-39,16,31,-8,0,-8,-23,16,23,-16,8,16,8,23,16,40,8,39,24,15,8,48,0,47,long
37.77,3,4,2,2,-8,6,-14,-2,-3,-15,6,-7,7,15,-7,7,-1,-15,-18,24,-15,18,-6,21,0,32,-1,20,10,25,15,16,long
25.898,3,3,3,3,0,24,8,7,23,0,23,-7,-8,7,0,-7,16,-8,0,31,8,23,15,40,-7,39,-8,23,8,32,-31,15,cut
13.725,3,2,3,2,-5,14,-3,14,8,17,9,15,-9,6,-4,13,6,17,-10,26,-6,20,14,16,8,25,-5,15,1,17,-9,14,netplay
19.626,3,2,2,2,7,18,10,1,-21,6,-9,7,-3,10,17,1,8,6,25,29,10,19,-28,7,-21,21,-2,22,12,24,31,20,lob
31.305,3,3,3,3,16,32,0,0,23,8,24,-8,-8,0,39,0,16,0,-8,24,0,24,23,24,16,32,0,24,-8,16,-16,8,cut
6.522,2,2,3,3,8,16,-16,8,-8,8,8,16,8,8,16,8,8,16,0,24,-8,16,-16,32,-8,16,8,16,8,24,8,16,netplay
18.957,2,2,2,2,11,17,9,3,-17,3,-15,3,-3,10,11,1,11,2,21,37,10,11,-27,5,-22,24,-1,16,11,28,30,14,lob
22.488,2,3,2,2,0,32,16,7,-8,8,-16,0,-8,7,-15,8,-23,0,16,23,7,23,-7,32,15,31,0,23,0,39,15,32,lob
27.808,2,3,2,2,-7,23,-8,0,-8,8,-15,-8,7,0,8,16,8,7,0,16,-8,15,0,23,-8,23,7,15,-7,31,23,23,cut
23.231,2,3,2,2,7,24,8,8,-8,7,-23,0,-7,8,-8,15,-16,-8,16,23,8,24,-8,31,-8,8,0,24,0,31,15,31,lob
29.767,3,4,2,2,-17,4,-15,-8,1,-13,13,6,0,15,-14,3,-5,-13,-26,8,-13,12,-8,23,-9,32,-2,14,1,32,25,7,long
65.487,2,3,2,3,7,32,16,0,23,24,-8,16,-15,8,-15,24,7,-8,8,24,8,24,0,40,-8,40,-8,24,-15,40,0,40,cut
12.183,2,2,2,3,8,16,-15,8,0,16,0,16,7,0,16,0,7,24,0,16,0,16,-8,32,0,24,7,16,8,-16,8,64,netplay
12.615,2,3,2,2,7,14,12,3,-14,7,-12,3,-4,9,10,-3,17,-1,27,28,11,17,-18,2,-13,25,-1,23,5,26,17,20,lob
49.578,2,3,2,2,2,21,-5,11,-18,2,-22,0,6,4,22,6,17,16,23,31,17,21,10,22,38,27,-7,24,-23,20,-7,37,lob
33.928,2,3,2,2,-8,12,-10,-6,-3,-18,2,-14,8,17,8,11,7,13,-13,24,-14,17,-1,29,3,26,4,22,5,27,-1,24,netplay
9.57,3,3,2,2,8,24,8,0,7,15,-30,0,0,0,0,23,-8,16,15,23,8,16,-15,31,-16,24,8,16,-8,39,23,39,netplay
21.476,2,2,2,2,10,18,-13,3,-6,16,-18,15,16,-6,19,-4,17,5,4,15,-5,13,-9,11,-10,24,13,9,16,12,6,7,lob
37.194,3,2,3,3,15,24,8,0,24,-16,0,0,-15,0,7,8,32,-16,0,24,8,23,-8,56,-8,39,0,23,0,48,-8,47,long
39.562,3,3,3,4,9,18,22,-2,17,-16,3,-29,-4,15,19,3,9,-7,22,41,14,25,6,37,3,42,-8,24,-5,30,-11,35,cut
23.868,2,2,3,2,2,18,-9,7,-4,14,-11,17,20,-4,11,3,13,8,8,19,-7,17,-14,11,-14,23,6,16,11,10,6,10,lob
41.45,2,3,2,3,13,10,13,-5,1,-33,-7,-25,1,19,10,-16,-13,-18,31,28,24,29,21,19,-14,40,-8,25,-18,25,-28,16,cut
10.93,3,2,2,3,-16,7,8,8,8,7,15,15,0,-7,-8,22,8,8,-16,8,-7,15,23,15,16,15,-15,7,-8,15,-15,8,netplay
5.614,3,3,3,2,-8,32,8,0,15,16,15,0,-16,0,-30,8,-8,0,-8,24,0,24,23,0,8,32,-15,16,-16,32,-7,24,netplay
6.102,3,1,3,2,-1,16,1,7,14,6,13,6,-8,8,10,6,10,0,-8,29,-10,21,17,14,10,28,1,23,-12,11,-12,15,netplay
12.929,3,2,3,1,-8,24,15,8,8,16,0,-8,-8,0,-15,8,-15,16,-8,24,8,24,15,8,0,32,-7,16,-16,32,8,32,netplay
69.941,2,3,2,3,14,15,20,-10,8,-24,5,-24,0,18,16,-4,9,-8,29,33,19,25,17,29,-18,32,-9,26,-12,30,-18,31,smash
36.939,2,3,2,3,0,16,-8,8,0,16,0,16,8,8,8,8,0,8,0,24,-8,16,-8,23,-16,16,8,16,16,23,8,24,netplay
37.421,3,3,2,2,8,24,7,8,0,16,-15,8,-8,0,-16,24,-16,8,0,24,7,24,8,23,24,32,-8,24,-24,31,-16,40,lob
72.062,3,2,3,2,-10,8,-13,-3,9,-21,-9,11,-8,20,1,21,6,-15,-20,22,-18,12,-10,23,-7,23,2,17,7,21,10,23,smash
33.386,3,3,3,3,11,19,24,-2,13,-15,5,-27,-6,13,23,5,13,-15,21,44,14,19,1,40,3,41,-9,24,-3,32,-6,32,cut
22.86,2,2,3,2,-7,23,-8,0,0,8,8,8,7,0,8,8,-8,8,0,8,0,8,-16,15,-8,24,7,8,8,8,15,15,lob
33.825,3,3,3,3,8,23,-16,8,-8,8,8,-16,8,0,31,-16,16,-15,0,23,-8,24,-8,31,-8,24,8,24,23,39,8,47,long
29.461,3,4,3,2,-11,12,-15,-7,-5,-9,4,-14,4,13,-6,14,-8,-12,-12,18,-19,12,-11,28,10,24,1,18,1,24,21,16,cut
12.924,3,3,3,2,-8,24,16,8,8,16,8,7,-8,0,-16,8,-8,0,-8,24,8,15,16,16,8,24,-8,15,-16,32,0,31,netplay
22.969,2,2,3,2,8,24,-16,0,0,16,8,8,7,0,0,8,-7,-8,0,16,-8,16,-8,31,-8,24,7,16,8,23,-8,24,lob
31.137,3,2,3,3,-8,32,8,8,24,16,24,8,-8,0,32,24,32,8,-8,24,-16,16,24,15,24,40,-8,16,16,15,-56,8,cut
27.953,2,2,3,3,8,16,-8,7,-7,16,-16,8,15,0,8,0,8,23,8,23,0,8,-16,15,-15,24,7,8,16,15,15,16,lob
35.192,2,2,2,3,8,31,-16,0,-24,-8,-24,0,8,0,16,15,16,16,0,23,0,23,-32,24,-8,38,16,31,8,39,24,0,long
42.224,2,3,2,2,-8,16,-8,0,-16,0,-8,-8,8,7,8,16,0,-16,0,23,0,15,8,31,24,16,8,15,8,31,16,16,long
41.763,2,3,2,2,15,7,21,-10,2,-23,-2,-28,-3,14,9,-15,2,-17,30,31,17,17,6,38,0,35,-4,23,-10,30,-26,20,long
27.173,2,3,3,2,-8,23,8,8,-16,0,0,8,-15,0,-8,8,-7,-15,-8,32,8,15,-8,32,16,8,-7,15,0,40,15,31,lob
39.49,3,3,3,2,-14,6,-6,-11,-2,-14,1,-19,5,15,-13,12,-2,-12,-13,20,-14,17,-16,25,3,23,2,19,12,23,21,12,long
33.257,3,3,2,3,18,7,18,-12,7,-26,-9,-18,12,16,19,-5,13,-20,39,22,20,21,23,21,1,42,-3,24,-15,25,-27,21,cut
28.979,2,3,2,2,18,12,16,15,12,-11,-22,4,-3,20,0,-11,-4,-24,15,44,11,22,1,38,-13,41,-10,22,4,35,-11,39,long
54.281,3,3,3,3,15,24,0,8,16,16,-8,-32,16,-8,16,-32,8,-24,16,24,0,24,0,39,-8,40,24,16,15,47,-23,40,smash
22.979,3,3,3,3,-23,15,0,0,23,15,16,16,-8,-8,0,23,0,0,-15,15,-16,8,-16,23,-23,8,-16,8,31,8,0,23,netplay
23.504,3,3,3,2,-6,19,8,11,7,1,0,-6,-16,-1,-13,12,-20,7,-6,35,4,18,12,0,-10,33,-11,18,-11,32,8,14,lob
51.551,3,3,3,2,-16,7,-15,-7,-3,-11,12,-11,-3,18,-8,13,-11,-4,-18,13,-18,10,-11,34,-9,28,3,27,1,18,15,8,smash
20.716,2,2,2,2,8,24,-16,8,-8,7,-8,0,16,0,8,15,0,0,0,23,-8,16,0,15,0,24,8,16,8,23,-16,8,lob
30.361,2,3,2,3,0,31,-16,-7,-24,0,-32,0,16,0,16,8,16,16,8,24,-8,16,-24,15,0,40,8,24,0,31,16,8,cut
24.406,3,2,3,2,-9,13,1,13,5,9,5,10,-4,-4,-5,-7,-3,-7,-19,14,-12,12,16,7,12,28,1,14,-15,10,-22,2,lob
29.544,3,3,3,3,16,24,8,0,32,-8,16,-24,-16,8,0,-8,0,-16,0,32,16,24,16,40,16,40,0,24,8,32,-16,32,cut
27.331,2,2,3,3,11,14,-13,4,-2,13,-3,14,13,-8,10,-11,9,-5,8,8,-9,8,-13,6,-2,19,11,3,2,19,9,0,lob
37.2,3,3,3,3,0,24,16,8,24,-8,15,-16,-8,8,0,-16,32,0,8,32,0,24,32,31,0,48,-8,24,16,31,-39,16,long
40.136,3,4,3,2,-6,7,-14,-8,-1,-14,1,-15,1,15,14,-14,-2,-11,-16,20,-16,21,-6,22,3,27,5,20,2,23,16,20,long
39.669,3,3,3,3,8,24,-15,0,0,-16,0,8,8,0,32,-16,16,-16,0,24,-15,24,0,23,-16,32,8,24,24,31,16,40,long
39.101,2,3,3,2,7,16,-7,7,-15,0,-23,0,8,7,8,8,15,8,0,23,0,16,-15,7,-7,24,8,16,0,31,30,0,cut
12.378,2,3,2,2,8,32,-8,-8,-15,0,-16,-8,0,0,8,16,-16,8,0,24,0,24,-23,16,-8,40,15,24,-7,40,31,24,netplay
6.406,2,2,2,2,15,18,-17,6,0,17,-13,15,6,-10,11,-8,17,-1,6,11,-7,8,-16,8,4,15,11,5,2,11,16,4,netplay
31.24,2,2,2,2,15,24,0,8,8,16,-23,56,-7,8,7,24,8,0,8,24,8,24,0,32,-31,0,0,24,8,32,31,24,lob
53.879,3,5,3,2,0,17,-14,9,-1,16,8,12,16,6,7,12,3,-7,4,27,-12,13,-4,20,-4,21,7,13,5,18,5,13,cut
20.771,3,3,3,3,0,23,8,8,8,23,-16,16,-16,0,-16,16,-16,15,-8,24,8,23,24,31,0,39,-8,23,-32,31,-16,31,netplay
23.804,3,1,3,2,-8,24,-16,8,-7,16,-16,16,8,8,-8,16,0,8,-8,24,-8,16,8,24,8,32,8,16,8,24,-8,24,lob
41.998,3,3,3,4,0,32,15,0,8,31,-8,8,-16,0,-15,23,-8,16,-8,23,0,24,23,40,-15,39,-16,16,-15,32,-8,23,cut
22.471,3,2,3,2,0,24,-16,0,-8,15,-8,16,16,0,0,15,8,8,0,15,-8,16,8,23,-16,31,8,16,8,23,8,31,netplay
26.493,3,3,2,2,15,24,8,0,23,24,-15,0,-8,8,0,8,0,8,8,24,8,16,-16,31,-8,24,8,16,8,39,31,24,lob
68.983,2,3,2,2,3,17,-17,3,-2,15,-2,14,10,-5,22,-3,-9,6,1,23,-5,13,-12,17,-1,15,9,14,2,23,2,16,drive
45.075,2,3,2,2,7,31,8,0,8,24,0,16,-15,0,-8,24,-8,23,0,24,8,23,16,32,15,31,-7,23,-16,39,0,40,lob
22.679,3,5,3,2,-16,8,-8,0,-7,16,0,16,0,0,-8,16,16,8,-23,8,-16,8,0,23,-15,24,-8,8,-8,23,31,24,cut
11.28,3,4,3,2,-8,23,16,16,-8,23,0,15,-7,0,-24,8,-16,8,-7,23,0,16,15,31,8,23,-16,16,-16,31,0,30,netplay
16.561,2,1,3,2,24,16,0,0,16,15,-8,16,0,8,0,15,-8,16,16,15,16,8,-16,16,16,23,16,8,-24,8,0,31,netplay
14.423,3,3,3,3,0,24,16,8,7,23,16,16,-15,8,-16,15,0,16,-7,31,0,24,30,31,-7,39,-16,24,16,23,-31,24,long
28.4,2,3,2,3,23,16,16,0,15,8,0,8,-8,8,16,16,8,16,16,16,23,8,24,32,23,32,8,16,-24,32,-8,40,cut
23.105,2,3,3,2,3,16,-15,9,0,17,14,15,11,0,3,25,-9,-6,1,27,-13,11,-6,18,-1,17,10,9,7,19,8,18,lob
31.65,3,3,3,3,0,31,15,0,8,23,8,16,-16,0,-8,15,-7,8,0,23,15,24,8,38,0,39,-8,24,-16,31,-7,31,long
34.497,3,3,3,2,-8,24,16,8,-8,16,0,8,-7,0,-16,0,-23,0,0,16,0,24,16,23,-8,32,-15,24,-16,39,16,24,long
27.051,3,2,3,2,-23,16,-8,8,0,24,8,24,0,-8,0,24,0,8,-16,8,-8,8,16,16,8,24,-8,8,16,16,0,8,cut
7.671,2,2,3,3,8,24,16,8,0,7,-16,8,-8,8,-8,31,-16,-8,8,31,15,24,8,39,16,24,0,24,-16,39,8,39,netplay
15.887,2,2,2,2,8,23,-16,8,-8,15,8,8,16,0,0,16,-8,7,0,23,-16,16,-8,23,-8,30,0,16,8,23,-8,30,lob
6.968,2,2,2,1,0,24,-8,8,0,23,0,16,16,8,0,16,0,15,8,24,-8,23,-8,24,8,23,0,23,0,24,-8,23,netplay
7.392,2,2,2,2,-2,23,-15,5,-5,17,-11,19,22,7,1,22,4,26,4,34,-11,27,4,29,0,32,12,24,-4,26,5,34,netplay
57.896,3,4,3,2,-11,15,-13,-12,-2,-12,1,-12,8,10,-7,14,-1,-16,-13,19,-18,16,-1,24,-1,26,1,20,5,26,6,22,cut
35.163,3,3,2,2,6,21,-1,8,-15,0,-23,-1,8,3,15,1,3,15,25,21,7,19,-20,7,-24,28,14,21,-2,29,28,21,lob
25.726,2,3,2,2,0,16,-8,0,-15,8,-24,-8,8,8,15,7,0,0,0,23,0,16,-8,31,0,24,16,16,7,31,16,24,cut
4.578,2,3,2,2,8,24,8,0,-8,8,-8,-8,-8,0,-15,-8,8,8,0,23,16,16,-16,31,8,32,0,16,0,31,8,32,netplay
62.318,3,3,3,3,16,13,16,-3,14,-27,13,-24,-7,19,9,-4,-8,-22,19,37,18,22,12,41,-17,31,-4,24,-5,36,-8,39,cut
17.769,3,3,3,3,-16,15,8,8,16,8,16,8,-8,0,-16,0,-16,8,-8,16,-16,15,-8,23,-32,8,-8,15,16,8,8,23,netplay
32.405,3,3,3,2,-8,24,15,8,-7,16,-8,8,-8,-8,-15,8,-16,8,0,16,0,24,15,16,0,32,-16,24,-15,40,15,16,lob
52.147,3,3,3,2,-14,7,-6,-10,7,-13,11,-12,0,19,-14,0,0,-11,-18,14,-20,14,-12,21,-15,23,2,19,7,23,19,10,smash
36.017,3,3,3,2,-8,24,16,8,0,16,0,0,-16,0,-23,16,-8,-8,-8,24,0,24,24,31,31,32,-16,16,-23,31,-16,32,lob
70.427,3,3,3,2,-16,8,-10,-5,3,-11,4,-9,-3,12,-2,17,13,-13,-16,17,-20,9,-26,24,19,5,-1,20,3,26,5,23,smash
42.206,3,2,3,2,-9,18,9,17,20,10,22,15,-12,-7,-22,-1,-23,5,-34,18,-6,18,27,12,5,34,-32,8,-21,22,-25,16,netplay
32.996,3,3,2,3,18,18,14,-3,15,-13,1,-19,-7,11,18,14,23,1,20,32,15,23,6,40,-24,39,-9,21,-2,43,-6,39,cut
12.894,2,2,2,2,9,14,-14,3,-4,16,-15,14,10,-8,19,3,11,11,9,8,-6,13,-16,3,-8,22,13,12,14,17,11,1,netplay
3.124,2,2,2,2,8,23,15,0,0,16,0,0,0,0,7,16,0,8,15,16,15,23,-15,39,30,16,7,23,-7,39,30,16,netplay
13.912,2,3,2,2,4,18,9,11,-4,20,-8,22,1,12,21,19,-11,16,11,46,-11,17,-20,23,-17,35,11,19,-5,36,31,9,long
29.384,3,3,3,2,0,32,8,8,8,31,16,24,-16,0,-16,16,-16,15,-8,24,0,23,24,24,8,39,-16,15,-24,40,-16,31,long
49.023,3,2,3,3,0,23,-16,8,-8,15,0,16,16,0,8,16,8,7,0,16,-8,15,-8,31,-16,15,8,15,8,31,8,23,cut
13.286,3,3,3,3,8,32,15,0,16,24,-8,16,-16,8,-23,8,8,-8,0,32,15,16,8,40,8,32,-8,16,-8,48,8,40,netplay
25.399,3,3,3,2,-8,15,-7,0,-16,16,-8,23,8,8,8,16,-8,7,-7,24,0,7,0,23,-16,8,7,15,8,15,0,16,lob
68.487,3,2,3,2,8,31,16,0,16,24,15,15,-15,8,-8,16,8,-8,8,24,8,23,-24,24,0,31,-8,23,-23,32,0,31,cut
22.772,3,3,3,3,0,16,-8,0,-8,16,-8,8,15,0,8,0,0,8,0,16,-8,16,8,24,8,16,8,16,0,24,7,8,netplay
6.317,2,2,2,2,8,32,15,0,8,23,16,8,-16,0,-8,23,-8,24,0,23,0,24,23,8,-8,31,-16,16,-8,24,-24,23,netplay
20.308,3,5,3,3,0,23,16,0,8,16,-8,0,-8,0,0,16,8,8,0,16,8,15,-16,24,16,-16,-8,15,0,24,0,0,lob
25.761,3,1,3,2,-16,15,0,0,-24,15,0,0,-8,-8,-8,23,0,0,-24,15,-8,0,16,23,8,23,0,0,16,23,0,23,lob
26.15,2,3,2,4,16,24,15,0,16,23,-16,8,-8,7,0,24,0,0,15,23,16,8,23,31,23,40,-8,16,-23,31,-8,40,cut
51.146,3,4,3,2,-15,10,-9,-6,-7,-18,2,-15,6,19,-10,13,-9,-9,-14,22,-10,18,-2,26,3,24,7,21,3,29,13,19,long
30.26,3,3,2,2,16,2,16,-11,-11,-28,-9,-25,7,12,14,0,12,-9,35,22,18,16,10,33,7,34,-6,19,-15,33,-16,26,long
38.448,2,4,2,2,-2,15,-14,0,-9,-12,-6,-9,7,12,-7,13,-4,-12,-9,22,-8,21,-1,17,-1,19,6,21,-5,26,16,18,long
23.171,2,3,2,2,31,0,0,0,-8,-7,-16,15,0,0,-16,-15,32,-8,8,24,8,16,-16,23,-31,8,15,16,32,23,0,40,long
50.963,2,4,2,2,-16,16,-8,0,8,-24,0,-7,8,7,8,0,7,0,-8,15,-15,16,-8,31,0,23,0,16,8,23,16,15,smash
33.664,2,4,2,2,13,20,9,2,-22,5,-26,8,-2,6,12,3,2,20,28,23,16,17,-36,3,-7,38,2,22,-1,35,29,20,lob
70.775,2,3,2,2,-1,15,-16,3,-16,-10,-11,-13,8,11,3,13,-11,-3,-3,22,-6,14,-16,19,-5,23,13,18,-3,21,19,23,smash
43.938,2,3,2,2,8,24,0,0,-23,16,-16,-8,0,0,24,8,7,16,8,24,16,24,7,39,39,16,8,24,-31,31,0,40,lob
81.477,2,3,2,2,0,23,-15,-7,-15,-8,-16,-8,16,0,0,16,0,-8,0,16,-7,23,-8,24,15,23,8,23,0,24,8,23,smash
12.994,2,2,2,2,24,24,-16,0,-23,16,-24,8,8,-8,24,-8,23,8,16,8,16,16,-16,16,-8,40,23,8,32,24,39,16,lob
16.305,3,4,2,2,16,23,-8,0,-16,8,-15,8,0,0,23,0,0,24,15,16,16,15,-23,8,-24,31,24,15,8,39,31,16,netplay
14.717,2,2,2,2,7,24,-7,8,-8,16,-15,16,16,0,15,8,8,0,8,16,0,16,-15,16,0,24,15,16,0,32,0,16,netplay
12.503,3,2,3,1,-18,9,6,21,11,20,18,12,-9,-8,-19,-1,-17,-5,-27,13,-10,15,29,-4,6,27,-26,10,-19,18,-27,15,netplay
17.818,3,1,3,1,8,24,-16,0,-8,16,8,-8,7,0,8,24,8,31,0,16,-8,16,0,15,-8,24,7,16,8,23,8,0,lob
29.418,3,2,3,3,-8,23,0,8,24,23,24,8,-8,-8,-16,8,-24,8,-16,16,-16,15,24,16,24,39,-8,23,-8,24,-40,0,cut
25.318,2,2,3,2,8,15,-16,0,-8,8,8,-8,7,0,0,16,0,0,0,16,-8,16,-16,15,0,24,7,16,8,23,8,8,lob
37.837,2,3,2,3,0,24,-15,0,-15,0,-24,-16,16,8,15,8,8,24,0,32,-7,24,-23,24,-8,40,8,24,0,48,23,-16,long
32.118,3,5,3,2,-11,9,-17,7,-7,-3,13,-4,5,7,-2,16,-4,-11,-18,25,-10,19,-1,23,-1,26,9,21,6,25,16,16,long
30.852,3,3,2,3,24,24,0,0,24,-16,-24,-8,8,0,16,-16,-16,0,8,23,0,24,-8,47,-8,40,16,24,0,47,-8,48,long
37.695,3,4,3,2,-9,10,-16,1,-2,-10,14,-1,0,4,9,-8,0,-12,-12,21,-11,18,5,24,6,26,5,20,5,24,15,26,long
27.846,3,3,3,3,0,31,15,8,24,0,-16,0,-8,8,8,-8,15,8,0,24,7,23,16,31,8,47,-8,23,-8,31,-24,24,cut
20.571,3,2,3,2,-16,23,0,0,0,15,16,16,0,0,0,15,16,16,-8,15,-16,16,16,30,16,16,-8,16,-8,23,-15,7,lob
25.435,3,2,3,3,0,23,0,0,7,16,16,8,-8,0,8,16,15,8,-8,24,0,23,23,40,16,39,0,23,23,32,-62,23,cut
4.169,2,1,3,2,4,14,-9,5,-10,15,-16,13,24,2,14,5,10,5,6,26,-11,14,-9,16,-13,21,12,14,10,19,9,9,netplay
15.951,2,2,2,2,16,23,8,0,0,16,-24,15,-8,8,8,15,8,8,16,16,8,15,8,39,24,23,0,23,16,31,24,23,lob
90.186,3,3,3,2,15,24,-8,7,-7,8,0,-15,8,7,-23,0,0,-7,8,31,7,16,23,31,-15,32,-8,16,-8,39,-7,24,smash
17.64,3,3,3,3,-16,23,0,0,8,15,16,8,-7,0,7,15,16,0,-15,15,-16,8,-7,22,-32,16,0,8,15,15,8,23,netplay
25.219,3,3,3,2,-8,24,16,8,0,8,-23,-8,-7,0,-16,0,-23,-8,0,24,8,24,-8,15,8,8,-7,24,-16,31,8,32,lob
31.744,3,4,3,2,-12,2,-18,-4,-2,-9,6,-1,-5,12,-12,9,-5,-8,-26,13,-20,16,-9,24,-3,29,-1,23,0,18,17,11,long
24.815,3,3,3,3,8,15,-16,8,-8,8,-7,15,8,0,7,16,0,8,0,16,-8,8,-8,15,-8,23,8,8,15,23,16,15,netplay
11.412,2,2,3,3,0,23,-15,8,-24,8,16,-8,16,8,16,16,8,23,0,32,0,23,8,39,8,23,16,23,0,39,24,31,netplay
16.818,2,2,2,1,0,16,-7,0,-16,24,0,16,8,0,0,8,8,8,-7,16,-16,16,16,24,-8,24,0,16,15,8,8,24,lob
7.115,2,2,2,2,8,23,-16,0,-15,16,0,23,7,0,8,16,8,7,-8,16,-8,23,0,23,0,31,8,23,0,23,-8,39,netplay
5.112,2,2,2,3,0,32,16,0,7,24,-7,15,-8,8,8,23,-15,8,8,31,8,16,0,32,23,31,0,16,-8,40,8,39,netplay
21.366,2,1,2,2,0,24,-15,0,0,24,-8,0,16,8,7,16,-15,-8,0,24,-7,16,0,40,-8,24,8,16,8,32,0,24,lob
7.661,2,2,3,2,15,15,-8,8,8,16,0,15,7,0,-7,39,22,-46,7,24,8,15,0,31,-8,31,8,15,-8,31,-7,23,long
22.32,2,2,2,2,8,15,-8,8,-7,7,-8,8,15,0,8,8,7,15,8,15,-8,16,0,23,0,23,7,16,8,23,-15,15,lob
76.776,2,2,2,3,-2,22,-20,0,-21,-8,-22,-15,16,2,26,6,5,17,6,33,-10,25,-16,27,-22,35,18,23,18,33,23,25,drive
26.021,2,2,2,3,0,16,-8,8,16,8,0,0,0,8,15,8,0,-8,0,24,-8,24,-16,24,-15,24,8,16,15,24,8,24,netplay
9.467,3,3,3,2,8,16,22,-1,18,-5,13,-8,-12,12,-6,16,-19,19,8,39,12,17,14,21,11,26,-11,21,-11,35,-9,24,netplay
23.24,3,2,3,2,-8,24,0,0,16,8,8,0,-8,0,24,8,8,0,-8,16,-16,16,24,16,8,24,-16,16,8,24,-16,0,lob
46.33,3,2,3,3,0,31,0,8,31,15,23,0,-8,8,8,15,54,0,0,31,-8,16,15,15,16,39,0,24,-16,7,-8,8,drive
32.636,2,3,2,2,12,4,-3,10,-10,10,-18,9,6,-5,18,2,0,11,21,13,3,11,-15,-2,-11,17,21,6,7,21,33,6,lob
75.605,2,3,2,2,16,14,11,-10,4,-22,0,-17,-5,17,14,-1,5,-16,18,25,22,23,24,27,-1,30,-8,26,-15,21,-28,25,smash
50.055,2,3,2,2,1,11,-12,9,1,12,15,7,7,1,-3,12,-6,5,-9,17,-16,4,-5,17,-13,16,11,8,13,12,11,18,netplay
15.763,3,3,2,2,-8,24,8,8,8,24,16,0,-16,0,0,16,16,8,-8,32,8,24,8,40,-8,32,-8,24,0,40,0,32,netplay
6.146,3,2,2,2,-8,23,-15,0,-16,8,16,8,15,0,16,0,15,0,0,16,-8,15,-7,24,0,23,8,15,7,16,0,15,netplay
4.651,3,2,3,2,-16,23,8,8,8,8,8,8,-7,-7,-16,0,-15,-8,-15,16,0,15,31,8,-8,23,-15,15,-16,23,-15,24,netplay
21.078,3,1,3,2,-8,11,4,12,13,7,10,5,-11,6,-12,4,-5,10,-18,26,-5,20,17,6,7,30,-15,14,-6,26,-16,2,lob
30.312,3,2,2,2,17,-3,7,-10,-7,-29,-15,-24,18,8,10,-15,0,-10,41,15,19,21,14,7,15,31,-8,21,-14,24,-16,5,long
57.949,3,2,3,3,-4,21,0,19,20,14,22,5,-12,-3,-18,2,15,10,-26,26,-10,16,28,10,18,33,-14,12,0,23,-37,7,cut
63.126,3,2,3,3,-9,12,-9,-8,-7,-9,-1,-7,4,12,18,7,-3,-11,-12,15,-16,4,-19,20,-20,18,5,15,12,17,19,18,rush
19.615,3,2,3,2,8,24,16,0,23,0,8,0,-16,7,-8,16,-23,8,0,31,8,23,16,24,15,31,-8,23,-31,32,-16,31,netplay
23.175,3,2,3,2,-8,23,0,0,8,16,15,0,-8,0,16,16,15,0,-8,16,-7,23,15,15,8,23,-7,15,0,31,-31,0,lob
72.412,3,2,3,3,-15,32,-8,0,23,31,32,8,8,0,-8,15,39,24,-8,15,-16,16,24,24,23,31,0,16,0,32,-32,8,long
60.126,3,3,3,3,-14,16,-8,-11,2,-8,4,-12,8,13,3,14,2,-13,-12,15,-20,7,-11,25,-17,24,1,14,9,26,21,16,smash
26.096,3,2,3,3,3,23,-5,5,-20,4,-26,8,11,3,23,2,7,23,28,16,25,13,15,35,34,17,4,17,-26,11,3,37,netplay
12.574,2,3,2,4,0,31,15,0,16,24,15,-8,-16,0,-15,16,8,-8,0,24,8,23,15,15,-8,39,-8,15,-23,31,0,39,cut
74.821,2,3,2,3,0,23,-8,8,0,15,0,16,15,0,8,8,0,23,7,16,-7,15,-8,23,0,23,8,15,8,23,7,23,netplay
2.535,3,3,3,3,24,24,16,-8,8,23,8,16,-16,8,8,23,16,0,8,23,24,24,24,16,-16,39,0,24,-16,39,-16,39,lob
50.292,3,3,3,2,-8,24,-8,0,-15,8,0,16,16,0,8,16,0,8,0,16,-8,8,-8,24,-23,24,8,8,8,24,16,24,smash
44.745,3,2,3,3,-8,24,16,8,8,31,15,-8,-16,8,-15,16,-8,7,0,31,8,16,16,32,23,31,-16,16,-23,32,-16,39,drive
21.091,2,3,2,2,5,12,-1,5,-4,3,-7,-2,13,9,4,9,2,13,13,24,2,17,-18,16,11,17,18,13,16,16,25,17,cut
19.939,2,3,2,2,16,23,0,0,0,16,-16,0,0,0,0,16,-24,0,8,16,8,15,-32,8,-8,31,16,15,8,39,32,23,lob
42.892,2,3,2,2,2,11,-7,8,-4,8,-3,-11,4,1,-8,5,-10,-8,2,29,0,23,-1,20,19,19,12,20,2,19,20,22,long
25.232,2,4,2,2,8,24,-15,0,-16,8,-15,0,8,8,-8,24,15,-16,0,24,0,24,15,39,-23,32,0,24,15,31,8,24,long
33.885,3,3,3,4,16,23,8,0,23,-23,0,-24,-16,8,0,-16,0,-8,8,32,15,24,8,47,0,47,-8,24,-8,39,-16,32,cut
24.141,2,2,2,2,8,8,-8,8,0,16,0,8,8,0,8,16,0,0,0,16,0,16,-8,8,-7,23,16,16,0,0,15,23,lob
100.801,2,3,2,3,16,11,13,-14,-5,-25,-15,-19,0,20,14,-7,5,-15,30,25,22,26,21,16,-10,37,-11,28,-18,23,-35,21,cut
38.099,3,3,2,3,24,16,-8,7,40,-23,-32,16,8,0,16,-16,-8,8,8,23,0,31,0,40,-16,39,16,24,8,47,-24,47,long
43.318,3,4,3,2,-10,11,-14,-4,-5,-12,6,-8,3,14,8,-4,0,-7,-14,21,-13,16,-3,24,9,27,3,18,7,23,16,19,cut
13.097,3,4,3,2,0,32,16,0,7,-8,8,-8,-8,0,-23,8,-16,0,0,23,8,24,8,23,0,32,-8,24,-16,39,8,32,netplay
21.98,2,2,2,2,8,23,-16,0,0,24,-16,15,8,0,8,0,8,31,0,16,-8,15,-8,16,-8,23,8,15,16,16,0,23,lob
25.906,3,3,3,3,8,31,7,0,8,8,24,-8,0,0,7,16,8,-8,7,24,8,23,24,40,15,39,-7,23,0,32,-32,23,cut
29.212,2,2,3,3,0,16,-7,8,-8,16,8,16,16,8,7,0,-7,-8,8,24,-8,16,-7,23,-16,24,8,16,7,7,8,16,lob
45.628,2,2,2,2,0,24,8,8,16,15,8,24,-8,8,8,23,-24,-39,8,31,8,24,8,39,-16,39,0,24,16,39,16,39,long
43.2,3,5,2,2,-7,5,-17,0,-8,-11,6,-3,7,11,-9,12,0,-6,-17,23,-14,16,-5,25,3,30,2,19,4,18,15,22,long
23.945,3,4,3,2,9,18,25,5,26,-14,-13,2,-11,6,-4,10,4,-18,8,33,9,23,-5,40,-6,37,-9,19,4,28,-10,35,long
19.524,3,5,3,2,0,24,16,7,24,8,16,-8,-8,0,-16,15,-24,8,0,23,0,23,24,24,24,31,-16,23,-32,32,-24,23,netplay
25.873,2,2,3,2,3,14,-12,8,-6,15,-8,10,17,-2,13,4,2,16,4,26,-10,12,-6,18,-11,23,13,13,8,18,3,12,lob
24.067,2,2,2,3,7,32,-15,-8,-24,0,-15,0,8,0,16,16,15,23,0,23,-7,24,-24,24,-8,39,8,24,16,40,31,15,cut
25.635,2,2,2,2,4,17,-10,3,-7,17,-7,18,10,-6,9,-3,11,9,0,15,-8,14,-10,11,-6,22,8,9,2,22,6,5,lob
90.14,2,2,2,2,17,8,20,-1,15,-23,-7,0,5,18,10,-3,9,-10,33,28,17,19,8,31,4,45,-3,22,-7,29,-15,28,smash
26.963,2,2,2,3,8,23,-8,0,-8,7,-16,8,16,0,16,7,-24,16,16,7,-8,16,-8,7,-8,23,16,16,24,7,24,16,netplay
92.052,3,3,3,3,16,12,22,-4,13,-25,8,-31,-7,18,23,7,15,-5,27,33,20,26,15,34,-18,32,-6,25,-10,32,-8,34,smash
21.794,3,3,3,3,7,23,-15,8,0,8,8,16,16,0,8,8,0,16,0,16,0,8,-23,23,-24,16,8,8,8,23,8,16,netplay
8.996,3,3,3,2,0,24,8,0,0,16,-8,64,-8,0,8,24,0,56,8,24,7,24,0,32,0,8,7,24,0,32,24,32,netplay
17.192,2,2,2,2,8,14,-14,6,0,14,-7,13,9,-7,9,-4,10,-2,1,16,-6,11,-12,6,-4,19,7,8,3,11,3,6,lob
21.211,3,3,3,4,8,16,-8,8,-16,15,-15,0,15,0,8,8,8,7,8,15,0,8,-8,16,0,23,15,8,24,16,23,16,netplay
24.078,2,2,2,2,0,24,7,0,-23,-8,-15,-16,0,8,-8,8,-15,0,7,24,0,23,-23,24,-15,16,0,23,0,40,31,23,lob
90.519,2,3,2,2,-2,13,-9,10,-12,-1,13,-7,10,7,10,15,-13,4,-4,31,-7,17,-6,20,9,9,11,15,7,25,18,23,smash
36.503,2,4,2,3,-2,21,-10,4,-19,-1,-24,2,3,6,24,6,11,23,17,31,12,21,13,28,35,40,-11,21,-11,32,-14,36,lob
81.108,3,3,2,2,-14,7,-17,-2,-7,-8,16,-1,4,17,-7,16,-11,2,-20,20,-15,13,-8,29,-7,22,-4,19,4,24,15,11,smash
43.206,3,3,3,3,7,32,16,0,15,0,8,-16,-15,7,0,16,0,-8,8,23,8,16,31,31,23,24,-8,24,-23,15,-16,32,lob
65.474,3,3,2,2,1,18,-14,5,-20,-5,5,-13,11,4,11,0,4,17,3,26,-8,13,-20,19,0,26,12,17,13,20,19,12,drive
18.05,2,3,2,2,0,32,-8,-8,-24,8,-24,0,8,0,8,16,8,15,16,23,8,16,-24,32,8,31,16,16,24,24,32,23,cut
7.005,2,2,2,2,2,13,-11,9,-4,12,-10,6,15,3,12,9,10,-1,2,30,-11,14,-7,19,-6,27,12,15,4,21,3,6,netplay
11.294,2,2,2,2,16,15,8,0,8,16,0,0,-8,8,0,16,16,8,16,24,16,8,0,31,31,23,8,15,8,24,23,23,lob
35.282,2,3,2,2,2,23,-10,6,-23,5,-5,16,6,3,20,10,16,20,18,26,24,16,17,29,28,23,1,22,-20,24,-12,35,lob
78.911,2,3,2,3,-5,12,-21,9,-7,-1,11,-5,10,10,3,10,-2,10,-11,25,-13,16,6,28,10,30,5,19,5,23,10,29,smash
17.241,2,3,2,3,-8,18,13,11,17,18,18,16,-17,5,-23,10,4,11,-18,33,-3,21,36,0,-27,25,-30,16,-26,20,-29,14,netplay
23.874,3,2,3,2,-8,24,-7,0,0,15,23,8,0,0,8,15,8,8,-15,15,-8,16,16,23,7,16,0,16,-8,23,-8,8,lob
30.087,3,2,2,3,23,6,9,0,22,6,-26,7,8,4,8,-4,-4,-13,30,29,8,16,9,35,-1,40,2,12,6,25,-22,32,long
62.081,3,3,2,3,-3,10,-16,6,-8,1,11,-6,3,6,1,19,-2,-8,-18,27,-10,16,2,21,6,28,6,16,1,26,8,25,long
22.335,3,3,3,2,0,32,-16,0,-23,8,-8,-16,16,0,23,8,15,-8,-16,24,0,24,39,16,-15,40,-15,24,-16,24,-31,24,cut
25.94,3,2,3,2,-6,11,-9,12,1,15,11,13,-8,2,6,14,6,11,-20,27,-14,8,11,15,3,28,2,13,-12,15,-13,9,lob
50.052,3,2,2,3,22,7,17,-8,11,-13,-4,-15,4,8,2,-10,1,-19,29,21,18,19,6,32,-4,41,-1,20,-5,25,-14,19,smash
18.982,2,3,2,3,16,16,-8,0,-16,7,-23,0,8,-8,23,8,-8,30,15,7,0,15,-23,16,-16,15,16,15,16,16,23,22,netplay
3.783,2,3,2,2,8,23,8,0,0,8,-8,23,-15,8,-16,8,-15,0,0,23,16,24,-8,23,0,31,0,24,0,23,8,38,netplay
5.157,2,3,2,2,0,16,-8,8,-16,15,-8,16,15,0,8,8,8,15,0,16,-8,15,16,32,0,0,8,15,7,16,0,16,netplay
60.213,2,4,2,2,-3,14,-17,-3,-11,-7,3,-11,12,11,-1,10,-3,11,-11,27,-14,14,2,25,3,25,3,19,-1,21,1,26,smash
27.644,2,3,2,2,23,23,8,8,-8,8,16,15,-8,0,-31,16,-23,0,16,24,16,15,-8,31,-16,31,8,15,-32,31,16,31,lob
29.202,2,4,2,2,-2,13,-7,10,0,9,4,-18,4,5,7,-7,-10,-13,-1,24,-2,23,5,24,3,26,7,20,0,27,23,11,cut
7.047,2,3,2,2,11,17,13,1,-15,9,-11,9,1,12,0,18,-7,18,29,28,12,18,-30,5,-15,28,3,21,16,29,24,20,netplay
4.569,2,2,2,2,2,13,-11,9,-4,12,-10,6,15,3,12,9,10,-1,2,30,-11,14,-7,19,-6,27,12,15,4,21,3,6,netplay
17.034,2,2,2,1,8,16,16,8,8,16,-8,0,0,8,8,16,0,7,16,24,8,15,-16,16,-16,16,0,15,16,32,24,23,lob
48.664,3,4,2,2,31,8,0,-8,15,-24,-7,-16,0,-8,15,-32,-7,-8,15,16,0,24,-7,32,-16,24,16,24,0,40,-8,40,cut
28.896,3,3,2,3,-8,24,-8,0,-16,15,0,8,0,0,0,15,16,8,-8,8,-16,15,-16,24,-16,15,0,15,16,16,0,31,netplay
16.594,3,3,3,2,0,24,15,0,32,0,24,-8,-8,0,-16,16,-16,16,-8,24,0,24,23,23,24,32,-16,24,-24,31,-24,24,netplay
21.515,2,2,3,2,-8,16,-16,0,0,16,-15,16,8,0,0,24,15,24,0,16,-8,16,-8,8,-15,24,0,16,15,0,8,16,lob
33.594,2,2,2,3,17,6,16,-7,11,-26,-9,-16,0,16,8,-15,-4,-19,29,33,18,25,7,33,-1,40,-4,23,-12,29,-24,24,long
27.786,2,4,2,2,-5,11,-14,6,-12,-3,-6,-12,10,11,10,11,0,-5,1,31,-11,15,-5,14,-6,17,6,17,0,18,23,18,cut
5.173,2,3,2,2,6,21,11,0,-16,5,-10,9,0,7,5,9,-7,11,22,31,16,13,-25,5,-12,27,2,18,6,34,25,17,netplay
21.781,2,1,2,2,8,16,-8,8,-8,16,-15,16,15,0,15,0,16,16,7,16,-7,16,-8,24,-8,24,8,16,8,32,-8,32,lob
54.923,3,2,3,3,0,24,8,8,32,0,23,-8,-16,8,0,8,16,-16,0,31,8,24,24,32,16,39,-8,24,-15,24,-24,31,cut
22.388,3,3,3,3,-2,18,12,10,23,-2,16,1,-17,2,-17,10,-4,15,-13,24,2,19,15,17,10,28,-13,19,-3,20,-12,18,netplay
18.589,3,3,3,2,-8,24,8,8,0,8,-8,-8,-7,0,-23,0,0,0,0,24,8,16,8,16,-8,24,-7,16,-16,32,0,32,lob
6.725,3,2,3,3,8,23,15,8,16,24,7,23,-16,8,-15,24,8,-8,0,32,15,23,0,39,0,31,-8,23,-8,39,0,39,netplay
18.096,3,2,2,2,-8,23,-8,0,-7,8,-8,23,16,0,15,0,8,16,0,8,-8,15,0,23,0,23,8,15,8,23,-8,23,lob
12.938,3,2,2,1,-23,23,-15,7,-15,16,0,15,8,7,-8,16,0,15,-7,23,-16,15,-7,38,0,23,0,15,0,31,0,30,netplay
14.553,3,3,2,2,-15,23,8,8,0,8,-32,-8,-16,0,-15,8,7,0,-8,16,0,23,0,39,0,38,-16,23,0,39,8,38,long
23.84,3,3,3,2,0,24,15,8,0,16,-15,8,-8,0,0,24,-16,8,0,24,15,24,8,31,8,40,0,24,-32,31,-15,40,lob
28.286,3,3,3,2,-13,9,-12,-6,-1,-14,5,-9,5,13,-8,7,-2,-13,-18,16,-17,22,-1,23,8,28,-1,23,10,21,20,16,cut
14.129,3,3,3,2,0,24,-8,8,-16,15,-16,16,16,0,16,-8,8,-16,0,23,-8,24,-16,32,0,31,8,24,16,16,0,23,netplay
19.924,2,2,3,2,9,17,-9,7,-8,12,-9,13,8,-7,11,-1,7,15,6,18,-10,13,-9,15,-12,26,9,9,9,20,6,9,lob
31.545,2,2,2,3,23,23,-8,8,39,-39,0,-24,8,-7,23,-24,0,-24,16,16,0,24,-16,40,-23,23,15,24,24,32,-8,47,cut
12.146,2,2,2,3,3,14,-11,6,-7,18,-11,22,7,-9,17,-2,20,3,0,11,-7,8,-9,14,-5,16,8,7,5,11,6,11,netplay
20.888,2,3,2,2,0,24,15,8,0,0,-15,0,-8,8,-23,0,-15,-8,8,24,7,24,8,16,0,16,-8,24,-15,24,0,32,lob
83.473,2,3,2,2,5,14,-4,8,-14,8,-16,7,6,-4,16,4,-9,6,16,12,17,8,-22,4,-7,17,15,12,13,10,9,19,cut
15.293,2,2,3,2,11,18,-8,14,10,17,-11,14,13,-4,9,12,7,7,13,32,-8,14,-3,22,-3,26,8,14,-4,22,-4,29,long
66.504,3,3,3,3,-11,8,-11,5,-18,-7,18,-2,0,7,3,8,7,-5,-14,33,-7,15,5,21,16,16,3,16,-8,23,2,30,smash
22.979,3,3,3,2,-16,23,8,8,24,23,16,15,-16,-8,-32,8,-16,0,-16,23,-8,16,32,15,32,31,-24,16,-24,23,-32,23,netplay
18.013,3,2,3,2,-15,16,0,0,-8,15,8,16,0,0,0,15,0,0,-8,7,-8,16,8,16,8,23,0,16,0,16,0,23,lob
21.157,3,2,3,3,-15,8,0,0,15,15,8,8,-8,0,8,8,15,15,-16,15,-8,8,24,15,15,23,-16,8,-15,7,-24,8,lob
44.255,3,2,3,3,0,32,16,0,23,-16,0,-8,-15,0,-16,0,8,-16,0,24,8,24,8,47,8,40,-8,24,-23,39,-16,40,long
71.017,3,4,3,3,-14,5,-15,-6,-8,-14,7,-6,2,12,-1,15,7,-12,-22,32,-13,11,-5,22,-2,29,5,13,5,18,18,16,smash
15.099,3,2,2,2,7,24,-7,0,15,7,8,-15,8,0,16,7,0,-15,8,15,0,24,0,31,-8,24,8,24,0,31,0,31,long
63.807,2,2,2,3,5,25,17,-3,9,0,-15,10,-18,22,4,-8,18,1,15,33,16,28,8,30,5,37,-9,30,-7,36,-3,37,smash
20.11,2,3,2,3,7,24,-15,0,0,15,0,8,16,0,16,0,16,8,8,15,-8,8,-15,16,-8,31,8,8,16,24,23,15,netplay
22.592,2,2,2,2,0,23,7,0,8,16,-8,8,0,8,0,16,7,8,7,24,16,23,-16,31,16,16,8,23,-8,39,16,8,lob
48.005,2,3,2,2,-2,11,-9,6,-15,4,-9,7,6,9,6,14,-14,-4,-1,29,-8,14,-9,17,1,18,5,18,-11,21,22,16,cut
14.54,2,3,3,2,8,24,15,8,23,-16,8,0,-8,8,-15,16,-16,16,0,32,15,24,-7,32,15,24,-8,24,-8,32,0,40,netplay
16.58,3,2,3,2,-15,-2,-8,6,9,17,15,6,-1,-3,-9,-10,-11,4,-25,-4,-14,7,17,8,11,28,-5,9,-9,19,-23,-3,lob
14.864,2,2,3,2,8,15,-8,16,10,13,-10,15,18,-2,5,9,7,6,13,29,-8,18,-3,22,-1,22,9,17,-1,24,-7,29,long
59.035,3,3,3,3,16,24,0,8,31,-32,0,48,8,0,23,-32,8,-16,8,32,8,24,7,48,-7,40,0,24,-8,40,0,40,long
30.82,3,3,3,3,2,15,11,4,20,-14,15,-15,-10,7,-15,12,-3,15,-5,35,2,17,9,24,-12,31,-10,17,4,24,-9,25,long
27.639,3,3,3,2,0,19,22,-4,16,-18,6,-18,-14,12,13,9,13,7,5,36,12,29,1,37,-18,24,-10,25,-3,31,-3,26,cut
38.695,2,3,2,5,16,31,15,-8,15,-23,15,-23,-8,8,8,0,0,-8,15,24,15,23,15,39,-22,39,-8,23,0,47,-15,39,long
34.575,2,5,2,2,-8,24,-16,-8,-16,-8,24,8,8,8,0,16,-16,-8,-8,16,-8,16,-16,16,0,24,0,16,0,32,8,32,cut
23.818,2,3,3,2,-8,32,16,8,8,7,16,0,-16,-8,-16,8,8,8,-8,15,8,16,24,16,8,16,-8,16,-16,24,-16,31,lob
31.597,3,5,3,2,-8,24,-8,0,-7,8,7,0,0,0,8,16,0,8,-8,16,-7,16,0,16,7,24,8,16,8,16,15,16,long
30.334,3,3,3,3,0,31,16,8,32,0,15,0,-16,0,-15,16,15,-8,0,31,0,24,16,39,8,31,-16,24,8,31,-31,23,cut
7.768,3,2,3,3,-8,15,0,0,8,8,7,8,-8,0,-15,8,23,0,-16,16,-7,15,15,23,8,23,-7,15,-8,16,-16,7,netplay
5.049,3,2,3,1,0,31,8,0,-8,15,-8,0,-16,0,-16,15,-8,0,0,23,8,23,8,8,0,23,-8,23,-16,23,0,31,netplay
4.298,3,2,3,1,-4,16,-10,9,5,15,19,9,-8,1,14,10,15,6,-20,28,-3,19,19,15,2,32,-4,16,3,27,-19,18,netplay
16.58,3,2,3,1,-8,31,8,0,-39,-54,0,30,-15,7,-8,16,-8,0,0,31,8,15,8,23,7,16,-8,15,-15,31,8,23,lob
57.782,3,2,3,3,16,32,15,-8,16,-16,7,-23,-8,8,8,0,31,15,7,23,16,24,8,47,-8,39,0,24,0,47,-7,39,cut
45.974,3,2,3,3,-5,14,-1,14,16,5,24,10,-6,2,-12,0,1,11,-23,21,-11,16,18,19,-22,16,5,8,15,17,-12,26,lob
43.135,3,2,3,2,11,12,20,-8,5,-14,-7,-17,0,15,13,1,1,-16,31,21,20,16,15,36,4,30,2,21,2,31,-3,27,smash
14.452,2,3,3,2,-8,24,8,8,-15,-8,-8,-16,-15,0,-24,-8,8,-16,-7,24,0,23,7,32,0,31,-16,23,0,40,8,31,long
30.046,2,4,2,2,-15,16,-8,0,-15,-16,7,8,7,8,0,16,-7,16,-8,16,-8,16,-15,24,0,23,0,24,8,23,7,32,cut
9.826,3,3,3,2,-24,15,8,8,16,8,16,8,-7,-15,-24,-8,-8,-8,-7,8,-8,23,23,-7,0,23,-24,16,-16,23,-23,8,netplay
53.72,2,3,2,3,23,24,7,-8,16,-31,0,-16,-8,8,15,8,16,0,7,23,23,24,23,39,-15,40,8,24,-8,39,-23,32,smash
21.178,2,2,2,3,11,14,-5,6,-16,11,-17,5,7,-8,24,-8,14,7,23,6,9,9,-24,0,-19,19,29,3,14,12,32,12,netplay
35.536,2,3,2,2,8,24,16,0,8,-24,0,-16,-8,8,-16,16,-24,8,16,24,16,16,-16,32,0,16,0,24,-8,32,-8,32,rush
13.413,3,2,3,2,8,22,-9,8,21,17,-14,6,6,-3,5,-4,14,-3,3,17,-13,15,10,14,7,31,3,17,-1,26,-27,7,netplay
23.631,3,3,3,2,-7,24,15,8,8,8,16,8,-8,0,-24,16,-16,8,0,24,7,23,16,16,8,16,-8,23,-8,24,-8,31,lob
71.262,2,3,3,2,-7,15,-11,6,-22,-6,-11,-13,9,7,4,21,-11,1,-3,27,-7,13,-13,17,-16,20,6,15,11,26,16,21,smash
28.93,2,3,2,2,16,31,7,0,8,8,0,23,-8,0,-24,0,-23,-8,0,23,15,24,-8,38,24,24,0,24,-16,31,0,38,lob
28.376,2,3,2,2,8,23,-8,0,-16,0,-8,-8,8,0,8,15,-8,16,0,15,-8,16,0,15,0,23,8,16,-8,22,8,23,cut
24.362,2,3,2,2,6,18,7,3,-15,8,-15,6,-2,16,3,14,-7,18,20,37,7,16,-24,5,-13,25,-3,25,7,25,25,15,lob
30.713,2,4,2,2,-8,18,-7,6,-19,0,-1,-16,8,9,1,15,-13,6,-9,28,-10,16,-3,17,2,19,8,15,-3,29,14,19,cut
24.179,3,4,3,2,-8,32,16,8,16,7,16,16,-16,-8,-24,8,-8,-8,0,15,8,24,16,8,8,16,-16,16,-8,24,-8,23,lob
32.619,2,4,3,2,-7,10,-1,7,5,7,10,-8,2,6,8,17,-9,6,-2,33,-11,13,-17,15,11,20,6,19,-1,26,6,26,cut
23.81,3,4,3,2,0,24,8,7,8,16,8,8,-16,0,-16,15,-16,8,-8,23,16,8,8,16,8,23,-8,16,-8,23,0,24,lob
25.632,3,3,3,3,0,31,15,8,24,0,8,-8,-16,0,-16,16,8,-8,0,24,0,23,31,39,0,39,-16,23,-8,39,-32,23,cut
15.912,3,2,3,3,-4,14,-8,11,16,18,12,17,-5,-3,-14,2,0,7,-24,22,-3,12,18,14,15,21,-4,11,4,23,-32,3,netplay
12.999,3,2,2,1,7,15,10,3,-8,11,-13,10,3,17,10,6,17,7,27,26,14,20,-26,4,-18,23,3,27,14,19,22,16,lob
21.936,3,3,2,2,15,24,0,0,8,15,8,24,-7,0,7,23,0,16,8,23,16,16,24,31,31,24,8,16,-31,23,-8,40,netplay
24.49,2,2,2,2,4,17,-10,9,-8,16,-20,-7,16,0,19,3,19,2,6,25,-5,12,-9,15,3,32,13,14,6,35,-14,-3,lob
14.896,2,2,3,2,8,16,0,8,0,7,8,16,16,0,8,8,8,7,8,15,0,24,0,31,-8,24,16,24,0,31,-8,31,long
64.911,3,3,3,3,24,31,8,-8,16,-23,8,-24,-8,8,0,24,8,16,8,24,24,24,8,47,0,39,0,24,8,55,0,31,cut
32.929,3,3,3,3,-16,15,-15,-7,-16,7,0,0,-7,-7,-16,0,23,15,-15,8,-16,16,16,23,-16,15,-8,16,8,23,-16,15,lob
46.008,3,3,2,3,22,9,12,-11,-17,-15,-25,-9,5,8,13,-1,8,-9,34,8,17,12,16,28,11,36,-7,22,-16,23,-23,21,cut
17.889,2,2,2,3,8,24,16,0,16,7,8,8,-16,0,-15,7,-24,0,8,23,8,8,16,31,23,32,-8,16,-8,15,-8,40,netplay
12.946,2,2,2,2,24,16,7,-8,16,16,-16,40,0,8,-16,16,-16,8,23,8,24,8,0,32,15,24,16,8,-16,8,-8,24,netplay
22.789,3,1,2,2,-6,13,-4,10,13,3,16,7,-8,9,9,8,9,1,-12,25,-15,13,19,10,17,24,-1,14,-11,18,-25,3,lob
43.626,3,2,3,3,16,32,15,8,24,-8,24,-16,-8,0,0,-8,0,32,0,24,0,24,15,39,0,40,-16,24,-16,39,-23,24,long
24.497,3,4,3,2,-14,3,-9,-10,-5,-14,8,-13,-2,12,-14,10,-8,-9,-22,19,-12,13,-16,18,-5,35,5,17,5,22,17,10,cut
7.817,3,3,3,2,-8,31,8,0,8,24,-8,0,-15,0,-16,8,0,8,-7,16,7,15,16,8,0,23,-8,15,-8,24,-8,31,netplay
11.033,3,2,3,2,-3,15,-10,8,1,25,16,6,-6,6,4,17,-2,16,-21,26,-10,12,16,15,7,30,-2,15,-1,22,-22,11,lob
66.004,2,4,3,2,-9,15,-11,0,-21,-10,-12,-14,9,10,-3,20,-10,-2,-5,27,-9,12,-8,18,2,15,6,17,-8,21,16,28,smash
17.223,2,4,2,2,8,31,-16,0,-16,7,-24,8,0,7,16,16,-8,15,8,23,24,23,16,31,32,31,16,23,-40,23,8,39,netplay
16.297,2,2,2,2,1,14,-10,13,-2,14,-1,12,20,1,14,6,16,8,8,27,-7,13,-13,13,5,30,12,15,7,25,-13,5,netplay
9.702,2,2,3,1,-8,32,16,8,8,8,16,8,-15,-8,-16,8,-16,0,-7,16,7,24,24,8,0,8,-8,16,-16,24,-8,24,netplay
53.687,2,3,2,3,24,32,8,-8,16,-24,8,-32,-8,8,16,8,16,0,8,24,24,24,8,48,-8,40,8,24,-16,48,-8,32,long
75.577,2,3,2,3,-10,16,-10,1,-20,-9,-16,-10,6,5,-7,19,-12,-12,-8,25,-8,13,-11,18,-10,22,5,14,5,29,21,18,smash
23.056,2,3,2,2,-16,32,16,8,7,16,16,-8,-15,0,-15,16,7,-8,0,24,8,24,15,39,16,32,-15,24,-15,31,-16,40,lob
40.386,3,2,3,3,8,22,19,-6,10,-26,1,-21,-7,10,-12,-4,1,-30,21,30,15,23,3,38,-3,39,-6,26,4,42,-5,38,long
31.209,2,4,2,2,-10,13,-9,3,-9,-9,2,-11,6,8,-1,9,-3,-17,-5,35,-9,18,-9,14,5,15,5,19,-3,18,8,33,cut
25.389,2,3,2,2,8,24,7,0,-23,7,-7,0,0,7,0,24,-8,8,7,31,0,15,-15,24,-15,15,0,15,0,39,15,24,lob
23.936,2,3,2,2,8,16,0,8,0,8,-16,0,-8,8,8,16,-16,-8,0,16,7,16,0,24,16,24,7,16,0,24,16,24,cut
6.59,2,3,2,2,0,32,15,8,0,7,-15,0,-8,8,0,23,-15,0,8,31,7,16,-15,39,23,16,-8,24,0,31,23,16,netplay
5.69,2,2,2,2,3,18,-14,9,-6,17,-14,11,16,0,20,-3,15,4,9,22,-3,16,-13,18,-14,16,15,14,16,20,18,10,netplay
18.662,2,2,2,2,8,22,11,2,-15,10,-17,8,5,14,8,13,1,27,32,27,13,20,-22,7,-16,24,-2,24,5,26,15,20,lob
27.521,2,3,2,2,16,24,8,0,0,23,-8,16,-8,7,8,24,-8,15,16,23,16,16,-24,39,16,31,8,23,-16,32,16,31,lob
60.878,2,3,2,2,0,23,0,0,-8,8,8,8,8,0,0,16,-8,0,0,16,0,15,-8,23,0,15,8,15,-8,23,23,23,smash
35.532,2,3,2,2,-8,31,16,8,8,16,15,0,-15,0,-23,16,15,8,-7,24,7,23,16,39,23,32,-16,23,-15,32,7,39,lob
75.39,2,3,2,2,-11,15,-16,-2,-16,-8,-7,-16,6,7,-5,18,-14,-6,-10,26,-11,11,-13,26,-1,18,9,17,-10,22,16,30,smash
21.432,2,3,2,2,8,32,-8,0,-23,16,-23,8,8,0,15,8,0,24,15,16,16,16,23,40,23,24,16,24,-31,24,-8,40,netplay
28.656,2,2,2,2,4,20,-12,7,0,15,-14,6,12,-1,14,-12,14,-9,7,24,-4,15,-13,14,-7,28,15,13,10,11,9,20,lob
27.301,2,3,2,2,-7,32,-16,-8,-16,-8,-15,-8,15,0,-8,-16,0,-8,7,23,-7,16,-8,32,8,31,8,16,16,40,15,31,cut
15.222,2,2,2,2,0,24,-8,8,-8,8,-16,8,15,0,8,0,16,8,8,16,-8,16,-8,23,-8,24,7,8,16,16,8,15,netplay
17.519,2,2,3,1,0,32,8,8,16,16,8,8,-16,0,-24,0,-16,-8,-8,24,0,16,24,23,16,16,-16,16,-8,31,-16,24,lob
37.199,2,4,2,2,-7,12,-15,2,-15,-10,10,-4,8,11,-3,10,-7,-7,-10,31,-9,16,-3,20,3,27,5,18,-5,21,6,30,long
41.337,3,3,3,3,8,32,7,8,24,-8,16,-16,-16,0,-24,8,8,-8,-8,23,0,24,23,40,0,31,-16,24,8,24,-24,16,cut
28.531,3,2,3,3,-8,15,0,8,24,0,8,0,0,8,16,8,16,-8,0,23,-8,16,16,23,16,30,0,16,0,23,-15,15,netplay
69.514,3,5,3,2,-13,12,-14,-5,-4,-26,0,18,2,18,-8,12,2,-12,-13,24,-12,15,-9,23,10,18,6,18,4,20,8,24,smash
18.685,3,3,3,2,-16,23,8,8,24,15,24,0,-15,-8,-16,-8,8,0,-23,15,-16,16,16,31,-24,31,-32,8,-24,31,-16,31,netplay
60.621,2,3,2,3,16,32,15,-8,15,-24,0,-16,-8,16,15,7,8,0,15,31,15,16,-8,56,-7,39,-8,24,0,48,-15,31,cut
18.835,3,3,2,3,-16,15,0,0,8,16,16,8,-8,0,8,8,8,8,-16,16,-8,15,16,16,-16,23,-8,8,16,23,-16,23,netplay
25.286,3,3,3,2,-8,32,16,16,15,0,16,0,-15,0,-24,16,-8,0,0,32,0,16,16,23,15,16,-15,16,-16,31,0,24,lob
47.968,2,3,2,2,0,13,-3,10,-9,4,-14,2,0,5,2,17,-16,5,3,31,0,16,-15,7,-15,20,4,15,2,22,22,17,cut
46.045,2,3,3,2,-15,23,8,16,23,8,23,-8,-16,0,-23,8,0,8,-16,24,0,23,31,23,24,31,-15,15,-24,31,-31,31,lob
31.778,3,3,3,2,6,17,6,8,19,-10,17,-11,-10,4,-15,13,-4,9,-7,34,-1,17,3,21,-17,33,-8,19,4,24,0,26,long
40.405,3,3,2,3,46,0,-15,0,15,-15,0,7,-8,0,8,-23,0,8,8,16,8,16,-16,39,-31,23,15,16,23,47,0,39,long
24.792,2,3,2,3,-8,24,-7,-8,-16,-16,-8,-16,8,0,0,24,-15,0,-7,16,-8,16,-8,24,0,16,0,16,-8,32,15,32,cut
28.087,2,3,2,2,15,24,8,0,-8,23,0,16,-8,7,-7,16,-16,16,8,31,8,15,-16,32,16,23,0,15,-8,32,16,31,lob
30.957,3,4,2,2,-16,3,-11,-5,-3,-16,9,-10,0,11,-5,5,-3,-15,-24,20,-11,14,-8,23,-3,33,3,18,4,20,17,14,long
19.298,3,2,3,4,8,7,0,0,0,16,0,0,0,0,16,8,-16,8,16,8,7,8,-15,15,-16,0,15,8,-23,15,124,62,netplay
15.024,2,2,2,2,24,24,8,0,-16,16,0,40,0,0,-16,16,-16,16,24,8,16,16,15,32,32,24,8,16,-24,8,-16,24,netplay
28.635,2,2,2,2,1,20,-12,6,-18,0,-15,-3,18,5,12,8,11,7,3,29,-8,15,-9,19,-7,30,11,12,12,21,9,14,rush
14.885,2,2,3,2,8,24,-8,0,16,7,7,-23,0,0,15,7,0,-15,0,15,0,24,0,31,-15,24,8,24,0,31,0,31,long
58.779,3,3,3,4,8,32,16,0,15,-8,0,8,-16,24,16,15,8,0,16,32,15,23,-8,40,8,31,-8,31,8,40,15,31,cut
17.702,3,2,3,3,-1,12,-7,10,13,12,21,8,-15,6,-7,5,0,8,-24,32,1,19,21,10,15,27,-5,15,2,16,-19,16,netplay
9.536,3,2,3,2,-15,24,15,8,8,16,8,0,-8,0,-16,16,8,8,0,24,0,16,15,16,-8,24,-16,16,-8,24,-8,16,netplay
18.7,3,3,3,4,8,32,15,0,16,-8,23,-24,-16,8,-7,8,15,-8,0,32,15,24,0,47,0,32,0,24,7,47,16,40,cut
13.364,3,3,2,2,11,17,-2,6,-18,12,-18,8,12,4,22,4,14,12,35,5,25,15,7,28,27,16,4,20,-22,11,-9,28,netplay
22.337,2,2,2,2,2,17,-9,9,-13,10,-17,9,19,-1,16,-5,14,-7,10,22,-6,15,-19,12,-7,24,13,12,15,19,17,10,lob
44.436,2,2,2,3,15,16,8,-9,-3,-23,-24,-19,-6,16,1,-14,-16,-6,27,23,20,21,16,16,13,34,-5,29,-15,27,-19,34,cut
18.263,2,2,2,3,8,24,-16,0,-16,16,-24,0,8,0,16,16,16,7,0,16,0,15,-16,24,-8,31,16,15,16,24,16,23,netplay
12.477,2,2,3,2,-16,24,8,7,15,16,16,8,-8,-8,-15,-16,-16,-8,-16,7,-7,24,23,0,0,16,-23,8,-15,32,-24,15,netplay
35.943,3,2,3,1,0,11,1,12,15,3,14,-4,-6,0,1,-12,6,-11,-11,32,2,22,18,15,8,27,-10,21,-7,13,-17,14,rush
20.837,3,1,3,2,-15,31,-16,-8,-15,-7,-16,-24,7,8,0,16,-7,7,-8,24,-8,15,8,39,31,8,0,23,-15,31,15,32,lob
103.55,3,2,2,2,0,24,-7,-8,-24,-8,-8,-8,8,0,-15,16,0,0,8,24,0,16,-15,24,0,32,8,16,8,24,23,24,smash
23.505,2,3,3,2,8,24,8,8,0,15,-16,8,-15,8,-8,15,-15,16,0,31,8,24,7,31,0,32,-8,16,-23,39,-15,32,netplay
13.529,3,2,3,2,-11,16,1,9,9,7,13,8,-9,-1,-13,0,6,9,-20,22,-3,14,16,2,17,29,-12,9,-1,19,-31,2,netplay
18.097,3,2,3,2,-8,23,16,8,0,0,-24,8,-16,8,-8,15,8,0,0,23,8,24,8,7,0,24,-8,24,-16,23,0,23,lob
30.773,2,3,2,4,16,32,15,0,24,-8,23,-16,-8,8,8,16,23,8,0,32,7,24,16,48,-23,24,-8,24,0,48,-8,32,long
58.264,2,4,2,3,-7,8,-3,11,6,4,7,-7,-2,11,3,12,-7,10,-11,38,-6,15,3,21,8,26,6,15,4,23,7,20,smash
29.754,3,3,3,3,-8,32,16,8,16,16,24,0,-16,0,-24,16,-8,16,-8,24,0,24,32,16,8,40,-16,24,-24,32,-32,24,netplay
19.459,3,2,3,2,-7,23,-8,0,0,16,0,-8,7,0,0,16,0,0,-8,24,-8,15,8,23,8,16,0,15,0,23,0,-7,netplay
25.859,3,3,3,2,0,23,8,8,0,15,-8,0,-15,0,-16,0,-15,8,-7,16,7,23,16,15,8,16,-8,23,-8,23,0,23,lob
26.56,2,4,3,2,0,23,8,8,7,8,-15,0,-15,0,-16,0,-8,-7,-8,16,8,23,-23,15,-8,15,0,15,8,31,23,15,cut
20.984,2,3,2,2,16,24,8,0,0,24,-8,16,-8,8,8,16,-8,16,15,24,16,16,-23,8,-8,24,16,16,-8,40,32,8,lob
45.658,2,3,2,2,-4,16,-6,3,-15,4,-25,-2,10,5,6,16,-21,-8,0,29,-4,15,-15,14,5,17,6,18,2,23,26,12,long
34.169,2,3,2,3,9,17,19,-10,2,-23,-1,-25,-5,19,6,-13,-11,-12,24,24,18,24,9,33,0,36,-7,25,-7,39,-13,30,long
28.622,2,3,2,2,0,24,-8,0,-15,0,-8,-8,7,0,0,8,-7,-16,0,16,-8,16,-7,24,7,16,0,16,0,24,15,24,cut
32.685,3,3,3,2,0,32,15,0,16,0,15,-8,-16,0,-15,16,-16,16,-8,24,8,24,15,7,8,24,-8,24,-23,23,-8,24,lob
38.071,3,3,3,2,2,15,4,9,13,-9,16,-1,-10,12,-7,9,-1,18,-6,34,6,20,-2,20,-13,33,5,19,-2,24,-5,30,long
27.435,3,3,2,3,31,16,-8,0,8,15,8,-70,8,-8,0,-8,0,-39,8,15,0,16,-16,31,-15,24,24,8,7,39,-7,40,long
46.931,3,3,3,3,-8,31,0,8,32,7,24,0,-8,0,-16,0,72,15,-8,23,-8,23,32,16,16,38,-8,23,8,23,-40,0,cut
31.596,3,3,3,3,0,24,0,0,24,-8,8,0,-8,0,0,15,40,-23,-8,15,0,24,16,23,8,23,-8,24,0,15,-15,16,lob
61.711,3,3,3,3,3,30,17,9,23,4,21,-6,-18,-3,-9,18,17,-4,-10,25,-2,25,23,32,10,34,-19,22,-14,25,-21,22,long
36.053,3,3,3,3,0,15,6,10,17,-14,16,-12,-7,9,-8,9,10,6,0,38,-2,14,-3,25,-14,27,-3,16,7,21,0,25,long
40.171,3,3,3,3,8,39,-16,0,0,7,71,-38,15,-8,24,-8,16,-15,0,23,0,23,15,39,8,39,-16,16,-8,31,-23,23,long
36.086,2,4,2,3,0,16,-8,0,-8,8,-24,-8,0,0,8,16,-8,7,0,16,-8,15,-8,16,-8,23,0,15,-8,24,32,23,long
49.682,2,3,2,4,30,24,8,0,8,-32,-8,-32,-7,8,0,0,30,8,8,24,23,24,8,40,-8,40,0,24,-15,40,-16,32,cut
15.118,3,2,2,3,-8,24,-8,8,16,8,16,16,-8,8,0,16,16,0,-16,24,-8,16,16,24,16,24,0,16,8,24,-24,16,netplay
22.191,3,3,3,2,0,31,8,0,8,16,7,0,-16,0,-16,16,-15,8,-8,16,8,23,8,8,0,23,-8,15,-16,31,-7,24,lob
11.621,2,3,3,2,0,24,8,8,16,24,7,8,-16,0,-23,16,0,16,-8,24,16,16,8,24,15,16,-8,16,-16,32,-7,24,netplay
8.852,3,2,3,2,-7,14,-11,5,8,15,16,10,3,12,5,8,6,8,-16,26,-10,12,18,18,11,35,3,15,-2,23,-19,11,netplay
4.961,3,2,3,1,-5,26,17,4,9,11,15,3,-20,2,-12,9,-16,3,-1,33,7,20,11,15,4,18,-11,21,-18,21,-5,25,netplay
18.945,3,2,3,1,-3,17,-6,9,21,2,14,4,-9,4,-3,14,9,13,-19,30,-1,17,13,21,11,30,-12,13,-5,15,-12,23,lob
26.187,3,2,3,2,15,24,10,16,17,11,-20,8,6,-7,7,1,8,-3,20,23,-11,22,13,33,-8,33,3,13,4,11,-6,16,long
14.659,2,2,3,2,7,15,16,0,16,16,-16,0,-7,8,7,15,0,0,8,23,8,16,0,30,0,23,0,16,-8,23,0,30,long
34.807,3,3,3,4,16,24,15,-8,23,-16,8,-24,-8,16,0,24,15,-8,15,32,23,16,8,47,0,40,0,24,8,47,15,32,cut
22.604,2,2,3,3,11,17,-9,6,-7,10,-10,9,11,-7,13,-12,18,-9,8,8,0,10,-22,6,0,24,14,6,12,13,21,11,lob
35.867,2,2,2,3,23,16,8,-8,0,-32,0,-16,-8,0,-15,-8,-8,-16,8,24,16,16,23,40,-8,40,0,16,-16,40,-23,32,long
29.753,2,3,2,2,-5,13,-11,-4,-15,-9,-12,-18,2,4,-9,14,-7,-14,-3,27,-4,19,-8,15,4,18,0,19,-16,19,21,19,cut
22.798,2,3,3,2,-8,32,8,7,23,8,16,0,-16,-8,-24,0,-15,0,-16,15,-8,16,24,8,8,16,-24,8,-23,24,-24,23,lob
20.038,3,3,3,2,-11,7,-15,-3,-12,-12,1,-11,-4,12,-9,12,-11,-6,-20,32,-9,13,-6,25,10,27,7,15,3,20,19,14,cut
19.075,3,3,2,3,-8,23,16,16,0,15,8,-7,-8,0,-24,8,-8,8,0,24,8,23,16,39,24,31,-16,15,-8,39,0,39,netplay
25.914,3,2,3,2,-16,16,0,0,0,8,16,15,-7,0,0,15,15,0,-7,15,-8,16,15,16,8,16,-16,8,16,24,-16,0,lob
72.602,3,2,2,3,17,19,17,-10,3,-26,-4,-30,-4,15,16,18,12,-18,27,24,23,21,19,26,8,34,-1,23,-15,28,-18,20,smash
23.778,2,2,2,3,8,15,-10,8,-16,4,-19,7,6,-1,19,-1,19,8,23,21,0,10,-20,5,-21,22,16,8,17,17,29,15,lob
72.159,2,3,2,2,0,24,8,0,0,-8,-8,-16,-15,8,-23,8,-8,-8,0,32,15,24,-15,32,0,32,0,24,-15,32,0,32,drive
29.535,2,3,2,2,7,23,-7,0,-8,0,-16,8,8,0,16,8,0,16,8,8,0,16,-23,15,-8,31,16,16,7,23,23,15,lob
70.301,3,2,3,2,1,19,28,6,15,-6,-16,-4,-8,12,-3,22,19,0,13,35,15,21,4,33,-9,33,-4,26,3,41,-12,18,smash
20.379,3,3,3,3,-3,13,-5,15,11,14,23,9,-10,5,-13,6,0,10,-19,27,-12,13,-9,20,-28,19,7,7,12,13,6,24,netplay
24.118,3,3,3,2,-8,31,15,8,8,15,8,8,-16,0,-15,8,-16,0,0,16,8,23,7,15,8,16,-16,15,-7,31,0,23,lob
28.899,2,4,3,2,0,15,-8,0,-16,8,0,0,8,8,8,15,-8,8,0,15,-8,16,-16,23,-16,23,8,16,0,23,8,15,cut
12.026,2,3,3,2,-8,24,8,8,8,16,16,8,-15,0,-24,8,-8,8,-7,16,0,24,23,16,8,16,-16,24,-16,24,-8,24,netplay
13.25,3,2,3,2,-7,12,-2,11,12,11,22,13,-9,9,11,3,8,5,-15,28,-5,16,17,15,3,30,-6,17,9,17,-19,16,netplay
19.77,3,2,2,1,-1,21,9,3,-17,2,-17,0,-3,12,11,13,-6,20,17,33,8,23,-25,6,-18,28,-3,28,5,24,23,17,lob
39.931,2,4,2,2,-2,14,-6,7,-2,5,-14,2,3,3,4,21,-14,2,-2,31,-7,13,-7,15,-10,21,0,13,-2,25,24,12,long
42.287,3,3,3,3,0,31,16,8,16,-8,15,0,-16,0,-15,8,0,-8,-8,23,0,23,24,24,8,31,-8,23,0,24,-31,7,cut
33.282,3,2,3,3,-1,14,-2,9,16,1,19,1,-9,6,-1,11,4,15,-12,32,-7,20,17,14,16,24,6,19,-2,16,-17,13,lob
42.007,3,3,2,3,16,17,16,-4,3,-21,-6,-14,-6,10,2,-13,-5,-11,19,18,15,25,2,40,-3,38,-9,26,-8,38,-18,26,long
32.613,3,3,3,3,0,32,16,8,31,0,15,-8,-8,0,-23,8,0,-8,0,23,0,24,23,40,0,31,-16,24,0,32,-31,16,cut
29.323,3,2,3,3,-4,15,-7,9,15,10,14,7,-10,4,-3,5,3,13,-21,22,-7,13,19,10,15,24,-12,10,6,21,-27,5,lob
45.339,3,3,2,3,18,16,15,-9,5,-21,-12,-16,-1,10,0,-14,-15,-2,30,15,20,17,13,39,-1,36,-3,25,-9,30,-21,21,long
26.007,2,3,3,3,-8,31,8,8,24,8,15,0,-16,-8,-16,-7,-7,-16,-8,24,0,23,24,31,16,40,-8,23,-23,24,-32,15,cut
26.21,3,2,3,2,-16,23,0,0,0,8,16,8,0,0,0,16,16,0,-8,16,-8,23,16,15,0,31,0,15,8,23,-40,8,lob
44.924,3,2,3,3,0,31,16,0,8,8,8,0,-16,-8,-8,8,56,8,0,23,8,23,16,39,0,31,-16,16,-8,39,-24,38,long
21.296,3,3,3,3,-15,6,-16,-8,-3,-15,8,-11,-6,7,-16,9,-4,-7,-29,19,-11,15,-10,22,2,35,4,17,4,25,14,18,cut
6.287,3,3,3,2,0,24,8,8,8,24,16,0,-16,8,-16,16,-8,16,-8,32,8,16,16,32,8,16,-8,16,-8,32,-8,32,netplay
58.748,2,3,2,4,14,24,14,-16,13,-19,2,-19,-18,11,19,8,12,0,14,32,20,31,-1,42,-6,32,-4,30,-3,35,-22,34,cut
19.307,3,3,2,3,-16,15,0,8,0,15,16,8,0,0,0,15,16,16,-8,15,-16,16,24,15,-16,23,-8,16,16,15,-8,23,netplay
23.56,2,3,2,2,8,32,7,0,8,24,-15,47,0,8,7,32,0,0,15,24,15,16,0,31,-30,0,15,16,0,31,31,16,lob
29.571,2,3,2,2,-5,15,-12,5,-16,7,-11,-5,11,6,11,10,6,18,9,29,-9,9,-11,19,-1,19,8,11,-11,25,24,17,cut
26.416,3,3,3,2,-8,32,15,0,0,23,-7,0,-16,0,-7,15,0,16,-8,15,16,24,15,8,0,24,-8,16,-7,32,-16,23,lob
73.714,2,5,3,2,-8,23,-8,-7,-16,0,-7,0,8,0,0,16,-8,0,0,16,-8,8,-16,15,-7,23,0,15,0,24,8,31,smash
32.77,2,4,2,2,24,24,8,-8,24,-8,-16,16,-16,8,-24,0,-32,0,16,16,24,16,8,39,40,8,8,24,-16,23,-16,40,lob
58.622,2,4,2,2,-10,10,-15,0,-11,-13,7,-6,3,8,-3,13,-2,-11,-18,31,-7,14,-2,21,7,29,8,14,2,21,18,19,smash
69.636,3,4,3,2,-2,10,1,11,3,10,-3,-15,-3,8,-2,4,-8,-12,0,37,-8,15,-8,15,7,28,5,16,-4,21,12,23,smash
23.55,3,4,3,3,-16,16,8,8,24,15,32,8,-16,-8,-24,8,-16,8,-24,16,-16,15,32,16,-8,31,-24,7,-32,32,-16,23,netplay
28.253,3,2,3,2,-4,13,-8,8,11,6,5,8,-1,5,7,5,9,-1,-8,27,-16,16,11,13,14,30,5,14,2,24,-16,3,lob
44.999,3,2,2,3,16,13,14,-15,-3,-22,-3,-22,-5,13,10,-6,-18,-12,24,17,30,24,15,28,15,32,1,24,-21,26,-21,13,smash
13.212,2,3,3,2,-15,23,15,15,0,24,8,23,-16,-8,-15,0,7,-15,-8,23,0,23,8,31,7,31,-16,23,8,31,8,31,long
37.2,2,5,2,2,-7,6,-12,-3,-10,-11,15,-1,8,-3,-3,13,-2,-15,-10,24,-6,13,-3,18,4,23,6,15,-2,20,7,29,long
53.389,3,3,3,3,0,40,15,7,16,-7,0,0,-8,0,-8,-16,8,-8,0,23,7,24,8,39,0,39,-16,24,-8,31,-23,32,cut
18.9,3,3,3,3,-8,16,8,7,15,16,8,0,-8,0,-8,7,24,8,-16,15,-7,16,23,8,8,31,-15,8,15,23,-23,24,netplay
15.526,3,3,3,2,0,32,16,8,16,8,8,0,-24,0,-24,8,-8,0,-8,24,16,24,8,32,0,16,-8,24,-8,32,0,32,netplay
18.076,2,2,3,2,15,23,-15,0,-16,16,-16,15,8,-15,8,-8,8,0,8,8,-8,15,-15,16,-16,15,16,8,16,15,23,15,lob
72.013,2,2,2,2,23,23,7,0,16,-15,-8,7,-8,16,0,15,15,8,7,24,24,15,15,47,15,39,8,23,-15,39,-23,39,smash
23.007,2,3,2,3,-16,24,16,0,23,7,24,8,-8,0,-8,7,16,16,-8,15,-8,16,-16,23,-23,16,0,16,16,8,8,23,netplay
25.971,3,3,3,2,-8,32,16,8,23,16,16,8,-16,0,-15,8,-8,0,-8,24,8,24,16,15,15,16,-15,16,-16,31,-16,24,lob
31.183,2,3,2,2,-3,11,10,8,0,14,-10,4,-2,2,7,11,-5,14,10,27,6,17,-18,5,-21,20,-2,18,12,19,16,19,cut
32.443,2,3,3,2,-8,32,16,7,16,0,8,-7,-16,0,-23,7,-8,-7,0,23,0,24,16,15,16,24,-16,24,-15,31,-16,24,lob
32.867,3,3,3,2,2,17,10,5,26,-8,-7,7,-10,8,-9,14,-3,18,-3,32,1,17,2,24,-6,35,-9,15,-2,23,-5,31,long
31.164,3,3,3,3,-4,26,23,11,18,1,-6,-10,-22,-7,-9,19,7,-11,-3,29,11,26,13,36,9,33,-13,24,-12,33,-20,34,cut
14.314,2,2,3,3,7,31,-7,0,-8,23,-8,23,16,-15,16,0,8,0,8,8,0,7,-15,8,-16,23,16,0,24,23,15,8,netplay
20.97,2,2,3,1,-8,31,16,0,15,0,8,-8,-15,0,-24,0,-8,-8,0,23,0,24,16,15,8,8,-15,16,-16,31,-16,31,lob
41.626,3,3,3,2,-3,17,15,5,8,13,-13,6,-11,4,-9,14,-3,16,-4,25,5,18,18,7,6,19,-12,16,-9,18,-9,16,long
59.317,3,4,3,2,8,32,8,8,23,0,-8,0,-16,8,-7,8,15,-24,-8,31,8,24,-8,32,-15,31,-8,16,-15,32,-23,31,smash
15.629,3,3,3,3,1,16,-10,7,-15,9,-21,11,17,4,10,12,-5,9,14,21,-3,16,-14,17,24,6,18,10,17,11,20,16,netplay
15.17,2,2,2,2,3,23,-4,6,-15,11,-20,6,5,3,15,19,-3,17,24,28,8,24,-23,5,-18,18,3,25,10,22,24,25,netplay
15.671,3,2,2,2,-8,16,-9,5,13,13,6,10,-14,6,1,16,5,15,-27,23,-7,12,19,7,22,23,-6,9,-10,6,-25,8,lob
24.397,2,3,3,2,-1,17,-10,3,0,21,29,6,-1,4,-6,11,1,11,-14,21,-13,12,-6,19,-16,17,0,11,16,12,-7,19,lob
39.96,3,2,3,2,0,31,15,0,16,23,8,23,-16,8,0,23,8,7,8,23,15,15,8,31,-8,23,-8,15,-16,31,-16,23,long
17.404,3,3,3,3,0,39,15,8,24,15,7,8,-15,0,-8,15,-16,16,-8,23,8,23,15,39,-7,31,-15,16,-8,38,-23,31,netplay
28.154,2,2,3,2,3,17,-11,12,4,13,24,-2,10,-4,14,1,15,0,8,23,-10,14,-10,18,6,30,13,9,11,22,5,21,lob
27.862,2,2,2,3,24,9,17,-7,4,-17,-10,-2,6,12,15,0,7,-15,35,22,20,18,9,38,2,33,-5,23,-9,26,-31,20,cut
20.498,3,3,2,3,-14,8,-12,-6,7,13,12,19,-3,13,-11,10,1,-11,-20,16,-17,0,-15,16,-22,18,2,16,7,19,11,21,lob
51.823,3,2,3,3,-15,24,15,16,0,24,8,24,-15,0,-23,0,-8,32,-8,32,0,16,16,48,7,32,-15,16,-8,48,-7,32,long
59.583,3,2,3,3,-8,24,-8,0,-15,16,8,15,16,0,8,16,0,0,0,16,-8,15,8,32,0,31,0,15,16,24,-8,31,smash
20.01,3,2,3,3,-8,39,15,8,0,23,8,23,-8,0,0,8,23,31,-8,23,-8,16,31,38,0,39,-15,16,7,31,-23,23,netplay
23.987,3,4,3,3,-12,5,-15,-5,-7,-9,1,-3,1,13,-6,14,-8,-5,-23,29,-9,15,-2,25,2,28,3,16,2,24,16,9,lob
36.137,2,3,3,3,8,31,8,0,0,24,-8,23,-8,0,-15,8,-8,0,15,24,16,23,-8,39,16,32,0,23,-7,39,15,24,long
23.971,2,2,2,2,1,16,-14,8,1,14,-4,16,16,3,11,11,9,18,7,29,-10,11,-8,19,-10,30,10,10,11,30,3,9,long
5.876,3,1,2,2,-15,10,-12,7,-13,15,1,23,-9,-4,-10,3,-4,12,-29,2,-15,16,21,15,4,33,0,10,19,19,-22,21,netplay
15.049,3,2,3,3,8,31,15,0,23,-16,23,-15,-8,0,0,-8,0,-15,0,23,7,24,16,47,7,39,-8,24,-8,31,-23,24,netplay
15.443,2,3,2,3,-4,16,5,6,16,11,-7,-16,-3,5,4,17,-15,-8,15,31,-12,17,-13,18,0,28,4,17,-3,24,23,13,lob
33.485,2,3,2,2,8,23,15,8,-8,16,-7,15,-8,8,0,23,-8,16,15,24,15,15,-7,31,15,31,8,15,7,39,8,31,long
23.054,2,4,2,2,-4,11,6,12,13,10,0,-18,-8,0,5,7,-4,8,-1,32,-2,15,-23,7,8,22,2,19,0,19,14,25,cut
15.092,3,2,2,2,6,13,-6,17,7,16,-4,12,16,2,16,13,-1,-7,16,33,-7,17,-3,21,0,24,6,18,-3,23,-2,32,long
40.299,2,3,2,3,24,31,8,-8,16,-31,0,-24,-8,8,0,0,16,8,8,24,16,16,0,55,0,39,0,24,0,47,-8,39,long
41.026,2,4,2,2,-8,16,-7,0,-15,-24,15,16,8,8,0,8,0,-16,0,16,-7,16,-8,23,-7,16,0,16,-7,31,7,40,long
49.752,3,3,3,3,16,32,15,0,23,-8,16,-16,-8,0,0,-8,0,-16,0,24,7,24,16,39,15,24,-16,24,0,15,-31,24,long
30.706,3,3,3,3,-7,15,-7,1,-20,-2,-11,-14,7,11,-1,11,-16,6,-2,32,-10,13,-11,18,1,16,6,16,4,26,17,24,cut
25.973,3,3,3,2,0,31,8,0,8,8,8,0,-16,0,-16,15,-8,8,0,23,8,23,8,23,8,16,-8,23,-8,31,8,23,lob
74.735,2,5,2,2,0,15,-8,0,0,15,-8,0,8,0,0,23,-16,0,0,15,-8,16,-16,15,0,15,0,16,-8,23,16,30,smash
23.907,2,4,2,3,16,32,0,0,-24,15,-24,8,0,0,-16,15,-32,8,16,15,16,24,24,31,32,24,8,24,-40,23,-8,32,netplay
14.478,2,2,2,2,8,23,-8,0,-8,15,-8,8,8,0,16,15,-8,-15,8,15,0,15,-16,16,0,23,8,15,16,16,8,15,netplay
21.89,2,2,2,2,5,17,16,8,-11,3,-14,4,-4,10,8,10,0,13,28,25,14,17,-26,1,-11,25,0,20,8,26,21,20,lob
37.12,2,4,2,2,-8,32,-8,-8,-22,-16,7,8,8,0,-8,-8,-8,8,0,16,-8,15,0,16,0,31,0,15,0,24,15,23,long
38.949,2,3,2,3,9,10,20,-8,0,-26,-4,-18,-5,17,0,-15,-8,-16,29,28,16,24,12,34,-1,35,-9,25,-19,31,-26,20,long
28.436,2,3,2,3,0,16,-16,0,-24,0,-8,-8,8,8,0,15,0,0,-8,23,-8,16,-16,23,-8,24,0,16,0,31,16,23,cut
24.786,2,3,3,2,-8,32,8,0,0,8,-8,16,-15,0,-8,24,8,8,0,24,8,16,7,15,8,24,-8,16,-15,31,-8,24,lob
37.841,3,4,3,2,-11,4,-11,-9,-1,-7,4,-7,-2,13,-14,8,2,-14,-25,19,-15,11,-16,22,0,30,5,13,10,28,20,6,long
52.843,3,3,3,3,16,24,8,0,23,-16,16,-24,-8,8,-8,-16,8,-24,0,23,16,24,7,48,-15,39,0,24,0,56,0,31,long
27.269,3,3,3,3,-10,2,-12,-6,-5,-16,1,-11,-7,10,-10,12,-9,-4,-27,22,-14,11,-15,24,-6,30,4,15,6,27,16,18,cut
7.293,3,3,3,2,-8,31,16,0,8,15,8,8,-16,0,-16,15,-8,15,-8,15,8,15,16,8,0,23,-8,15,-8,24,-8,23,netplay
22.719,3,2,3,2,-5,20,-14,1,9,14,16,2,5,6,11,4,11,8,-16,26,-16,14,13,16,-6,19,4,12,8,19,-10,22,lob
56.815,3,2,2,2,24,2,4,-16,-11,-26,-14,-19,-1,12,14,-10,-5,-15,29,10,24,17,28,21,18,20,-2,23,-10,25,-28,11,long
27.557,2,3,2,3,-4,11,-7,7,-20,-4,-21,-6,4,12,9,0,-10,-7,9,36,4,17,-1,18,6,32,0,18,-5,21,18,32,long
55.986,2,3,2,3,16,32,16,-8,16,-24,8,-24,0,8,8,8,24,0,16,24,16,16,16,47,-16,40,0,24,-16,47,-16,32,cut
32.21,3,2,2,3,-8,12,3,8,21,12,22,9,-21,-3,-5,10,3,10,-27,12,-4,10,22,11,1,30,-18,9,-8,15,-25,17,lob
70.811,3,3,3,2,0,31,8,0,23,-8,16,-15,-16,0,-8,15,16,0,-8,23,8,23,-8,39,-8,31,-16,23,-8,31,-16,39,smash
21.37,3,3,3,2,-2,15,-8,13,10,11,17,16,5,4,-2,10,6,2,-5,22,-11,11,-8,22,-17,24,7,11,16,15,6,24,netplay
23.076,3,4,2,2,24,24,-8,0,0,0,-16,16,0,0,-8,0,16,0,16,16,16,16,-24,16,-24,16,24,16,16,24,24,24,lob
42.332,2,4,2,2,-8,23,-7,0,-16,0,0,0,16,8,0,15,-16,0,0,15,0,16,-15,22,0,16,8,16,0,30,15,15,long
34.543,2,3,2,3,14,13,18,-8,0,-23,-6,-26,-2,17,13,-8,-16,-13,28,28,20,27,13,21,3,36,-5,31,-16,29,-24,19,long
27.25,2,4,2,3,-8,16,0,0,-23,-8,15,8,-8,0,16,16,0,-8,0,24,-8,8,-8,24,8,24,0,16,-8,16,8,24,cut
21.371,2,3,2,2,13,24,7,1,-8,10,-14,1,1,17,10,11,7,23,24,30,17,15,-30,5,-9,25,5,28,8,26,24,10,lob
16.092,2,2,3,2,6,15,-5,13,-2,24,-14,4,19,-1,11,8,3,17,14,25,-6,16,-5,25,0,26,11,17,-4,25,-3,30,long
39.682,3,3,3,4,11,17,23,15,10,-10,-16,-1,-7,13,1,-12,-5,-15,14,34,13,30,-1,41,-7,35,-8,32,0,34,-8,39,long
26.481,2,4,2,2,-8,24,8,8,-8,8,0,-16,0,0,-8,16,8,-24,0,24,0,16,-32,8,0,24,0,16,0,24,8,32,long
34.131,2,3,2,3,23,23,-8,0,39,-15,-23,7,8,0,23,-8,-16,8,8,24,0,23,-16,39,-15,39,15,15,8,47,-16,47,long
27.422,2,3,2,2,-7,14,-7,6,-14,-2,11,-8,-2,7,7,16,-8,12,-9,31,-5,13,-5,13,1,16,8,17,-7,19,17,25,cut
18.993,2,3,2,2,8,24,8,8,8,16,-16,8,0,8,8,16,-16,16,16,24,8,24,8,32,16,24,8,24,8,32,24,24,lob
26.178,2,3,3,3,-8,32,16,8,32,0,16,-8,-8,0,-16,0,0,-16,0,24,8,24,24,32,16,40,-8,24,-16,32,-32,24,cut
23.428,3,2,3,2,-7,12,-5,11,5,16,15,13,-11,3,-5,7,0,13,-24,23,-1,16,15,10,15,25,-9,12,-5,10,-20,11,lob
35.328,3,2,2,3,19,22,17,-3,10,-13,-16,4,-5,0,-10,-13,2,-23,16,20,15,23,1,37,1,40,-8,25,1,33,-19,33,long
41.012,2,3,3,3,0,32,0,8,16,8,16,0,-8,0,-8,-16,16,8,-8,24,-8,16,-8,24,-31,16,8,16,16,32,23,40,cut
32.197,3,2,3,3,2,15,-7,7,18,3,20,-2,-1,11,12,7,10,4,-6,32,-8,15,14,20,7,31,4,15,3,19,-9,25,lob
40.338,3,2,2,3,16,23,15,0,16,-8,-16,0,-8,0,0,0,15,-8,7,23,16,16,0,46,-8,31,0,16,0,39,-7,31,long
29.695,3,3,2,3,-8,8,-10,0,-9,3,3,-10,1,7,5,5,0,-11,-20,29,-8,14,-3,17,-2,33,3,11,-1,25,16,13,long
12.934,2,2,2,2,-7,20,15,12,8,23,7,21,-17,6,-21,6,6,-9,-3,33,2,26,0,32,-12,28,-19,21,5,29,-9,18,long
24.206,2,4,2,2,0,32,16,0,0,32,8,16,-24,0,0,24,8,16,0,24,8,16,16,24,7,32,-16,16,-15,40,-8,24,netplay
18.967,3,3,3,3,-2,16,-17,4,-8,21,1,13,10,4,5,13,4,8,-4,31,-8,13,9,20,1,28,7,12,3,21,-18,18,netplay
25.834,3,3,3,3,-8,31,16,16,8,23,0,16,-16,0,-24,8,0,16,-8,24,8,23,16,39,0,39,-16,23,0,39,-8,23,lob
38.055,3,2,3,2,-7,16,-8,8,-8,24,-8,16,0,8,0,24,7,-8,-8,32,-8,16,8,24,0,32,0,16,0,24,-16,24,long
42.565,3,2,4,1,-7,23,15,8,0,23,8,16,-16,0,-7,16,7,0,0,31,7,24,0,31,-15,23,-8,24,8,31,-8,23,cut
13.066,3,3,2,2,-15,16,7,16,8,16,-23,-40,-8,0,-23,0,15,-16,-8,32,0,16,8,40,-8,32,-16,16,8,40,0,24,long
64.679,3,5,3,2,-4,12,-7,7,0,9,-4,-12,1,6,-6,9,-8,-11,0,36,-4,16,-7,12,-4,34,3,17,-11,20,19,24,smash
23.291,3,4,3,3,-16,23,8,7,32,16,24,0,-16,-8,-24,8,-8,15,-16,15,-8,23,32,8,16,38,-24,15,-24,31,-24,23,netplay
27.318,3,2,3,2,2,15,-9,11,8,4,5,4,5,7,9,-6,10,-4,-11,27,-10,13,1,17,4,30,6,14,3,25,-9,3,lob
40.5,3,3,3,3,8,31,-8,0,48,-8,24,-15,8,0,32,-8,24,-15,-8,24,-8,15,-16,32,-24,23,8,23,24,39,16,32,long
71.577,2,3,3,3,-7,16,-8,0,-8,15,0,16,0,0,7,23,-7,8,-8,23,0,16,8,23,7,31,8,16,0,23,7,31,smash
17.432,2,3,2,2,16,24,-8,8,-23,8,-24,8,16,0,15,8,16,16,23,24,24,15,8,40,31,0,16,15,-31,24,8,40,netplay
8.814,2,2,2,2,5,13,-10,12,7,13,-12,3,15,-1,18,-1,19,0,8,24,-4,14,-6,13,8,32,14,12,7,31,-13,5,netplay
56.518,2,3,2,4,16,24,15,8,8,-16,0,0,-8,8,0,-16,8,-24,7,31,8,24,-8,55,-7,39,-7,24,7,47,-7,40,cut
31.931,2,2,2,3,-5,14,-10,5,-5,11,20,10,10,8,9,4,9,7,-1,23,-16,11,-5,23,-18,21,4,14,16,19,20,16,lob
49.634,2,2,2,2,13,11,19,-5,1,-16,-5,-10,-5,8,3,-20,2,-14,20,19,18,21,1,42,-6,27,-7,24,-8,34,-17,28,cut
17.084,2,2,2,3,13,17,-15,9,-5,17,-15,10,10,-5,12,-4,13,-4,7,13,-6,13,-16,11,-8,23,13,10,17,19,22,21,netplay
25.181,2,3,2,2,8,32,8,0,-8,16,-15,0,0,0,-15,16,-8,0,15,24,8,24,-23,32,31,24,0,24,-7,40,30,24,lob
34.735,3,3,2,2,-2,19,11,5,17,8,-7,8,-15,4,-6,15,-8,11,-5,26,5,15,19,10,8,21,-13,16,-4,23,-10,7,long
51.578,3,3,3,2,7,24,8,8,8,-8,8,-8,-7,8,7,0,8,-16,8,31,8,16,15,39,-15,32,-8,16,-7,47,-8,39,long
25.183,2,3,3,3,-4,12,-7,12,-9,0,-10,-4,5,8,7,8,7,12,2,35,0,18,0,24,5,30,10,15,0,24,13,26,long
33.915,3,3,2,3,-13,7,-14,0,-13,-13,10,0,4,12,0,11,6,-6,-15,34,-9,14,-3,23,1,31,7,17,-1,20,13,30,long
49.082,3,5,2,2,39,8,-7,8,7,8,0,-16,16,0,16,16,-16,-16,8,24,0,16,-8,40,-23,32,16,16,8,48,-8,40,long
23.47,3,4,2,3,-14,7,-11,-6,-11,-16,8,-11,0,8,-2,10,-11,-1,-24,20,-13,17,-5,25,0,31,3,20,2,25,13,27,cut
21.141,3,4,3,2,-8,32,16,8,16,24,8,8,-16,8,-16,16,-8,0,0,24,8,24,16,32,0,0,-8,24,0,32,-8,32,lob
46.978,2,3,3,2,-3,14,-8,4,-24,0,6,-7,9,6,6,17,-13,1,1,28,-8,11,-14,20,-10,21,8,15,4,25,25,21,long
22.556,2,5,2,3,20,8,18,-4,5,-16,-13,-8,-5,5,-17,5,-19,5,24,18,18,21,5,37,-10,31,0,21,3,26,-8,29,cut
26.113,2,2,2,3,0,16,-7,7,0,16,0,0,15,0,15,0,15,0,0,23,0,16,0,23,-7,31,15,16,0,23,-7,16,lob
15.572,2,2,3,3,8,15,-8,8,0,15,8,8,8,0,8,16,0,0,0,23,0,23,0,24,0,30,16,23,0,31,-8,23,long
49.637,3,3,3,3,16,32,8,-8,23,-16,8,-23,-8,7,-8,16,8,16,0,23,16,16,15,54,16,39,-8,23,0,39,-16,39,long
25.018,3,4,3,3,-12,4,-11,-7,-7,-13,3,-9,-4,13,-13,9,-5,-11,-22,15,-17,15,-12,24,-2,31,1,22,5,23,17,16,cut
22.873,3,3,3,2,-8,23,8,8,0,15,0,8,-16,0,-24,0,-8,-8,0,15,8,16,0,15,8,16,-16,16,-8,23,-8,31,lob
44.838,3,4,3,2,-12,8,-15,1,-12,-14,13,4,2,9,0,13,-4,-9,-17,31,-6,14,1,23,5,30,4,15,0,19,17,17,smash
19.099,3,3,3,3,-15,24,15,16,8,16,24,0,-16,-8,-8,8,39,16,-24,8,-8,16,-47,16,-23,0,-24,0,-39,8,-31,0,netplay
12.827,3,2,3,3,-2,13,-11,8,-2,8,-5,10,8,6,9,-4,13,2,-5,28,-8,11,-4,18,7,30,7,12,10,34,-9,-2,netplay
