unique_id,rally,ball_round,time,frame_num,player,server,type,around_head,backhand,hit_area,hit_x,hit_y,hit_height,lose_reason,win_reason,roundscore_A,roundscore_B,getpoint_player,landing_area,landing_x,landing_y,landing_height,flying_time,now_right_x,now_right_y,now_left_x,now_left_y,next_right_x,next_right_y,next_left_x,next_left_y,right_delta_x,right_delta_y,left_delta_x,left_delta_y,right_x_speed,right_y_speed,right_speed,left_x_speed,left_y_speed,left_speed,avg_ball_speed,left_right_distance,hitting_area_number,landing_area_number
2018-Indonesia_open-finals-1-2,1,1,00:06:33.800000,11814,A,1.0,發小球,,1.0,A2,197,655,2.0,,,1,0,,A1,263.0,335.0,2.0,1000.0,436,-188,285,852,343.0,-80.0,415.0,-133.0,90.0,20.0,0.0,20.0,32.75,52.0,61.45374276640927,0.0,18.0,18.0,0.04720765298126989,1050.9048482141473,"[1, 0, 0, 0]","[0, 0, 0, 1]"
2018-Indonesia_open-finals-1-2,1,2,00:06:34.500000,11836,B,,挑球,,1.0,A1,263,335,2.0,,,1,0,,A4,157.0,903.0,1.0,1000.0,343,-80,415,-133,305.0,-396.0,285.0,924.0,50.0,40.0,90.0,70.0,36.25,58.99999999999999,69.24638979759162,52.74999999999999,45.75,69.82567579336416,0.1374538558935325,89.40357934669059,"[0, 0, 0, 1]","[0, 1, 0, 0]"
2018-Indonesia_open-finals-1-2,1,3,00:06:35.700000,11870,A,,切球,,,A3,157,903,1.0,,,1,0,,B2,49.0,280.0,2.0,1000.0,305,-396,285,924,198.0,-316.0,204.0,-316.0,0.0,70.0,70.0,40.0,17.5,31.75,36.253448111869304,30.75,89.0,94.16242615820813,0.07487072191451075,1320.15150645674,"[0, 1, 0, 0]","[0, 0, 0, 1]"
2018-Indonesia_open-finals-1-2,1,4,00:06:36.300000,11888,B,,擋小球,,,B2,49,280,2.0,,,1,0,,A1,56.0,588.0,2.0,1000.0,198,-316,204,-316,235.0,-269.0,162.0,568.0,20.0,0.0,60.0,0.0,12.0,100.0,100.71742649611338,13.5,100.0,100.90713552569015,0.20161907151854458,6.0,"[0, 0, 0, 1]","[0, 1, 0, 0]"
2018-Indonesia_open-finals-1-2,1,5,00:06:37.400000,11921,A,,放小球,,1.0,C1,56,588,2.0,,,1,0,,B1,81.0,409.0,2.0,1000.0,235,-269,162,568,150.0,84.0,150.0,84.0,10.0,0.0,80.0,10.0,20.25,12.5,23.797321277824526,54.5,135.25,145.81773726128108,0.14371890968136378,840.177362227762,"[0, 1, 0, 0]","[0, 1, 0, 0]"
2018-Indonesia_open-finals-1-2,1,6,00:06:38.300000,11948,B,,挑球,,,B1,81,409,2.0,,,1,0,,B4,284.0,911.0,1.0,1000.0,150,84,150,84,316.0,-319.0,380.0,1109.0,40.0,70.0,40.0,70.0,41.0,88.25,97.30910800125547,41.0,88.25,97.30910800125547,0.19461821600251095,0.0,"[0, 1, 0, 0]","[1, 0, 0, 0]"
2018-Indonesia_open-finals-1-2,1,7,00:06:39.900000,11997,A,,切球,,,A3,284,911,1.0,,,1,0,,B2,201.0,242.0,2.0,1000.0,316,-319,380,1109,314.0,-269.0,314.0,-269.0,40.0,50.0,10.0,0.0,1.5,18.75,18.80990430597668,17.25,114.99999999999999,116.28655339290094,0.09805929328727593,1429.4334542048468,"[1, 0, 0, 0]","[0, 0, 0, 1]"
2018-Indonesia_open-finals-1-2,1,8,00:06:40.600000,12019,B,,擋小球,,1.0,A2,201,242,2.0,,,1,0,,A1,183.0,553.0,2.0,1000.0,314,-269,314,-269,310.0,-244.0,311.0,649.0,20.0,90.0,10.0,90.0,25.5,25.25,35.88610455315539,20.25,25.25,32.36703569992161,0.068141855712917,0.0,"[0, 0, 0, 1]","[0, 1, 0, 0]"
2018-Indonesia_open-finals-1-2,1,9,00:06:41.500000,12045,A,,放小球,,1.0,A1,183,553,2.0,,,1,0,,A1,328.0,405.0,2.0,1000.0,310,-244,311,649,416.0,-370.0,395.0,-370.0,10.0,80.0,70.0,40.0,10.25,2.0,10.443299287102711,20.75,136.0,137.57384380760755,0.1383988800532721,893.0005599102388,"[0, 1, 0, 0]","[0, 0, 0, 1]"
2018-Indonesia_open-finals-1-2,1,10,00:06:42.300000,12069,B,,挑球,,1.0,C1,328,405,2.0,,,1,0,,A3,116.0,876.0,1.0,1000.0,416,-370,395,-370,351.0,-236.0,228.0,1193.0,40.0,30.0,50.0,30.0,66.5,76.75,101.55201868993053,61.25,76.75,98.19432264647483,0.19970556451936938,21.0,"[0, 0, 0, 1]","[1, 0, 0, 0]"
2018-Indonesia_open-finals-1-2,1,11,00:06:43.500000,12104,A,,長球,,1.0,A3,116,876,1.0,,,1,0,,D4,31.0,43.0,2.0,1000.0,351,-236,228,1193,150.0,-677.0,150.0,-677.0,30.0,60.0,0.0,90.0,39.25,93.5,101.40420356178534,10.0,162.75,163.05693024217032,0.2579139876005177,1434.283793396551,"[1, 0, 0, 0]","[0, 0, 0, 1]"
2018-Indonesia_open-finals-1-2,1,12,00:06:44.700000,12141,B,,切球,,,D3,31,43,2.0,,,1,0,,A1,150.0,559.0,1.0,1000.0,150,-677,150,-677,194.0,-610.0,268.0,542.0,80.0,0.0,0.0,0.0,32.0,15.0,35.34119409414458,35.0,15.0,38.07886552931954,0.14681961721786363,0.0,"[0, 0, 0, 1]","[0, 0, 0, 1]"
2018-Indonesia_open-finals-1-2,1,13,00:06:45.600000,12167,A,,撲球,,,A1,150,559,1.0,,,1,0,,B3,185.0,147.0,,0.0,194,-610,268,542,278.0,-737.0,290.0,-737.0,90.0,60.0,20.0,70.0,59.75,101.49999999999999,117.7807815392647,5.5,74.25,74.45342503874485,0.12498110968373491,1154.3742893879783,"[0, 0, 0, 1]","[0, 0, 0, 1]"
2018-Indonesia_open-finals-1-2,1,14,00:06:45.900000,12177,B,,未擊球,,,A2,185,147,,落地,對手失誤,2,0,A,,,,,3000.0,278,-737,290,-737,433.0,-204.0,290.0,839.0,30.0,20.0,10.0,0.0,18.25,160.5,161.53424559516785,37.75,145.0,149.83344920277315,0.1552950820212926,12.0,"[0, 0, 0, 1]","[1, 0, 0, 0]"
2018-Indonesia_open-finals-1-2,2,1,00:06:48.900000,12267,A,1.0,發小球,,1.0,A2,199,660,2.0,,,5,0,,A2,241.0,326.0,2.0,1000.0,433,-204,290,839,351.0,-95.0,441.0,-157.0,60.0,40.0,50.0,30.0,38.5,6.0,38.96472763923803,18.75,111.74999999999999,113.31206908357115,0.12025233885459359,1052.7573319621195,"[1, 0, 0, 0]","[0, 0, 0, 1]"
2018-Indonesia_open-finals-1-2,2,2,00:06:49.500000,12286,B,,擋小球,,1.0,A1,241,326,2.0,,,5,0,,A1,113.0,537.0,2.0,1000.0,351,-95,441,-157,279.0,-180.0,215.0,392.0,20.0,70.0,0.0,0.0,19.5,90.75,92.82140108832661,45.0,130.0,137.56816492197603,0.22998002630663383,109.288608738514,"[0, 0, 0, 1]","[0, 1, 0, 0]"
2018-Indonesia_open-finals-1-2,2,3,00:06:50.500000,12314,A,,挑球,,1.0,A1,113,537,2.0,,,5,0,,B4,106.0,52.0,1.0,1000.0,279,-180,215,392,273.0,-458.0,261.0,-677.0,90.0,80.0,20.0,20.0,5.25,63.0,63.218371538659554,5.5,138.0,138.10955796033815,0.15000083333101852,575.5692834055689,"[0, 1, 0, 0]","[0, 0, 0, 1]"
2018-Indonesia_open-finals-1-2,2,4,00:06:51.300000,12340,B,,殺球,,,B3,106,52,1.0,,,5,0,,A2,140.0,709.0,2.0,0.0,273,-458,261,-677,258.0,-432.0,237.0,944.0,40.0,20.0,70.0,20.0,16.5,83.0,84.62416912442922,13.25,153.0,153.57266195518002,0.4757354832257102,219.32852071721086,"[0, 0, 0, 1]","[0, 1, 0, 0]"
2018-Indonesia_open-finals-1-2,2,5,00:06:51.800000,12355,A,,擋小球,,1.0,A2,140,709,2.0,,,5,0,,B2,118.0,294.0,2.0,1000.0,258,-432,237,944,207.0,-126.0,208.0,-65.0,50.0,0.0,10.0,10.0,8.75,25.0,26.487025125521363,22.75,30.25,37.85003302508467,0.02128966885604377,1376.1602377630302,"[0, 1, 0, 0]","[0, 0, 0, 1]"
2018-Indonesia_open-finals-1-2,2,6,00:06:52.500000,12375,B,,挑球,,,A2,118,294,2.0,,,5,0,,B3,218.0,852.0,1.0,2000.0,207,-126,208,-65,293.0,-532.0,328.0,1065.0,80.0,60.0,80.0,20.0,32.0,111.00000000000001,115.52056094046634,39.5,89.5,97.82893232576956,0.21286732957408,61.00819617067857,"[0, 0, 0, 1]","[0, 1, 0, 0]"
2018-Indonesia_open-finals-1-2,2,7,00:06:54,12420,A,,殺球,,,A2,218,852,1.0,,,5,0,,B3,191.0,187.0,2.0,0.0,293,-532,328,1065,335.0,-570.0,366.0,-423.0,90.0,30.0,50.0,20.0,4.75,38.25,38.543806246918585,11.25,62.0,63.012399573417284,0.04924682730897494,1597.3834855788386,"[0, 1, 0, 0]","[0, 0, 0, 1]"
2018-Indonesia_open-finals-1-2,2,8,00:06:54.500000,12435,B,,擋小球,,,A2,191,187,2.0,,,5,0,,A1,174.0,511.0,1.0,1000.0,335,-570,366,-423,312.0,-379.0,283.0,817.0,10.0,50.0,0.0,80.0,17.25,71.25,73.30842379972441,25.0,34.5,42.60575078554537,0.22775535119948337,150.23315213360866,"[0, 0, 0, 1]","[0, 1, 0, 0]"
2018-Indonesia_open-finals-1-2,2,9,00:06:55.200000,12457,A,,撲球,,,A1,174,511,1.0,,,5,0,,A3,227.0,172.0,2.0,0.0,312,-379,283,817,266.0,-285.0,266.0,-285.0,80.0,20.0,30.0,10.0,7.000000000000001,72.0,72.3394774656273,35.75,34.75,49.856042763139556,0.22998369507423783,1196.3515369656195,"[0, 1, 0, 0]","[0, 0, 0, 1]"
2018-Indonesia_open-finals-1-2,2,10,00:06:55.600000,12469,B,,防守回挑,,1.0,A2,227,172,2.0,,,5,0,,B2,343.0,669.0,1.0,1000.0,266,-285,266,-285,340.0,-667.0,426.0,678.0,70.0,0.0,70.0,0.0,18.25,30.0,35.11498967677479,18.25,30.0,35.11498967677479,0.07022997935354958,0.0,"[0, 0, 0, 1]","[0, 0, 1, 0]"
2018-Indonesia_open-finals-1-2,2,11,00:06:56.500000,12495,A,,切球,,,B2,343,669,1.0,,,5,0,,B2,41.0,285.0,,1000.0,340,-667,426,678,193.0,-405.0,193.0,-405.0,10.0,80.0,90.0,40.0,27.25,129.5,132.33598339076187,17.75,43.5,46.982044442531446,0.08937840902589395,1347.74663791085,"[0, 0, 1, 0]","[0, 0, 0, 1]"
2018-Indonesia_open-finals-1-2,2,12,00:06:57.400000,12522,B,,未擊球,,,B2,41,285,,落地,搶主動,6,0,A,,,,,3000.0,193,-405,193,-405,231.0,-149.0,355.0,852.0,0.0,80.0,90.0,0.0,0.0,99.5,99.5,12.25,85.0,85.87818407488598,0.0924531131168659,0.0,"[0, 0, 0, 1]","[1, 0, 0, 0]"
2018-Indonesia_open-finals-1-2,3,1,00:07:00.200000,12607,A,1.0,發小球,,1.0,A2,220,660,2.0,,,6,0,,B1,78.0,369.0,2.0,1000.0,231,-149,355,852,193.0,-7.0,242.0,-65.0,30.0,70.0,0.0,70.0,1.7500000000000002,70.75,70.77163980013464,35.0,63.24999999999999,72.28805226315065,0.2778961136827933,1008.6510794124994,"[1, 0, 0, 0]","[0, 0, 0, 1]"
2018-Indonesia_open-finals-1-2,3,2,00:07:01,12631,B,,放小球,,,B1,78,369,2.0,,,6,0,,A1,95.0,525.0,2.0,0.0,193,-7,242,-65,224.0,-432.0,215.0,599.0,30.0,10.0,80.0,80.0,65.75,222.25,231.77170879984467,49.5,165.5,172.74403028759053,0.4045152963733263,75.92759709091287,"[0, 0, 0, 1]","[0, 1, 0, 0]"
2018-Indonesia_open-finals-1-2,3,3,00:07:01.800000,12653,A,,挑球,,1.0,C1,95,525,2.0,,,6,0,,A4,341.0,44.0,1.0,2000.0,224,-432,215,599,456.0,-896.0,440.0,-727.0,60.0,10.0,30.0,0.0,51.5,99.75,112.26002182433426,40.75,50.0,64.5024224351303,0.10480994704702412,1031.0392815019222,"[0, 1, 0, 0]","[0, 0, 0, 1]"
2018-Indonesia_open-finals-1-2,3,4,00:07:03.100000,12692,B,,切球,1.0,,C3,341,44,1.0,,,6,0,,B2,350.0,721.0,2.0,0.0,456,-896,440,-727,430.0,-831.0,378.0,799.0,30.0,70.0,20.0,80.0,51.74999999999999,186.75,193.78757700121028,49.5,187.0,193.44055934575871,0.7744433484768269,169.75570682601514,"[0, 0, 0, 1]","[0, 0, 0, 1]"
2018-Indonesia_open-finals-1-2,3,5,00:07:03.600000,12709,A,,擋小球,,,B2,350,721,2.0,,,6,0,,B1,127.0,368.0,2.0,1000.0,430,-831,378,799,249.0,-149.0,242.0,21.0,60.0,80.0,10.0,80.0,38.5,102.0,109.02407990898158,54.75,72.0,90.45199002785954,0.13160810934150086,1630.829236922125,"[0, 0, 0, 1]","[0, 0, 0, 1]"
2018-Indonesia_open-finals-1-2,3,6,00:07:04.700000,12741,B,,挑球,,,A1,127,368,2.0,,,6,0,,A3,122.0,866.0,1.0,2000.0,249,-149,242,21,276.0,-423.0,159.0,1087.0,30.0,20.0,0.0,0.0,5.75,129.5,129.62759158450797,7.5,152.5,152.6843148460247,0.28231110941654425,170.14405661086138,"[0, 0, 0, 1]","[1, 0, 0, 0]"
2018-Indonesia_open-finals-1-2,3,7,00:07:06,12780,A,,長球,,,A2,122,866,1.0,,,6,0,,B3,111.0,63.0,1.0,0.0,276,-423,159,1087,272.0,-667.0,272.0,-589.0,90.0,90.0,80.0,50.0,5.25,2.25,5.7118298293979315,19.5,183.75,184.78179699310212,0.36411708281815064,1514.5259984562827,"[1, 0, 0, 0]","[0, 0, 0, 1]"
2018-Indonesia_open-finals-1-2,3,8,00:07:06.800000,12805,B,,切球,,,A3,111,63,1.0,,,6,0,,A1,104.0,530.0,2.0,1000.0,272,-667,272,-589,255.0,-414.0,237.0,352.0,20.0,50.0,60.0,0.0,25.5,103.75,106.83778591865331,24.0,170.0,171.68575945604806,0.2781893464890415,78.0,"[0, 0, 0, 1]","[0, 0, 0, 1]"
2018-Indonesia_open-finals-1-2,3,9,00:07:07.700000,12832,A,,擋小球,,1.0,C1,104,530,2.0,,,6,0,,A1,304.0,416.0,2.0,1000.0,255,-414,237,352,374.0,-252.0,368.0,91.0,70.0,70.0,70.0,90.0,16.75,58.25,60.61043639506318,1.7500000000000002,184.75,184.75828804142995,0.1278456100145797,766.211459063358,"[0, 0, 0, 1]","[0, 0, 0, 1]"
2018-Indonesia_open-finals-1-2,3,10,00:07:08.500000,12856,B,,挑球,,1.0,A1,304,416,2.0,,,6,0,,A3,141.0,868.0,1.0,1000.0,374,-252,368,91,322.0,-647.0,244.0,1091.0,20.0,50.0,0.0,50.0,32.0,116.25,120.57388813503526,40.0,241.25,244.54357996070962,0.36467828287409715,343.05247412021384,"[0, 0, 0, 1]","[0, 1, 0, 0]"
2018-Indonesia_open-finals-1-2,3,11,00:07:09.800000,12895,A,,殺球,,,A2,141,868,1.0,,,6,0,,B3,83.0,187.0,2.0,1000.0,322,-647,244,1091,246.0,-717.0,208.0,-874.0,40.0,70.0,40.0,70.0,14.000000000000002,84.25,85.40528379438827,3.5000000000000004,100.75,100.81077571371029,0.019557607215607946,1739.749407242319,"[0, 1, 0, 0]","[0, 0, 0, 1]"
2018-Indonesia_open-finals-1-2,3,12,00:07:10.400000,12912,B,,擋小球,,,B2,83,187,2.0,,,6,0,,A1,120.0,525.0,2.0,1000.0,246,-717,208,-874,266.0,-310.0,258.0,688.0,10.0,0.0,0.0,70.0,72.75,17.5,74.82521299668983,85.0,56.75,102.20353467468726,0.11623372048496847,161.533278305122,"[0, 0, 0, 1]","[0, 1, 0, 0]"
2018-Indonesia_open-finals-1-2,3,13,00:07:11.300000,12939,A,,挑球,,1.0,A1,120,525,2.0,,,6,0,,A5,345.0,-36.0,,2000.0,266,-310,258,688,537.0,-647.0,548.0,-647.0,90.0,40.0,70.0,60.0,7.249999999999999,28.499999999999996,29.407694571319254,11.749999999999998,221.0,221.3121381668886,0.07737415589200311,998.0320636131887,"[0, 1, 0, 0]","[0, 0, 0, 1]"
2018-Indonesia_open-finals-1-2,3,14,00:07:13,12991,B,,未擊球,,,C4,345,-36,,出界,對手失誤,6,1,B,,,,,3000.0,537,-647,548,-647,295.0,-196.0,305.0,-196.0,0.0,10.0,80.0,0.0,50.0,77.75,92.4395072466313,5.5,470.0,470.0321797494294,0.22022181999066306,11.0,"[0, 0, 0, 1]","[0, 0, 0, 1]"
2018-Indonesia_open-finals-1-2,4,1,00:07:16.200000,13086,B,1.0,發長球,,,A2,185,266,2.0,,,6,2,,B4,362.0,911.0,1.0,2000.0,295,-196,305,-196,337.0,-336.0,526.0,1233.0,30.0,80.0,30.0,80.0,8.25,65.5,66.01751661491062,5.75,65.5,65.75190111319976,0.1317459676802292,10.0,"[0, 0, 0, 1]","[1, 0, 0, 0]"
2018-Indonesia_open-finals-1-2,4,2,00:07:18.200000,13147,A,,切球,,,B3,362,911,1.0,,,6,2,,A2,249.0,275.0,2.0,0.0,337,-336,526,1233,328.0,-458.0,328.0,-458.0,90.0,70.0,50.0,10.0,7.75,10.75,13.25235828069857,41.25,57.25,70.56291518921253,0.1676305461424021,1580.342367969675,"[1, 0, 0, 0]","[0, 0, 0, 1]"
2018-Indonesia_open-finals-1-2,4,3,00:07:18.900000,13168,B,,挑球,,1.0,A2,249,275,2.0,,,6,2,,A2,165.0,684.0,1.0,1000.0,328,-458,328,-458,306.0,-379.0,361.0,1004.0,30.0,40.0,30.0,40.0,9.25,53.5,54.29376115171982,6.75,53.5,53.924136525307475,0.10818964830333815,0.0,"[0, 0, 0, 1]","[1, 0, 0, 0]"
2018-Indonesia_open-finals-1-2,4,4,00:07:19.500000,13186,A,,切球,,1.0,A2,165,684,1.0,,,6,2,,B1,174.0,361.0,2.0,1000.0,306,-379,361,1004,291.0,-244.0,301.0,-244.0,0.0,70.0,60.0,0.0,5.0,51.74999999999999,51.99098479544314,8.5,97.5,97.8698114844409,0.0458836844640881,1384.0932049540595,"[1, 0, 0, 0]","[0, 0, 0, 1]"
2018-Indonesia_open-finals-1-2,4,5,00:07:20.300000,13208,B,,擋小球,,,A1,174,361,2.0,,,6,2,,A1,177.0,504.0,2.0,1000.0,291,-244,301,-244,326.0,-172.0,327.0,614.0,40.0,70.0,40.0,70.0,36.0,110.74999999999999,116.45412186779822,33.5,110.74999999999999,115.70571507060487,0.46429516473898363,10.0,"[0, 0, 0, 1]","[0, 1, 0, 0]"
2018-Indonesia_open-finals-1-2,4,6,00:07:21.100000,13234,A,,放小球,,1.0,A1,177,504,2.0,,,6,2,,A1,264.0,434.0,1.0,0.0,326,-172,327,614,435.0,-687.0,435.0,-687.0,70.0,40.0,20.0,90.0,14.249999999999998,28.499999999999996,31.863968679372,5.5,37.25,37.65385106466535,0.13730440633861682,786.000636132058,"[0, 1, 0, 0]","[0, 0, 0, 1]"
2018-Indonesia_open-finals-1-2,4,7,00:07:21.800000,13255,B,,撲球,,1.0,A1,264,434,1.0,,,6,2,,B2,251.0,684.0,2.0,1000.0,435,-687,435,-687,383.0,-58.0,349.0,763.0,0.0,70.0,10.0,90.0,15.0,171.75,172.40377751081905,2.75,157.25,157.27404426668755,0.32947847046506695,0.0,"[0, 0, 0, 1]","[1, 0, 0, 0]"
2018-Indonesia_open-finals-1-2,4,8,00:07:22.100000,13264,A,,擋小球,,,A2,251,684,2.0,,,6,2,,E2,447.0,311.0,,1000.0,383,-58,349,763,495.0,0.0,446.0,-58.0,50.0,60.0,30.0,50.0,11.25,38.5,40.1100049862874,14.249999999999998,21.25,25.585640504001454,0.01750892629489313,821.7037178934996,"[1, 0, 0, 0]","[0, 0, 0, 1]"
2018-Indonesia_open-finals-1-2,4,9,00:07:23.300000,13300,B,,未擊球,,,E1,447,311,,出界,預測對手球路,6,3,B,,,,,1000.0,495,0,446,-58,428.0,-212.0,292.0,848.0,10.0,70.0,50.0,50.0,37.25,18.25,41.48041706637,6.25,18.75,19.764235376052373,0.05710735504293645,75.92759709091287,"[0, 0, 0, 1]","[1, 0, 0, 0]"
2018-Indonesia_open-finals-1-2,5,1,00:07:24.600000,13338,A,1.0,發小球,,,A2,191,664,2.0,,,7,3,,A2,243.0,317.0,2.0,1000.0,428,-212,292,848,346.0,-73.0,421.0,-133.0,10.0,0.0,0.0,10.0,24.75,0.0,24.75,2.5,52.24999999999999,52.3097744212303,0.05892898268254764,1068.6889163830604,"[1, 0, 0, 0]","[0, 0, 0, 1]"
2018-Indonesia_open-finals-1-2,5,2,00:07:25.400000,13362,B,,放小球,,1.0,A1,243,317,2.0,,,7,3,,B1,234.0,518.0,2.0,1000.0,346,-73,421,-133,329.0,-212.0,282.0,639.0,70.0,60.0,40.0,80.0,5.75,21.0,21.772976369803004,21.5,38.0,43.66062299143245,0.06498894136697411,96.04686356149273,"[0, 0, 0, 1]","[0, 1, 0, 0]"
2018-Indonesia_open-finals-1-2,5,3,00:07:26.100000,13384,A,,放小球,,,A1,234,518,2.0,,,7,3,,A1,239.0,414.0,2.0,1000.0,329,-212,282,639,323.0,-157.0,335.0,-285.0,50.0,60.0,70.0,10.0,8.75,46.0,46.82480645982426,8.25,90.25,90.62629309422293,0.047403190820871965,852.2968966269912,"[0, 1, 0, 0]","[0, 0, 0, 1]"
2018-Indonesia_open-finals-1-2,5,4,00:07:27,13410,B,,挑球,,1.0,A1,239,414,2.0,,,7,3,,A4,183.0,908.0,1.0,1000.0,323,-157,335,-285,294.0,-396.0,249.0,1000.0,20.0,30.0,80.0,70.0,7.000000000000001,109.25,109.47402659992002,40.5,58.25,70.9458420205159,0.1741048534648015,128.56126943990557,"[0, 0, 0, 1]","[0, 1, 0, 0]"
2018-Indonesia_open-finals-1-2,5,5,00:07:28.500000,13455,A,,殺球,,,A3,183,908,1.0,,,7,3,,B3,76.0,189.0,2.0,1000.0,294,-396,249,1000,295.0,-594.0,173.0,-518.0,80.0,70.0,20.0,0.0,23.0,45.75,51.20607874071202,12.0,65.0,66.09841147864296,0.11614888075224832,1396.7250982208345,"[0, 1, 0, 0]","[0, 0, 0, 1]"
2018-Indonesia_open-finals-1-2,5,6,00:07:29.100000,13473,B,,擋小球,,,B2,76,189,2.0,,,7,3,,A1,97.0,517.0,2.0,1000.0,295,-594,173,-518,202.0,-579.0,201.0,740.0,60.0,20.0,80.0,60.0,23.499999999999996,85.5,88.670739254841,7.000000000000001,66.5,66.86740611089981,0.305785872793365,143.7358688706476,"[0, 0, 0, 1]","[0, 1, 0, 0]"
2018-Indonesia_open-finals-1-2,5,7,00:07:30,13501,A,,放小球,,,C1,97,517,2.0,,,7,3,,B1,99.0,350.0,2.0,0.0,202,-579,201,740,201.0,-252.0,201.0,-252.0,20.0,30.0,80.0,90.0,13.0,45.75,47.56114485585897,18.0,92.25,93.9896935839244,0.13809055000252551,1319.0003790750025,"[0, 1, 0, 0]","[0, 0, 0, 1]"
2018-Indonesia_open-finals-1-2,5,8,00:07:30.900000,13526,B,,挑球,,,B1,99,350,2.0,,,7,3,,A3,90.0,868.0,1.0,2000.0,201,-252,201,-252,254.0,-396.0,129.0,1109.0,0.0,30.0,20.0,20.0,5.0,31.75,32.14128964431888,4.5,14.499999999999998,15.182226450688976,0.04721559594032463,0.0,"[0, 0, 0, 1]","[1, 0, 0, 0]"
2018-Indonesia_open-finals-1-2,5,9,00:07:32.300000,13568,A,,殺球,,,C2,90,868,1.0,,,7,3,,F2,-25.0,196.0,2.0,0.0,254,-396,129,1109,181.0,-379.0,183.0,-310.0,10.0,10.0,40.0,60.0,10.25,57.25,58.16033871978395,9.0,39.0,40.024992192379,,1510.182108224038,"[1, 0, 0, 0]","[0, 0, 0, 1]"
2018-Indonesia_open-finals-1-2,5,10,00:07:32.900000,13588,B,,擋小球,,,D2,-25,196,2.0,,,7,3,,B2,62.0,201.0,,0.0,181,-379,183,-310,295.0,-625.0,93.0,1265.0,40.0,30.0,20.0,40.0,28.499999999999996,45.75,53.900950826492846,30.5,28.499999999999996,41.743262929483606,0.04741851563471805,69.02897942168927,"[0, 0, 0, 1]","[1, 0, 0, 0]"
2018-Indonesia_open-finals-1-2,5,11,00:07:32.700000,13582,A,,未擊球,,,B2,62,201,,未回擊成功,殺球精準,8,3,A,,,,,4000.0,295,-625,93,1265,295.0,-196.0,305.0,-196.0,30.0,0.0,80.0,40.0,8.25,55.0,55.615308144430884,94.5,19.0,96.39113029734634,0.03629135572006094,1900.764056899225,"[1, 0, 0, 0]","[0, 0, 0, 1]"
2018-Indonesia_open-finals-1-2,6,1,00:07:36.500000,13696,B,1.0,發長球,,,A2,187,256,2.0,,,9,6,,B4,329.0,900.0,1.0,2000.0,295,-196,305,-196,328.0,-405.0,471.0,1189.0,30.0,50.0,30.0,50.0,18.25,86.25,88.15965630604511,18.25,86.25,88.15965630604511,0.11754620840806014,10.0,"[0, 0, 0, 1]","[1, 0, 0, 0]"
2018-Indonesia_open-finals-1-2,6,2,00:07:38.500000,13756,A,,殺球,,,B3,329,900,1.0,,,9,6,,A2,285.0,211.0,2.0,1000.0,328,-405,471,1189,368.0,-541.0,378.0,-541.0,0.0,80.0,80.0,30.0,10.0,32.0,33.52610922848042,18.0,119.24999999999999,120.60083954931658,0.17523198908875057,1600.401512121255,"[1, 0, 0, 0]","[0, 0, 0, 1]"
2018-Indonesia_open-finals-1-2,6,3,00:07:39.100000,13772,B,,擋小球,,1.0,A2,285,211,2.0,,,9,6,,B1,299.0,518.0,2.0,0.0,368,-541,378,-541,368.0,-277.0,399.0,712.0,20.0,80.0,0.0,70.0,12.0,137.0,137.5245432641025,12.5,149.25,149.77253586689383,0.5745931169096964,10.0,"[0, 0, 0, 1]","[0, 1, 0, 0]"
2018-Indonesia_open-finals-1-2,6,4,00:07:39.800000,13795,A,,放小球,,,A1,299,518,2.0,,,9,6,,A1,261.0,418.0,2.0,1000.0,368,-277,399,712,320.0,7.0,328.0,56.0,10.0,90.0,60.0,40.0,17.25,22.25,28.15359657308458,23.499999999999996,28.499999999999996,36.93913913452776,0.06508552066320128,989.485725010725,"[0, 1, 0, 0]","[0, 0, 1, 0]"
2018-Indonesia_open-finals-1-2,6,5,00:07:40.600000,13818,B,,挑球,,1.0,A1,261,418,2.0,,,9,6,,A3,127.0,856.0,1.0,1000.0,320,7,328,56,299.0,-188.0,305.0,826.0,90.0,90.0,10.0,0.0,42.75,182.75,187.68357679882382,44.75,195.0,200.06889438390965,0.2585010745733092,49.64876634922564,"[0, 0, 1, 0]","[1, 0, 0, 0]"
2018-Indonesia_open-finals-1-2,6,6,00:07:41.700000,13850,A,,長球,1.0,,A2,127,856,1.0,,,9,6,,B4,103.0,16.0,1.0,2000.0,299,-188,305,826,149.0,-724.0,149.0,-724.0,60.0,0.0,10.0,80.0,38.5,145.0,150.024164720221,5.25,4.5,6.914658342969665,0.1443807899271922,1014.0177513239105,"[1, 0, 0, 0]","[0, 0, 0, 1]"
2018-Indonesia_open-finals-1-2,6,7,00:07:43,13889,B,,殺球,,,B3,103,16,1.0,,,9,6,,A2,146.0,721.0,2.0,0.0,149,-724,149,-724,145.0,-768.0,326.0,844.0,80.0,60.0,80.0,0.0,17.0,151.5,152.45081173939352,29.499999999999996,120.0,123.5728530058281,0.5509065256465927,0.0,"[0, 0, 0, 1]","[0, 0, 1, 0]"
2018-Indonesia_open-finals-1-2,6,8,00:07:43.300000,13900,A,,擋小球,,1.0,A2,146,721,2.0,,,9,6,,B2,100.0,313.0,2.0,1000.0,145,-768,326,844,217.0,-118.0,267.0,-244.0,50.0,60.0,60.0,50.0,43.75,116.5,124.44401351611897,14.000000000000002,31.25,34.24269995196057,0.15863519470785795,1622.129772860359,"[0, 0, 1, 0]","[0, 0, 0, 1]"
2018-Indonesia_open-finals-1-2,6,9,00:07:44.300000,13928,B,,挑球,,,B1,100,313,2.0,,,9,6,,B3,301.0,875.0,1.0,1000.0,217,-118,267,-244,320.0,-302.0,382.0,969.0,90.0,50.0,90.0,10.0,47.25,58.75,75.39313629237081,34.75,27.25,44.16021965525081,0.11882760622010359,135.55810562264435,"[0, 0, 0, 1]","[1, 0, 0, 0]"
2018-Indonesia_open-finals-1-2,6,10,00:07:45.400000,13963,A,,殺球,,,A3,301,875,1.0,,,9,6,,yy,336.0,191.0,2.0,1000.0,320,-302,382,969,406.0,-353.0,406.0,-353.0,70.0,80.0,10.0,30.0,19.25,2.0,19.353617232961906,5.25,14.249999999999998,15.186342548487442,0.05478366544874485,1272.511296609975,"[1, 0, 0, 0]","[0, 0, 0, 1]"
2018-Indonesia_open-finals-1-2,6,11,00:07:46,13979,B,,擋小球,,1.0,C2,336,191,2.0,,,9,6,,B1,345.0,544.0,2.0,0.0,406,-353,406,-353,397.0,-294.0,403.0,912.0,60.0,10.0,60.0,10.0,9.0,12.75,15.606489035013606,9.0,12.75,15.606489035013606,0.06242595614005443,0.0,"[0, 0, 0, 1]","[1, 0, 0, 0]"
2018-Indonesia_open-finals-1-2,6,12,00:07:46.700000,14000,A,,挑球,,,B1,345,544,2.0,,,9,6,,A3,323.0,182.0,1.0,1000.0,397,-294,403,912,442.0,-302.0,442.0,-302.0,90.0,70.0,50.0,0.0,14.749999999999998,23.25,27.53406980451673,11.25,15.0,18.75,0.0925,1206.0149252807778,"[1, 0, 0, 0]","[0, 0, 0, 1]"
2018-Indonesia_open-finals-1-2,6,13,00:07:47.100000,14013,B,,切球,,1.0,C2,323,182,1.0,,,9,6,,B2,331.0,691.0,2.0,0.0,442,-302,442,-302,456.0,-387.0,448.0,852.0,30.0,80.0,30.0,80.0,36.75,24.5,44.168003124433866,36.75,24.5,44.168003124433866,0.17667201249773545,0.0,"[0, 0, 0, 1]","[0, 1, 0, 0]"
2018-Indonesia_open-finals-1-2,6,14,00:07:47.600000,14028,A,,擋小球,,,B2,331,691,2.0,,,9,6,,B2,92.0,323.0,2.0,1000.0,456,-387,448,852,295.0,-204.0,295.0,-204.0,50.0,50.0,50.0,50.0,56.25,53.75,77.80183159797718,63.74999999999999,138.75,152.6945480362675,0.14705441169852743,1239.025827010882,"[0, 1, 0, 0]","[0, 0, 0, 1]"
2018-Indonesia_open-finals-1-2,6,15,00:07:48.500000,14054,B,,放小球,,,B1,92,323,2.0,,,9,6,,A1,85.0,511.0,2.0,1000.0,295,-204,295,-204,231.0,-172.0,193.0,297.0,20.0,20.0,10.0,10.0,22.0,220.5,221.5947878448408,19.75,230.25000000000003,231.09548892178745,0.4526793843328852,0.0,"[0, 0, 0, 1]","[0, 0, 1, 0]"
2018-Indonesia_open-finals-1-2,6,16,00:07:49.300000,14080,A,,放小球,,1.0,C1,85,511,2.0,,,9,6,,B1,71.0,428.0,2.0,1000.0,231,-172,193,297,207.0,678.0,216.0,717.0,70.0,60.0,90.0,50.0,11.749999999999998,16.0,19.851007531105317,32.25,203.75,206.2865119197084,0.1928368805493389,470.53692735002215,"[0, 0, 1, 0]","[0, 1, 0, 0]"
2018-Indonesia_open-finals-1-2,6,17,00:07:50.100000,14103,B,,挑球,,,B1,71,428,2.0,,,9,6,,B4,278.0,906.0,1.0,1000.0,207,678,216,717,278.0,-236.0,322.0,1112.0,30.0,40.0,0.0,50.0,4.25,284.0,284.0317983958838,10.0,293.75,293.920163479813,0.5777786124459783,40.024992192379,"[0, 1, 0, 0]","[1, 0, 0, 0]"
2018-Indonesia_open-finals-1-2,6,18,00:07:51.300000,14139,A,,長球,,,A3,278,906,1.0,,,9,6,,B3,81.0,67.0,1.0,1000.0,278,-236,322,1112,190.0,-458.0,256.0,-458.0,80.0,0.0,20.0,20.0,4.5,40.0,40.252329125157466,25.5,77.0,81.11257609027098,0.12078493283518438,1348.7179097201906,"[1, 0, 0, 0]","[0, 0, 0, 1]"
2018-Indonesia_open-finals-1-2,6,19,00:07:52.200000,14166,B,,切球,,,B3,81,67,1.0,,,9,6,,B1,386.0,552.0,2.0,1000.0,190,-458,256,-458,296.0,-396.0,424.0,804.0,40.0,80.0,80.0,80.0,81.0,69.5,106.72979902538934,64.5,69.5,94.81824718903002,0.2012243772508689,66.0,"[0, 0, 0, 1]","[0, 1, 0, 0]"
2018-Indonesia_open-finals-1-2,6,20,00:07:53.100000,14194,A,,放小球,,,B1,386,552,2.0,,,9,6,,C1,406.0,396.0,,1000.0,296,-396,424,804,514.0,-180.0,514.0,-180.0,50.0,0.0,70.0,0.0,13.75,50.0,51.85617128172885,18.25,250.0,250.66523991171968,0.10002530929719738,1206.8073582805168,"[0, 1, 0, 0]","[0, 0, 0, 1]"
2018-Indonesia_open-finals-1-2,6,21,00:07:54.200000,14227,B,,未擊球,,,E1,406,396,,出界,切球精準,9,7,B,,,,,3000.0,514,-180,514,-180,351.0,-196.0,351.0,-196.0,90.0,20.0,30.0,90.0,62.74999999999999,69.5,93.63659808002424,84.25,337.25,347.6141898714723,0.12217958094542639,0.0,"[0, 0, 0, 1]","[0, 0, 0, 1]"
2018-Indonesia_open-finals-1-2,7,1,00:07:57.400000,14321,B,1.0,發長球,,,A2,201,261,2.0,,,9,7,,A4,141.0,903.0,1.0,2000.0,351,-196,351,-196,263.0,-458.0,177.0,1169.0,20.0,20.0,20.0,20.0,3.0,54.5,54.58250635505848,3.0,54.5,54.58250635505848,0.07277667514007798,0.0,"[0, 0, 0, 1]","[1, 0, 0, 0]"
2018-Indonesia_open-finals-1-2,7,2,00:07:59.500000,14385,A,,殺球,,,A3,141,903,1.0,,,9,7,,A3,278.0,187.0,2.0,1000.0,263,-458,177,1169,363.0,-414.0,363.0,-414.0,10.0,80.0,70.0,50.0,27.750000000000004,22.0,35.41274488090411,64.25,141.25,155.1761096303165,0.3012279037539517,1629.2713095123231,"[1, 0, 0, 0]","[0, 0, 0, 1]"
2018-Indonesia_open-finals-1-2,7,3,00:08:00,14399,B,,擋小球,,1.0,A2,278,187,2.0,,,9,7,,B1,341.0,533.0,2.0,0.0,363,-414,363,-414,374.0,-370.0,434.0,604.0,50.0,80.0,60.0,80.0,11.25,4.5,12.116620816052635,21.5,4.5,21.965882636488796,0.06792827099227537,0.0,"[0, 0, 0, 1]","[0, 1, 0, 0]"
2018-Indonesia_open-finals-1-2,7,4,00:08:00.800000,14425,A,,挑球,,,B1,341,533,2.0,,,9,7,,A3,316.0,185.0,1.0,1000.0,374,-370,434,604,408.0,-396.0,449.0,-396.0,60.0,10.0,90.0,10.0,6.5,54.75,55.134494647180716,27.750000000000004,57.75,64.07124940252064,0.04292143986401201,975.8462993730109,"[0, 1, 0, 0]","[0, 0, 0, 1]"
2018-Indonesia_open-finals-1-2,7,5,00:08:01.400000,14443,B,,殺球,,,A2,316,185,1.0,,,9,7,,A2,155.0,727.0,2.0,0.0,408,-396,449,-396,400.0,-589.0,323.0,835.0,0.0,70.0,80.0,70.0,47.5,48.25,67.70755127753476,60.5,48.25,77.38418766130455,0.2896635979891157,41.0,"[0, 0, 0, 1]","[0, 1, 0, 0]"
2018-Indonesia_open-finals-1-2,7,6,00:08:01.900000,14457,A,,擋小球,,1.0,A2,155,727,2.0,,,9,7,,B1,95.0,392.0,2.0,1000.0,400,-589,323,835,218.0,-589.0,207.0,-589.0,60.0,60.0,90.0,20.0,48.5,121.5,130.82239869380166,27.750000000000004,89.5,93.70332171273333,0.08269257826431584,1426.0802922696885,"[0, 1, 0, 0]","[0, 0, 0, 1]"
2018-Indonesia_open-finals-1-2,7,7,00:08:02.700000,14482,B,,放小球,,,B1,95,392,2.0,,,9,7,,A1,85.0,509.0,2.0,1000.0,218,-589,207,-589,206.0,-103.0,212.0,477.0,10.0,20.0,90.0,20.0,62.74999999999999,24.5,67.36328747916033,77.25,24.5,81.0420415586873,0.07416367035145982,11.0,"[0, 0, 0, 1]","[0, 1, 0, 0]"
2018-Indonesia_open-finals-1-2,7,8,00:08:03.700000,14510,A,,挑球,,1.0,C1,85,509,2.0,,,9,7,,A3,300.0,127.0,1.0,3000.0,206,-103,212,477,469.0,-687.0,516.0,-687.0,0.0,90.0,0.0,20.0,62.5,60.25,86.81193754317432,25.0,80.5,84.2926449934987,0.05987510148448834,580.0310336525107,"[0, 1, 0, 0]","[0, 0, 0, 1]"
2018-Indonesia_open-finals-1-2,7,9,00:08:06,14579,B,,殺球,,,A2,300,127,1.0,,,9,7,,A3,86.0,753.0,,0.0,469,-687,516,-687,456.0,-344.0,312.0,799.0,80.0,10.0,80.0,70.0,60.5,122.75,136.84959809951945,40.5,379.25,381.40636137851715,0.5120595668474518,47.0,"[0, 0, 0, 1]","[0, 1, 0, 0]"
2018-Indonesia_open-finals-1-2,7,10,00:08:06.500000,14596,A,,未擊球,,,C2,86,753,,落地,小球精準,9,8,B,,,,,2000.0,456,-344,312,799,227.0,-196.0,354.0,830.0,70.0,10.0,30.0,80.0,63.24999999999999,42.25,76.06329601062525,24.25,328.0,328.8952150761698,0.19022441516535146,1152.0351557135746,"[0, 1, 0, 0]","[1, 0, 0, 0]"
2018-Indonesia_open-finals-1-2,8,1,00:08:08.700000,14662,A,1.0,發長球,,1.0,A2,226,664,2.0,,,10,8,,B3,113.0,55.0,1.0,2000.0,227,-196,354,830,203.0,-513.0,215.0,-513.0,90.0,30.0,90.0,80.0,7.249999999999999,56.75,57.21123141481924,22.75,38.0,44.28953036553899,0.09600943964006872,1033.8302568603804,"[1, 0, 0, 0]","[0, 0, 0, 1]"
2018-Indonesia_open-finals-1-2,8,2,00:08:10,14700,B,,切球,,,A3,113,55,1.0,,,10,8,,A1,192.0,544.0,2.0,0.0,203,-513,215,-513,256.0,-423.0,263.0,678.0,60.0,70.0,30.0,70.0,1.0,131.75,131.7537950117567,6.75,131.75,131.92279939419114,0.5272278919025435,12.0,"[0, 0, 0, 1]","[0, 1, 0, 0]"
2018-Indonesia_open-finals-1-2,8,3,00:08:10.600000,14718,A,,擋小球,,,A1,192,544,2.0,,,10,8,,B1,78.0,366.0,2.0,1000.0,256,-423,263,678,199.0,14.0,188.0,14.0,0.0,10.0,70.0,40.0,12.5,27.25,29.98020180052162,9.25,108.5,108.89358337386092,0.08131497402077922,1101.0222522728593,"[0, 1, 0, 0]","[0, 0, 1, 0]"
2018-Indonesia_open-finals-1-2,8,4,00:08:11.500000,14744,B,,挑球,,,B1,78,366,2.0,,,10,8,,A3,168.0,843.0,1.0,1000.0,199,14,188,14,206.0,-532.0,300.0,1112.0,70.0,90.0,80.0,90.0,19.25,185.25,186.2474832044718,22.0,185.25,186.55176895435756,0.3727892333477457,11.0,"[0, 0, 1, 0]","[0, 1, 0, 0]"
2018-Indonesia_open-finals-1-2,8,5,00:08:12.600000,14778,A,,殺球,,,A2,168,843,1.0,,,10,8,,B3,163.0,173.0,2.0,1000.0,206,-532,300,1112,276.0,-727.0,276.0,-727.0,80.0,50.0,50.0,50.0,17.0,51.24999999999999,53.99594892211822,23.75,141.25,143.23276510631217,0.09025277004059211,1646.6851550918896,"[0, 1, 0, 0]","[0, 0, 0, 1]"
2018-Indonesia_open-finals-1-2,8,6,00:08:13,14790,B,,擋小球,,,A2,163,173,2.0,,,10,8,,A1,68.0,562.0,2.0,1000.0,276,-727,276,-727,274.0,-327.0,205.0,547.0,90.0,0.0,90.0,0.0,15.25,15.0,21.39071060063223,15.25,15.0,21.39071060063223,0.042781421201264457,0.0,"[0, 0, 0, 1]","[0, 1, 0, 0]"
2018-Indonesia_open-finals-1-2,8,7,00:08:14,14821,A,,挑球,,1.0,C1,68,562,2.0,,,10,8,,B4,77.0,47.0,1.0,1000.0,274,-327,205,547,215.0,-667.0,215.0,-667.0,90.0,0.0,80.0,90.0,5.25,35.0,35.391559728274196,7.000000000000001,92.25,92.51520145359896,0.1145534809597683,876.7194534171122,"[0, 1, 0, 0]","[0, 0, 0, 1]"
2018-Indonesia_open-finals-1-2,8,8,00:08:15.100000,14852,B,,切球,,,B3,77,47,1.0,,,10,8,,A2,93.0,627.0,2.0,0.0,215,-667,215,-667,253.0,-467.0,233.0,916.0,40.0,0.0,0.0,20.0,16.0,47.5,50.12235030403104,5.0,65.5,65.69056248807739,0.2298695282111137,0.0,"[0, 0, 0, 1]","[0, 1, 0, 0]"
2018-Indonesia_open-finals-1-2,8,9,00:08:15.700000,14870,A,,挑球,,1.0,C1,93,627,2.0,,,10,8,,B3,104.0,184.0,1.0,1000.0,253,-467,233,916,279.0,-477.0,235.0,-405.0,70.0,30.0,80.0,70.0,0.75,55.75,55.7550446148149,17.0,3.25,17.307873930670976,0.10991473968490303,1383.1446055998629,"[0, 1, 0, 0]","[0, 0, 0, 1]"
2018-Indonesia_open-finals-1-2,8,10,00:08:16.200000,14887,B,,殺球,,,B2,104,184,1.0,,,10,8,,A2,142.0,716.0,2.0,0.0,279,-477,235,-405,250.0,-244.0,301.0,903.0,70.0,70.0,90.0,40.0,18.25,99.25,100.913948490781,14.749999999999998,66.0,67.62811915172564,0.33057412179419005,84.38009243891595,"[0, 0, 0, 1]","[1, 0, 0, 0]"
2018-Indonesia_open-finals-1-2,8,11,00:08:16.700000,14900,A,,防守回挑,,,A2,142,716,2.0,,,10,8,,B2,122.0,208.0,1.0,1000.0,250,-244,301,903,206.0,-80.0,294.0,-141.0,40.0,10.0,90.0,70.0,11.5,42.75,44.2697695950634,2.25,4.25,4.808846015417836,0.09580318366317478,1148.1332675260307,"[1, 0, 0, 0]","[0, 0, 0, 1]"
2018-Indonesia_open-finals-1-2,8,12,00:08:17.200000,14917,B,,殺球,,,A2,122,208,1.0,,,10,8,,A2,182.0,699.0,2.0,0.0,206,-80,294,-141,204.0,-73.0,310.0,920.0,50.0,70.0,60.0,70.0,26.25,5.75,26.872383593570557,8.5,5.75,10.262187875886896,0.04229952718411874,107.07474025184464,"[0, 0, 0, 1]","[1, 0, 0, 0]"
2018-Indonesia_open-finals-1-2,8,13,00:08:17.500000,14926,A,,擋小球,,1.0,A2,182,699,2.0,,,10,8,,B1,184.0,465.0,,1000.0,204,-73,310,920,311.0,-103.0,260.0,-164.0,20.0,90.0,50.0,60.0,38.0,32.75,50.16535158852173,8.75,281.0,281.1361991988936,0.12688553897115304,998.6415773439437,"[1, 0, 0, 0]","[0, 0, 0, 1]"
2018-Indonesia_open-finals-1-2,8,14,00:08:18,14941,B,,未擊球,,,A1,184,465,,未回擊成功,對手失誤,10,9,B,,,,,4000.0,311,-103,260,-164,356.0,-204.0,345.0,-204.0,60.0,20.0,50.0,70.0,6.0,64.5,64.77846864506755,23.75,344.25,345.06829034265087,0.09377581126163494,79.51100552753688,"[0, 0, 0, 1]","[0, 0, 0, 1]"
2018-Indonesia_open-finals-1-2,9,1,00:08:22.300000,15069,B,1.0,發長球,,,A2,201,265,2.0,,,10,9,,A4,120.0,921.0,1.0,2000.0,356,-204,345,-204,287.0,-361.0,165.0,1213.0,10.0,60.0,20.0,60.0,27.25,138.5,141.15527797429326,24.5,138.5,140.65027550630677,0.28179258773076343,11.0,"[0, 0, 0, 1]","[1, 0, 0, 0]"
2018-Indonesia_open-finals-1-2,9,2,00:08:24.200000,15126,A,,殺球,,,A3,120,921,1.0,,,10,9,,B2,170.0,234.0,2.0,0.0,287,-361,165,1213,247.0,-758.0,247.0,-758.0,10.0,60.0,40.0,30.0,10.25,19.0,21.588480724682782,33.5,69.25,76.92731959453677,0.13325351777720543,1578.7210013172055,"[1, 0, 0, 0]","[0, 0, 0, 1]"
2018-Indonesia_open-finals-1-2,9,3,00:08:24.800000,15143,B,,擋小球,,,A2,170,234,2.0,,,10,9,,A1,190.0,515.0,2.0,1000.0,247,-758,247,-758,328.0,-285.0,299.0,936.0,40.0,90.0,40.0,0.0,6.5,152.25,152.38868888470694,4.0,167.5,167.54775438662256,0.31992235386105794,0.0,"[0, 0, 0, 1]","[1, 0, 0, 0]"
2018-Indonesia_open-finals-1-2,9,4,00:08:25.600000,15167,A,,放小球,,,A1,190,515,2.0,,,10,9,,B1,104.0,354.0,2.0,1000.0,328,-285,299,936,221.0,-149.0,231.0,-88.0,60.0,90.0,80.0,0.0,13.5,39.75,41.979905907469586,23.0,102.49999999999999,105.04879818446283,0.0725934742246161,1221.344341289548,"[1, 0, 0, 0]","[0, 0, 0, 1]"
2018-Indonesia_open-finals-1-2,9,5,00:08:26.300000,15189,B,,放小球,,,B1,104,354,2.0,,,10,9,,A1,105.0,507.0,2.0,1000.0,221,-149,231,-88,274.0,-126.0,207.0,526.0,30.0,20.0,30.0,10.0,15.75,139.5,140.38629740825849,3.25,134.75,134.78918725179702,0.27490737076331734,61.814237842102365,"[0, 0, 0, 1]","[0, 1, 0, 0]"
2018-Indonesia_open-finals-1-2,9,6,00:08:27.200000,15216,A,,挑球,,1.0,C1,105,507,2.0,,,10,9,,B4,129.0,19.0,1.0,1000.0,274,-126,207,526,284.0,-707.0,244.0,-627.0,40.0,50.0,30.0,80.0,13.5,108.74999999999999,109.58472749430004,13.25,99.5,100.37834676861338,0.02830415163893806,655.433444370975,"[0, 1, 0, 0]","[0, 0, 0, 1]"
2018-Indonesia_open-finals-1-2,9,7,00:08:28.600000,15259,B,,殺球,,,A3,129,19,1.0,,,10,9,,A2,210.0,674.0,2.0,1000.0,284,-707,244,-627,328.0,-561.0,260.0,924.0,80.0,90.0,80.0,90.0,18.0,169.75,170.70167691033384,5.5,149.75,149.85096763117681,0.3203630752755379,89.44271909999159,"[0, 0, 0, 1]","[0, 1, 0, 0]"
2018-Indonesia_open-finals-1-2,9,8,00:08:29.200000,15276,A,,擋小球,,,A2,210,674,2.0,,,10,9,,B2,124.0,315.0,2.0,1000.0,328,-561,260,924,212.0,-28.0,222.0,-28.0,40.0,0.0,50.0,80.0,4.0,50.0,50.15974481593781,28.749999999999996,44.5,52.979359188272554,0.09768732005741584,1486.556087068362,"[0, 1, 0, 0]","[0, 0, 0, 1]"
2018-Indonesia_open-finals-1-2,9,9,00:08:30.100000,15303,B,,挑球,,,A1,124,315,2.0,,,10,9,,B4,295.0,890.0,1.0,1000.0,212,-28,222,-28,312.0,-361.0,375.0,1102.0,60.0,90.0,50.0,10.0,46.5,315.25,318.66096795811063,41.25,162.25,167.41154380746866,0.4854959448852276,10.0,"[0, 0, 0, 1]","[1, 0, 0, 0]"
2018-Indonesia_open-finals-1-2,9,10,00:08:31.500000,15344,A,,殺球,,,A3,295,890,1.0,,,10,9,,B2,206.0,210.0,2.0,1000.0,312,-361,375,1102,398.0,-1289.0,387.0,-677.0,30.0,10.0,70.0,10.0,0.75,2.25,2.3717082451262845,20.75,107.25,109.23884382398047,0.11131149985513626,1464.355831073855,"[1, 0, 0, 0]","[0, 0, 0, 1]"
2018-Indonesia_open-finals-1-2,9,11,00:08:32,15360,B,,擋小球,,,A2,206,210,2.0,,,10,9,,A1,127.0,507.0,2.0,1000.0,398,-1289,387,-677,315.0,-370.0,292.0,673.0,90.0,80.0,70.0,60.0,40.25,157.0,162.07733493613472,38.25,4.0,38.45858161711116,0.179117977880502,612.0988482263302,"[0, 0, 0, 1]","[0, 1, 0, 0]"
2018-Indonesia_open-finals-1-2,9,12,00:08:33.100000,15392,A,,挑球,,1.0,A1,127,507,2.0,,,10,9,,B5,132.0,-36.0,,1000.0,315,-370,292,673,237.0,-661.0,234.0,-661.0,90.0,60.0,20.0,90.0,5.25,41.5,41.83076021302983,8.0,320.25,320.34990635241337,0.13938178234618756,1043.253564575746,"[0, 1, 0, 0]","[0, 0, 0, 1]"
2018-Indonesia_open-finals-1-2,9,13,00:08:34.700000,15441,B,,未擊球,,,A4,132,-36,,出界,對手失誤,10,10,B,,,,,3000.0,237,-661,234,-661,294.0,-204.0,324.0,-608.0,40.0,90.0,80.0,40.0,33.5,32.25,46.50067203815446,59.49999999999999,466.0,469.78319467601216,0.20274202820333034,3.0,"[0, 0, 0, 1]","[0, 0, 0, 1]"
2018-Indonesia_open-finals-1-2,10,1,00:08:37.800000,15535,B,1.0,發長球,,,A2,178,261,2.0,,,10,10,,B4,317.0,897.0,1.0,2000.0,294,-204,324,-608,371.0,-532.0,472.0,1203.0,40.0,50.0,30.0,30.0,8.5,108.74999999999999,109.0816781132377,19.25,75.75,78.1576931594069,0.02313787179303903,405.1123301011708,"[0, 0, 0, 1]","[1, 0, 0, 0]"
2018-Indonesia_open-finals-1-2,10,2,00:08:39.900000,15596,A,,殺球,,,B3,317,897,1.0,,,10,10,,B2,57.0,208.0,2.0,1000.0,371,-532,472,1203,328.0,-639.0,247.0,-305.0,60.0,90.0,0.0,10.0,31.0,2.25,31.08154597184638,57.49999999999999,144.75,155.7524076860451,0.1677453427073312,1737.937283103162,"[1, 0, 0, 0]","[0, 0, 0, 1]"
2018-Indonesia_open-finals-1-2,10,3,00:08:40.500000,15616,B,,防守回挑,,,B2,57,208,2.0,,,10,10,,A2,104.0,681.0,1.0,1000.0,328,-639,247,-305,247.0,-523.0,242.0,624.0,80.0,80.0,50.0,60.0,15.5,128.0,128.93506117422058,3.75,9.0,9.75,0.23915737496468722,343.68153863715173,"[0, 0, 0, 1]","[0, 0, 1, 0]"
2018-Indonesia_open-finals-1-2,10,4,00:08:41.400000,15642,A,,殺球,,,C2,104,681,1.0,,,10,10,,B2,192.0,213.0,,0.0,247,-523,242,624,266.0,-1151.0,262.0,-269.0,0.0,60.0,30.0,20.0,2.5,91.5,91.53414663392017,25.75,57.99999999999999,63.45914039758181,0.10086473340293149,1147.010897942997,"[0, 0, 1, 0]","[0, 0, 0, 1]"
2018-Indonesia_open-finals-1-2,10,5,00:08:41.700000,15651,B,,未擊球,,,A2,192,213,,落地,殺球精準,11,10,A,,,,,3000.0,266,-1151,262,-269,237.0,-157.0,345.0,856.0,30.0,60.0,90.0,10.0,24.25,271.5,272.58083663383235,0.25,37.75,37.750827805493216,0.15510948754025333,882.0090702481466,"[0, 0, 0, 1]","[1, 0, 0, 0]"
2018-Indonesia_open-finals-1-2,11,1,00:08:44.600000,15739,A,1.0,發小球,,1.0,A2,220,659,2.0,,,12,10,,B2,73.0,308.0,2.0,1000.0,237,-157,345,856,169.0,-65.0,261.0,-118.0,80.0,50.0,20.0,20.0,4.5,36.25,36.52824249810001,32.0,60.5,68.44158092855541,0.03666486738009562,1018.7408895298156,"[1, 0, 0, 0]","[0, 0, 0, 1]"
2018-Indonesia_open-finals-1-2,11,2,00:08:45.400000,15763,B,,挑球,,,B1,73,308,2.0,,,12,10,,A3,48.0,850.0,1.0,1000.0,169,-65,261,-118,255.0,-302.0,217.0,1098.0,60.0,80.0,40.0,10.0,6.0,155.5,155.615712574277,28.999999999999996,142.25,145.1759708078441,0.29980003752501433,106.17438485811914,"[0, 0, 0, 1]","[1, 0, 0, 0]"
2018-Indonesia_open-finals-1-2,11,3,00:08:46.700000,15800,A,,切球,,1.0,C2,48,850,1.0,,,12,10,,B2,61.0,199.0,2.0,1000.0,255,-302,217,1098,145.0,-687.0,145.0,-687.0,40.0,30.0,20.0,20.0,6.5,19.25,20.317787773278862,9.5,189.5,189.73797722121944,0.20936227573275945,1400.5156193345363,"[1, 0, 0, 0]","[0, 0, 0, 1]"
2018-Indonesia_open-finals-1-2,11,4,00:08:47.300000,15820,B,,擋小球,,,B2,61,199,2.0,,,12,10,,A1,69.0,506.0,2.0,1000.0,145,-687,145,-687,229.0,-379.0,179.0,340.0,10.0,70.0,20.0,70.0,0.25,140.75,140.75022202469168,5.5,31.75,32.22285679451777,0.10915155747858113,0.0,"[0, 0, 0, 1]","[0, 0, 0, 1]"
2018-Indonesia_open-finals-1-2,11,5,00:08:48.200000,15845,A,,挑球,,1.0,C1,69,506,2.0,,,12,10,,B4,61.0,40.0,1.0,1000.0,229,-379,179,340,146.0,-1250.0,167.0,-560.0,90.0,70.0,10.0,90.0,9.75,13.25,16.450683876362103,55.25,77.25,94.97433863944512,0.09121951545584969,720.7364289391788,"[0, 0, 0, 1]","[0, 0, 0, 1]"
2018-Indonesia_open-finals-1-2,11,6,00:08:49.400000,15881,B,,切球,,,B3,61,40,1.0,,,12,10,,B1,302.0,532.0,2.0,1000.0,146,-1250,167,-560,268.0,-432.0,400.0,649.0,60.0,30.0,60.0,20.0,64.0,215.75000000000003,225.0423571241645,56.49999999999999,25.5,61.9879020454798,0.5393396425259319,690.3194912502471,"[0, 0, 0, 1]","[0, 1, 0, 0]"
2018-Indonesia_open-finals-1-2,11,7,00:08:50.200000,15906,A,,挑球,,,A1,302,532,2.0,,,12,10,,A3,315.0,183.0,1.0,0.0,268,-432,400,649,402.0,-387.0,393.0,-458.0,60.0,30.0,50.0,10.0,39.0,40.75,56.40534105915857,11.25,34.75,36.52567590065925,0.10121388244702403,1089.02938436022,"[0, 1, 0, 0]","[0, 0, 0, 1]"
2018-Indonesia_open-finals-1-2,11,8,00:08:50.800000,15924,B,,切球,,1.0,A2,315,183,1.0,,,12,10,,B1,374.0,545.0,2.0,1000.0,402,-387,393,-458,424.0,-269.0,445.0,510.0,60.0,80.0,50.0,90.0,16.5,29.499999999999996,33.80088756231114,18.75,47.25,50.83428960849163,0.0844578297140058,71.56814934033156,"[0, 0, 0, 1]","[0, 1, 0, 0]"
2018-Indonesia_open-finals-1-2,11,9,00:08:51.600000,15949,A,,擋小球,,,B1,374,545,2.0,,,12,10,,A1,355.0,412.0,2.0,1000.0,424,-269,445,510,468.0,-269.0,468.0,-269.0,10.0,70.0,90.0,40.0,10.25,4.25,11.096170510586072,17.25,1.5,17.315094570922792,0.027637157958082446,779.2830037925888,"[0, 1, 0, 0]","[0, 0, 0, 1]"
2018-Indonesia_open-finals-1-2,11,10,00:08:52.500000,15974,B,,放小球,,1.0,C1,355,412,2.0,,,12,10,,B1,373.0,530.0,2.0,1000.0,468,-269,468,-269,465.0,-252.0,514.0,504.0,20.0,20.0,20.0,20.0,52.0,14.499999999999998,53.983793864455286,52.0,14.499999999999998,53.983793864455286,0.10796758772891057,0.0,"[0, 0, 0, 1]","[0, 1, 0, 0]"
2018-Indonesia_open-finals-1-2,11,11,00:08:53.400000,16001,A,,放小球,,,B1,373,530,2.0,,,12,10,,B1,126.0,400.0,2.0,1000.0,465,-252,514,504,260.0,-327.0,260.0,-327.0,30.0,50.0,50.0,10.0,54.25,61.25,81.82068809292672,61.25,117.25000000000001,132.2842583227498,0.12835984574624573,757.5862987145425,"[0, 1, 0, 0]","[0, 0, 0, 1]"
2018-Indonesia_open-finals-1-2,11,12,00:08:54.300000,16030,B,,放小球,,,A1,126,400,2.0,,,12,10,,A1,88.0,514.0,2.0,1000.0,260,-327,260,-327,248.0,-7.0,269.0,35.0,90.0,40.0,0.0,40.0,12.75,109.0,109.7431660742481,12.5,109.0,109.7144019716646,0.2194574275343626,0.0,"[0, 0, 0, 1]","[0, 0, 1, 0]"
2018-Indonesia_open-finals-1-2,11,13,00:08:55.200000,16055,A,,挑球,,1.0,C1,88,514,2.0,,,12,10,,B4,132.0,43.0,1.0,1000.0,248,-7,269,35,209.0,-763.0,210.0,-763.0,30.0,30.0,80.0,30.0,14.249999999999998,198.25,198.7614776560086,10.5,193.25,193.53504204665367,0.39228154748853533,46.95742752749558,"[0, 0, 1, 0]","[0, 0, 0, 1]"
2018-Indonesia_open-finals-1-2,11,14,00:08:56.900000,16108,B,,殺球,,,A3,132,43,1.0,,,12,10,,A3,53.0,747.0,2.0,1000.0,209,-763,210,-763,191.0,786.0,227.0,808.0,0.0,20.0,30.0,80.0,15.0,202.99999999999997,203.55343278854326,6.75,174.5,174.6305027765768,0.37812605371754004,1.0,"[0, 0, 0, 1]","[0, 1, 0, 0]"
2018-Indonesia_open-finals-1-2,11,15,00:08:57.400000,16123,A,,擋小球,,1.0,C2,53,747,2.0,,,12,10,,B1,75.0,335.0,2.0,1000.0,191,786,227,808,149.0,49.0,183.0,-65.0,10.0,0.0,30.0,0.0,2.75,237.5,237.5159205190254,16.75,10.0,19.508011174899405,0.2279303621723091,42.190046219457976,"[0, 1, 0, 0]","[0, 0, 0, 1]"
2018-Indonesia_open-finals-1-2,11,16,00:08:58.300000,16150,B,,放小球,,,B1,75,335,2.0,,,12,10,,A1,70.0,523.0,2.0,1000.0,149,49,183,-65,202.0,-164.0,160.0,848.0,50.0,20.0,40.0,70.0,48.75,124.50000000000001,133.70419776506645,46.0,133.25,140.96652971539024,0.2746135921617865,118.96217886370441,"[0, 0, 0, 1]","[1, 0, 0, 0]"
2018-Indonesia_open-finals-1-2,11,17,00:08:59.200000,16177,A,,放小球,,1.0,C1,70,523,2.0,,,12,10,,A1,290.0,378.0,2.0,1000.0,202,-164,160,848,344.0,-449.0,367.0,-598.0,30.0,90.0,10.0,40.0,33.25,17.25,37.458310159429246,30.25,41.0,50.95157014263643,0.0861702529879076,1012.8711665360013,"[1, 0, 0, 0]","[0, 0, 0, 1]"
2018-Indonesia_open-finals-1-2,11,18,00:09:00.100000,16204,B,,挑球,,1.0,A1,290,378,2.0,,,12,10,,A3,134.0,796.0,1.0,1000.0,344,-449,367,-598,335.0,-95.0,281.0,1012.0,30.0,20.0,50.0,0.0,20.75,62.0,65.3801384213891,26.25,5.0,26.72194790803994,0.0818413098624405,150.7647173578752,"[0, 0, 0, 1]","[1, 0, 0, 0]"
2018-Indonesia_open-finals-1-2,11,19,00:09:01.100000,16233,A,,長球,1.0,,A2,134,796,1.0,,,12,10,,A4,294.0,46.0,1.0,1000.0,335,-95,281,1012,427.0,-697.0,472.0,-618.0,30.0,20.0,10.0,80.0,28.249999999999996,107.0,110.66644703793466,25.25,18.0,31.009071253425184,0.13596782707684932,1108.3162905957847,"[1, 0, 0, 0]","[0, 0, 0, 1]"
2018-Indonesia_open-finals-1-2,11,20,00:09:02.800000,16283,B,,殺球,,,A3,294,46,1.0,,,12,10,,B2,307.0,743.0,2.0,1000.0,427,-697,472,-618,448.0,-523.0,382.0,940.0,10.0,50.0,60.0,60.0,44.75,63.74999999999999,77.88854216121906,56.00000000000001,83.5,100.53979311695444,0.17841839871493073,90.91754506144565,"[0, 0, 0, 1]","[0, 1, 0, 0]"
2018-Indonesia_open-finals-1-2,11,21,00:09:03.200000,16296,A,,擋小球,,,A2,307,743,2.0,,,12,10,,B2,148.0,326.0,2.0,1000.0,448,-523,382,940,248.0,-952.0,248.0,-952.0,50.0,40.0,0.0,90.0,28.749999999999996,36.0,46.07127630096653,15.0,57.25,59.182450946205336,0.09425828876019339,1464.4879651263782,"[0, 1, 0, 0]","[0, 0, 0, 1]"
2018-Indonesia_open-finals-1-2,11,22,00:09:04.200000,16326,B,,挑球,,,A1,148,326,2.0,,,12,10,,yy,330.0,883.0,1.0,1000.0,248,-952,248,-952,333.0,-379.0,442.0,1169.0,20.0,80.0,20.0,80.0,19.5,187.0,188.01396224748842,19.5,187.0,188.01396224748842,0.37602792449497685,0.0,"[0, 0, 0, 1]","[1, 0, 0, 0]"
2018-Indonesia_open-finals-1-2,11,23,00:09:05.500000,16365,A,,切球,,,B3,330,883,1.0,,,12,10,,B2,70.0,316.0,2.0,1000.0,333,-379,442,1169,170.0,-204.0,170.0,-204.0,90.0,50.0,80.0,90.0,30.25,43.75,53.189519644381065,45.5,45.25,64.17018388628787,0.07576485002954866,1551.8327873840017,"[1, 0, 0, 0]","[0, 0, 0, 1]"
2018-Indonesia_open-finals-1-2,11,24,00:09:06.600000,16397,B,,挑球,,,B1,70,316,2.0,,,12,10,,A3,76.0,761.0,1.0,1000.0,170,-204,170,-204,212.0,-204.0,260.0,988.0,70.0,70.0,70.0,70.0,34.25,18.25,38.80882631567206,34.25,18.25,38.80882631567206,0.15523530526268822,0.0,"[0, 0, 0, 1]","[1, 0, 0, 0]"
2018-Indonesia_open-finals-1-2,11,25,00:09:07.400000,16422,A,,切球,,,C2,76,761,1.0,,,12,10,,A1,271.0,425.0,,0.0,212,-204,260,988,307.0,-277.0,307.0,-277.0,80.0,0.0,0.0,80.0,34.5,10.0,35.92005011132362,20.0,308.0,308.6486675817668,0.1613182026307013,1192.9660514867974,"[1, 0, 0, 0]","[0, 0, 0, 1]"
2018-Indonesia_open-finals-1-2,11,26,00:09:07.900000,16437,B,,未擊球,,,A1,271,425,,未回擊成功,對手失誤,12,11,B,,,,,4000.0,307,-277,307,-277,350.0,-244.0,340.0,-244.0,40.0,90.0,50.0,30.0,9.0,82.75,83.23798712126573,21.25,368.25,368.8626099240746,0.09569936287956966,0.0,"[0, 0, 0, 1]","[0, 0, 0, 1]"
2018-Indonesia_open-finals-1-2,12,1,00:09:11.400000,16541,B,1.0,發長球,,,A2,200,263,2.0,,,12,11,,A4,139.0,917.0,1.0,2000.0,350,-244,340,-244,271.0,-608.0,222.0,1196.0,50.0,70.0,50.0,70.0,41.25,120.75,127.60143024276805,38.75,120.75,126.81531847533245,0.2544056799680384,10.0,"[0, 0, 0, 1]","[0, 1, 0, 0]"
2018-Indonesia_open-finals-1-2,12,2,00:09:13.400000,16603,A,,殺球,,,A3,139,917,1.0,,,12,11,,B3,118.0,190.0,2.0,0.0,271,-608,222,1196,185.0,-727.0,185.0,-727.0,10.0,80.0,30.0,80.0,5.25,59.49999999999999,59.73116858056604,40.75,145.5,151.0986846402046,0.19505896544378576,1804.6653429375763,"[0, 1, 0, 0]","[0, 0, 0, 1]"
2018-Indonesia_open-finals-1-2,12,3,00:09:13.900000,16616,B,,擋小球,,,A2,118,190,2.0,,,12,11,,B1,299.0,536.0,2.0,1000.0,185,-727,185,-727,292.0,-370.0,385.0,614.0,30.0,90.0,40.0,70.0,35.75,152.25,156.3909364381453,46.0,136.75,144.27945973006692,0.3003399116001734,0.0,"[0, 0, 0, 1]","[0, 1, 0, 0]"
2018-Indonesia_open-finals-1-2,12,4,00:09:14.800000,16643,A,,放小球,,,A1,299,536,2.0,,,12,11,,A2,248.0,302.0,2.0,1000.0,292,-370,385,614,328.0,-118.0,369.0,-180.0,20.0,30.0,60.0,50.0,0.5,4.25,4.2793106921559225,26.0,101.25,104.53498218299939,0.10029581247489847,988.3850464267456,"[0, 1, 0, 0]","[0, 0, 0, 1]"
2018-Indonesia_open-finals-1-2,12,5,00:09:15.500000,16664,B,,挑球,,1.0,A2,248,302,2.0,,,12,11,,A3,163.0,861.0,1.0,1000.0,328,-118,369,-180,294.0,-387.0,281.0,1019.0,50.0,10.0,70.0,20.0,23.75,142.25,144.21901746995783,28.249999999999996,107.0,110.66644703793466,0.25461650083998877,74.33034373659252,"[0, 0, 0, 1]","[1, 0, 0, 0]"
2018-Indonesia_open-finals-1-2,12,6,00:09:16.500000,16696,A,,長球,,,A2,163,861,1.0,,,12,11,,B4,146.0,24.0,1.0,1000.0,294,-387,281,1019,233.0,-687.0,256.0,-608.0,10.0,0.0,20.0,30.0,14.749999999999998,65.0,66.65255058885593,7.000000000000001,61.75000000000001,62.145494607413006,0.1286025855105565,1406.060098288832,"[1, 0, 0, 0]","[0, 0, 0, 1]"
2018-Indonesia_open-finals-1-2,12,7,00:09:17.900000,16738,B,,殺球,,,A3,146,24,1.0,,,12,11,,A2,127.0,706.0,2.0,1000.0,233,-687,256,-608,235.0,-647.0,253.0,772.0,60.0,20.0,90.0,50.0,14.000000000000002,48.0,50.0,7.75,63.74999999999999,64.21935066629061,0.11192463982519667,82.28000972289685,"[0, 0, 0, 1]","[0, 0, 1, 0]"
2018-Indonesia_open-finals-1-2,12,8,00:09:18.500000,16755,A,,防守回挑,,1.0,A2,127,706,2.0,,,12,11,,B3,107.0,168.0,1.0,1000.0,235,-647,253,772,289.0,-495.0,225.0,-353.0,20.0,50.0,30.0,20.0,0.5,86.25,86.2514492631863,4.25,43.0,43.20951862726545,0.2586087778865984,1419.114160312693,"[0, 0, 1, 0]","[0, 0, 0, 1]"
2018-Indonesia_open-finals-1-2,12,9,00:09:19.100000,16773,B,,殺球,,,B2,107,168,1.0,,,12,11,,A2,149.0,729.0,2.0,0.0,289,-495,225,-353,237.0,-302.0,236.0,944.0,40.0,0.0,80.0,80.0,21.0,100.0,102.18121158021177,37.0,64.5,74.35892683464441,0.34885097104637675,155.7562197795003,"[0, 0, 0, 1]","[1, 0, 0, 0]"
2018-Indonesia_open-finals-1-2,12,10,00:09:19.500000,16785,A,,擋小球,,1.0,A2,149,729,2.0,,,12,11,,A1,285.0,340.0,2.0,1000.0,237,-302,236,944,373.0,-95.0,373.0,-95.0,20.0,90.0,0.0,40.0,38.0,12.75,40.081947307983924,45.0,1.0,45.0111097397076,0.08382757601171587,1246.0004012840445,"[1, 0, 0, 0]","[0, 0, 0, 1]"
2018-Indonesia_open-finals-1-2,12,11,00:09:20.200000,16806,B,,挑球,,1.0,A1,285,340,2.0,,,12,11,,B3,345.0,849.0,1.0,1000.0,373,-95,373,-95,389.0,-353.0,416.0,948.0,10.0,40.0,80.0,40.0,39.75,113.99999999999999,120.73136502168772,38.0,104.0,110.72488428533127,0.2314499135882319,0.0,"[0, 0, 0, 1]","[0, 1, 0, 0]"
2018-Indonesia_open-finals-1-2,12,12,00:09:21.200000,16837,A,,後場平球,,,B2,345,849,1.0,,,12,11,,B4,53.0,30.0,,1000.0,389,-353,416,948,214.0,-551.0,221.0,-511.0,80.0,30.0,40.0,60.0,9.5,33.25,34.58052197408246,26.5,26.0,37.12478956169314,0.012320939718850813,1301.2801389401131,"[0, 1, 0, 0]","[0, 0, 0, 1]"
2018-Indonesia_open-finals-1-2,12,13,00:09:22.200000,16867,B,,未擊球,,,B3,53,30,,落地,平球精準,13,11,A,,,,,2000.0,214,-551,221,-511,427.0,-220.0,310.0,844.0,40.0,50.0,10.0,10.0,51.0,16.25,53.52627859285568,55.25,12.25,56.591739679921496,0.0708835116386189,40.607881008493905,"[0, 0, 0, 1]","[1, 0, 0, 0]"
2018-Indonesia_open-finals-1-2,13,1,00:09:24.700000,16940,A,1.0,發長球,,1.0,A2,189,658,2.0,,,13,11,,A3,284.0,66.0,1.0,1000.0,427,-220,310,844,418.0,-486.0,442.0,-560.0,80.0,80.0,10.0,0.0,38.0,53.0,65.21502894272147,19.75,75.0,77.55683399933238,0.04119904259944776,1070.4134715146292,"[1, 0, 0, 0]","[0, 0, 0, 1]"
2018-Indonesia_open-finals-1-2,13,2,00:09:25.700000,16970,B,,長球,,,A3,284,66,1.0,,,13,11,,A4,122.0,886.0,1.0,2000.0,418,-486,442,-560,275.0,-432.0,231.0,1144.0,70.0,60.0,50.0,0.0,40.75,66.5,77.99238744903249,38.75,85.0,93.4160719576669,0.17109208047130645,77.79460135510689,"[0, 0, 0, 1]","[1, 0, 0, 0]"
2018-Indonesia_open-finals-1-2,13,3,00:09:27.200000,17015,A,,殺球,,,A3,122,886,1.0,,,13,11,,A2,319.0,210.0,2.0,0.0,275,-432,231,1144,255.0,-220.0,287.0,-220.0,0.0,10.0,60.0,10.0,27.5,42.75,50.83121580289025,56.49999999999999,102.25,116.82171245106791,0.2058761763779384,1576.614093556188,"[1, 0, 0, 0]","[0, 0, 0, 1]"
2018-Indonesia_open-finals-1-2,13,4,00:09:27.700000,17030,B,,擋小球,,1.0,C2,319,210,2.0,,,13,11,,B1,337.0,543.0,2.0,1000.0,255,-220,287,-220,385.0,-261.0,457.0,735.0,40.0,90.0,0.0,20.0,53.5,67.25,85.93493177980652,42.5,25.5,49.563091106185055,0.13348618842412124,32.0,"[0, 0, 0, 1]","[0, 1, 0, 0]"
2018-Indonesia_open-finals-1-2,13,5,00:09:28.700000,17062,A,,放小球,,,B1,337,543,2.0,,,13,11,,A1,349.0,423.0,2.0,1000.0,385,-261,457,735,469.0,49.0,457.0,-118.0,10.0,50.0,10.0,60.0,2.75,16.25,16.48104972384951,47.25,51.0,69.52382685094369,0.056460716431869694,998.5990186255943,"[0, 1, 0, 0]","[0, 0, 0, 1]"
2018-Indonesia_open-finals-1-2,13,6,00:09:29.500000,17086,B,,挑球,,1.0,C1,349,423,2.0,,,13,11,,A3,164.0,849.0,1.0,1000.0,469,49,457,-118,396.0,-196.0,268.0,531.0,30.0,40.0,90.0,10.0,66.75,189.0,200.44092022339152,57.75,147.25,158.16960833232153,0.23903910651699745,167.4305826305338,"[0, 0, 0, 1]","[0, 1, 0, 0]"
2018-Indonesia_open-finals-1-2,13,7,00:09:30.500000,17116,A,,長球,1.0,,A2,164,849,1.0,,,13,11,,B4,136.0,31.0,1.0,2000.0,396,-196,268,531,202.0,-707.0,226.0,-707.0,40.0,90.0,60.0,80.0,31.5,127.75,131.57626115679074,41.5,67.0,78.81148393476677,0.06156754420959147,738.1822268247861,"[0, 1, 0, 0]","[0, 0, 0, 1]"
2018-Indonesia_open-finals-1-2,13,8,00:09:32.300000,17168,B,,切球,,,A3,136,31,1.0,,,13,11,,B2,331.0,618.0,2.0,0.0,202,-707,226,-707,270.0,-707.0,434.0,799.0,10.0,40.0,70.0,40.0,5.25,151.0,151.09123899154443,0.75,151.0,151.00186257129414,0.6040670492586068,24.0,"[0, 0, 0, 1]","[0, 0, 1, 0]"
2018-Indonesia_open-finals-1-2,13,9,00:09:32.800000,17185,A,,擋小球,,,B1,331,618,2.0,,,13,11,,B2,95.0,308.0,2.0,1000.0,270,-707,434,799,223.0,-103.0,223.0,-103.0,0.0,10.0,40.0,10.0,2.5,92.75,92.78368660491994,58.99999999999999,62.74999999999999,86.13107743433841,0.16721991508190642,1514.9032972437547,"[0, 0, 1, 0]","[0, 0, 0, 1]"
2018-Indonesia_open-finals-1-2,13,10,00:09:33.800000,17214,B,,挑球,,,B1,95,308,2.0,,,13,11,,A3,91.0,775.0,1.0,1000.0,223,-103,223,-103,260.0,-336.0,198.0,1050.0,40.0,40.0,20.0,50.0,11.5,69.0,69.95176909842952,4.5,3.75,5.8576872569299905,0.07448867363566088,0.0,"[0, 0, 0, 1]","[1, 0, 0, 0]"
2018-Indonesia_open-finals-1-2,13,11,00:09:34.600000,17239,A,,切球,,1.0,C2,91,775,1.0,,,13,11,,B2,84.0,320.0,2.0,1000.0,260,-336,198,1050,177.0,-379.0,205.0,-118.0,30.0,90.0,50.0,0.0,0.75,35.25,35.25797782062948,23.75,7.5,24.90607355646409,0.0240283397493691,1387.3860313553687,"[1, 0, 0, 0]","[0, 0, 0, 1]"
2018-Indonesia_open-finals-1-2,13,12,00:09:35.600000,17268,B,,挑球,,,B1,84,320,2.0,,,13,11,,A3,90.0,861.0,1.0,2000.0,177,-379,205,-118,263.0,-477.0,103.0,1080.0,40.0,10.0,70.0,30.0,1.0,92.25,92.25541989498504,3.25,49.25,49.35711701467176,0.14151788756196157,262.497619036821,"[0, 0, 0, 1]","[0, 1, 0, 0]"
2018-Indonesia_open-finals-1-2,13,13,00:09:37.200000,17315,A,,殺球,,,C2,90,861,1.0,,,13,11,,B3,90.0,179.0,2.0,0.0,263,-477,103,1080,181.0,-748.0,192.0,-315.0,0.0,80.0,50.0,90.0,2.5,25.5,25.62225595063791,23.75,105.25,107.89636231124754,0.26671801588944083,1565.1993483259569,"[0, 1, 0, 0]","[0, 0, 0, 1]"
2018-Indonesia_open-finals-1-2,13,14,00:09:37.600000,17328,B,,擋小球,,,B2,90,179,2.0,,,13,11,,A1,100.0,539.0,1.0,1000.0,181,-748,192,-315,273.0,-579.0,198.0,659.0,0.0,0.0,90.0,70.0,32.5,0.0,32.5,29.749999999999996,108.25,112.26364059658853,0.2497448698171796,433.1397003277349,"[0, 0, 0, 1]","[0, 0, 1, 0]"
2018-Indonesia_open-finals-1-2,13,15,00:09:38.400000,17352,A,,平球,,1.0,C1,100,539,1.0,,,13,11,,A3,225.0,154.0,2.0,0.0,273,-579,198,659,311.0,-748.0,311.0,-748.0,70.0,0.0,40.0,30.0,24.25,65.0,69.37623872767966,51.0,10.75,52.120653295982386,0.21354741862171972,1240.2697287283925,"[0, 0, 1, 0]","[0, 0, 0, 1]"
2018-Indonesia_open-finals-1-2,13,16,00:09:38.800000,17364,B,,平球,,1.0,A2,225,154,2.0,,,13,11,,B2,283.0,627.0,2.0,1000.0,311,-748,311,-748,370.0,-319.0,402.0,702.0,10.0,80.0,70.0,30.0,24.75,94.5,97.68732005741585,28.249999999999996,170.75,173.07115588682015,0.27049318383279086,0.0,"[0, 0, 0, 1]","[0, 1, 0, 0]"
2018-Indonesia_open-finals-1-2,13,17,00:09:39.400000,17383,A,,擋小球,,,A1,283,627,2.0,,,13,11,,B2,81.0,315.0,2.0,1000.0,370,-319,402,702,212.0,-370.0,198.0,-65.0,70.0,90.0,0.0,40.0,0.75,2.25,2.3717082451262845,25.0,136.0,138.27870407260838,0.14036069606552967,1021.5013460588292,"[0, 1, 0, 0]","[0, 0, 0, 1]"
2018-Indonesia_open-finals-1-2,13,18,00:09:40.300000,17409,B,,挑球,,,B1,81,315,2.0,,,13,11,,B3,374.0,876.0,1.0,1000.0,212,-370,198,-65,367.0,-310.0,502.0,1246.0,80.0,40.0,60.0,70.0,3.0,61.0,61.073725938409886,19.0,30.75,36.14640369386697,0.03422079046427771,305.32114240582814,"[0, 0, 0, 1]","[1, 0, 0, 0]"
2018-Indonesia_open-finals-1-2,13,19,00:09:41.500000,17445,A,,切球,,,B3,374,876,1.0,,,13,11,,B1,93.0,363.0,2.0,1000.0,367,-310,502,1246,200.0,-126.0,274.0,-188.0,80.0,10.0,90.0,30.0,30.5,40.25,50.50061880808987,65.25,121.75,138.13263553556052,0.12573906513092897,1561.8453828724532,"[1, 0, 0, 0]","[0, 0, 0, 1]"
2018-Indonesia_open-finals-1-2,13,20,00:09:42.500000,17474,B,,擋小球,,,B1,93,363,2.0,,,13,11,,A1,96.0,504.0,2.0,1000.0,200,-126,274,-188,245.0,-149.0,241.0,759.0,70.0,90.0,50.0,10.0,71.75,145.25,162.00501535446364,61.25,109.74999999999999,125.68462515359626,0.19173361149724838,96.54014708917737,"[0, 0, 0, 1]","[0, 1, 0, 0]"
2018-Indonesia_open-finals-1-2,13,21,00:09:43.500000,17505,A,,挑球,,1.0,C1,96,504,2.0,,,13,11,,A3,327.0,67.0,1.0,2000.0,245,-149,241,759,487.0,-707.0,519.0,-627.0,50.0,60.0,10.0,40.0,43.75,91.0,100.9706021572616,10.25,36.0,37.4307694283727,0.051385255126781694,908.0088105299419,"[0, 1, 0, 0]","[0, 0, 0, 1]"
2018-Indonesia_open-finals-1-2,13,22,00:09:45.600000,17569,B,,切球,,,C3,327,67,1.0,,,13,11,,A1,140.0,534.0,2.0,1000.0,487,-707,519,-627,420.0,-513.0,282.0,903.0,90.0,40.0,70.0,40.0,60.25,143.5,155.63519042941414,68.25,123.50000000000001,141.10390674960067,0.2963127570659083,86.16263691415206,"[0, 0, 0, 1]","[0, 1, 0, 0]"
2018-Indonesia_open-finals-1-2,13,23,00:09:46.500000,17594,A,,擋小球,,1.0,A1,140,534,2.0,,,13,11,,B1,113.0,400.0,2.0,1000.0,420,-513,282,903,246.0,-133.0,246.0,-133.0,80.0,60.0,0.0,50.0,53.0,126.49999999999999,137.1541104014021,20.0,143.75,145.134635769688,0.07501041594338749,1422.7086841655253,"[0, 1, 0, 0]","[0, 0, 0, 1]"
2018-Indonesia_open-finals-1-2,13,24,00:09:47.400000,17623,B,,放小球,,,A1,113,400,2.0,,,13,11,,A1,103.0,511.0,2.0,1000.0,246,-133,246,-133,208.0,-7.0,202.0,328.0,20.0,50.0,10.0,50.0,8.0,13.75,15.907938269933034,10.25,13.75,17.150072886142496,0.03300473450885494,0.0,"[0, 0, 0, 1]","[0, 1, 0, 0]"
2018-Indonesia_open-finals-1-2,13,25,00:09:48.500000,17656,A,,放小球,,1.0,C1,103,511,2.0,,,13,11,,A1,291.0,447.0,1.0,1000.0,208,-7,202,328,278.0,-188.0,287.0,-188.0,30.0,50.0,20.0,0.0,45.75,36.25,58.37058334469513,28.000000000000004,87.5,91.87083323884681,0.14405944953386432,335.0537270349339,"[0, 1, 0, 0]","[0, 0, 0, 1]"
2018-Indonesia_open-finals-1-2,13,26,00:09:49.200000,17676,B,,撲球,,1.0,A1,291,447,1.0,,,13,11,,A3,127.0,823.0,,1000.0,278,-188,287,-188,391.0,138.0,314.0,678.0,70.0,0.0,80.0,0.0,6.75,0.0,6.75,2.0,0.0,2.0,0.002916666666666667,9.0,"[0, 0, 0, 1]","[1, 0, 0, 0]"
2018-Indonesia_open-finals-1-2,13,27,00:09:50,17699,A,,未擊球,,,A2,127,823,,落地,搶主動,13,12,B,,,,,5000.0,391,138,314,678,305.0,-188.0,295.0,-188.0,50.0,80.0,80.0,50.0,18.75,209.50000000000003,210.33737780052311,32.0,143.75,147.268674537391,0.10196482987095229,545.4621893403795,"[1, 0, 0, 0]","[0, 0, 0, 1]"
2018-Indonesia_open-finals-1-2,14,1,00:09:55.200000,17855,B,1.0,發長球,,,A2,182,273,2.0,,,13,12,,B4,313.0,921.0,1.0,2000.0,305,-188,295,-188,466.0,976.0,442.0,1253.0,0.0,0.0,0.0,0.0,35.0,17.5,39.131189606246316,37.5,17.5,41.382363393117124,0.05367080729368206,10.0,"[0, 0, 0, 1]","[0, 0, 0, 1]"
2018-Indonesia_open-finals-1-2,14,2,00:09:57.200000,17915,A,,切球,,,A3,313,921,1.0,,,13,12,,A1,329.0,364.0,2.0,1000.0,466,976,442,1253,445.0,-118.0,445.0,-118.0,70.0,40.0,90.0,60.0,25.75,321.5,322.52955290949694,40.25,58.49999999999999,71.0092423561891,0.7713779877595679,278.03776721877193,"[0, 0, 0, 1]","[0, 0, 0, 1]"
2018-Indonesia_open-finals-1-2,14,3,00:09:58,17940,B,,挑球,,1.0,C1,329,364,2.0,,,13,12,,A3,99.0,822.0,1.0,0.0,445,-118,445,-118,363.0,-310.0,281.0,1019.0,0.0,10.0,10.0,10.0,47.5,52.24999999999999,70.6138265497629,44.75,52.24999999999999,68.79407677990889,0.27878531166472886,0.0,"[0, 0, 0, 1]","[1, 0, 0, 0]"
2018-Indonesia_open-finals-1-2,14,4,00:09:58.900000,17968,A,,平球,,1.0,C2,99,822,1.0,,,13,12,,B2,155.0,208.0,1.0,1000.0,363,-310,281,1019,255.0,-327.0,266.0,-327.0,40.0,90.0,60.0,90.0,19.0,60.25,63.17485654910504,9.0,22.75,24.465536985727496,0.16720047846821492,1331.5273185331198,"[1, 0, 0, 0]","[0, 0, 0, 1]"
2018-Indonesia_open-finals-1-2,14,5,00:09:59.400000,17981,B,,平球,,,A2,155,208,1.0,,,13,12,,A2,194.0,708.0,1.0,0.0,255,-327,266,-327,287.0,-551.0,317.0,928.0,10.0,90.0,10.0,30.0,14.749999999999998,59.75,61.54368367265644,2.25,30.75,30.832207186641703,0.18416568627190028,11.0,"[0, 0, 0, 1]","[0, 1, 0, 0]"
2018-Indonesia_open-finals-1-2,14,6,00:09:59.900000,17997,A,,擋小球,,,A2,194,708,1.0,,,13,12,,B1,106.0,355.0,2.0,1000.0,287,-551,317,928,196.0,-88.0,257.0,-204.0,80.0,90.0,10.0,30.0,8.0,94.75,95.08713109564302,19.75,51.74999999999999,55.39065805711284,0.051176776959867255,1479.3042283452041,"[0, 1, 0, 0]","[0, 0, 0, 1]"
2018-Indonesia_open-finals-1-2,14,7,00:10:00.600000,18019,B,,放小球,,,B1,106,355,2.0,,,13,12,,A1,93.0,511.0,2.0,1000.0,196,-88,257,-204,255.0,-172.0,238.0,721.0,60.0,10.0,0.0,60.0,91.5,149.75,175.4916308545795,72.5,101.0,124.32718930306436,0.19974601929005298,131.06105447462264,"[0, 0, 0, 1]","[0, 1, 0, 0]"
2018-Indonesia_open-finals-1-2,14,8,00:10:01.600000,18047,A,,挑球,,1.0,C1,93,511,2.0,,,13,12,,C4,410.0,6.0,,2000.0,255,-172,238,721,562.0,-687.0,547.0,-608.0,,,,,,,,,,,,,"[0, 1, 0, 0]","[0, 0, 0, 1]"
2018-Indonesia_open-finals-1-2,14,9,00:10:03.300000,18098,B,,未擊球,,,E3,410,6,,出界,對手失誤,13,13,B,,,,,,562,-687,547,-608,,,,,,,,,,,,,,,,,"[0, 0, 0, 1]",
