rally,ball_round,time,frame_num,player,server,type,aroundhead,backhand,hit_area,hit_x,hit_y,hit_height,lose_reason,win_reason,roundscore_A,roundscore_B,getpoint_player,landing_area,landing_x,landing_y,landing_height,flying_time,now_right_x,now_right_y,now_left_x,now_left_y,next_right_x,next_right_y,next_left_x,next_left_y,right_delta_x,right_delta_y,left_delta_x,left_delta_y,right_x_speed,right_y_speed,right_speed,left_x_speed,left_y_speed,left_speed,avg_ball_speed,left_right_distance,hitting_area_number,landing_area_number
20.0,12.0,01:02:23.880,93597.0,B,,未過網,,,D2,21.0,196.0,2.0,出界,對方失誤,12,8,A,,,,,,75,145,209,1035,,,,,80.0,30.0,70.0,90.0,56.99999999999999,1.7500000000000002,57.02685770757495,49.25,22.75,54.25057603380816,0.012980729055567679,900.0311105734067,1,
21.0,1.0,01:02:39.880,93997.0,A,1.0,發小球,,,B2,158.0,255.0,2.0,,,12,8,,B1,264.0,588.0,2.0,,,,,,303,138,406,944,30.0,0.0,60.0,50.0,29.249999999999996,27.5,40.14738472179726,48.5,18.75,51.99819708412976,,812.5546135491447,,1
21.0,2.0,01:02:40.680,94017.0,B,,挑球,,1.0,B1,264.0,588.0,2.0,,,12,8,,B3,57.0,54.0,2.0,1080.0,303,138,406,944,168,49,243,131,10.0,80.0,30.0,60.0,5.25,23.0,23.59157688667716,11.749999999999998,51.0,52.33605353864581,0.09780101769664772,111.12605455067681,1,2
21.0,3.0,01:02:41.760,94044.0,A,,平球,,,B3,57.0,54.0,2.0,,,12,8,,A2,81.0,745.0,2.0,520.0,168,49,243,131,186,28,212,1019,90.0,40.0,10.0,0.0,0.25,21.5,21.50145343924452,15.25,0.0,15.25,0.09523708262352626,991.3410109543537,2,1
21.0,4.0,01:02:42.280,94057.0,B,,挑球,,1.0,A2,81.0,745.0,2.0,,,12,8,,B4,90.0,45.0,1.0,1040.0,186,28,212,1019,189,-43,196,-73,70.0,50.0,90.0,50.0,41.75,71.25,82.58102082197821,59.75,238.75,246.11303297468828,0.03197006519248373,30.805843601498726,1,4
21.0,5.0,01:02:43.320,94083.0,A,,殺球,,,B4,90.0,45.0,1.0,,,12,8,,B3,358.0,761.0,2.0,600.0,189,-43,196,-73,185,-58,273,1019,80.0,90.0,80.0,20.0,2.0,42.25,42.29731078922158,17.0,20.5,26.63174797117155,0.5261186733815377,1080.5891911360209,4,1
21.0,6.0,01:02:43.920,94098.0,B,,擋小球,,,B3,358.0,761.0,2.0,,,12,8,,A1,342.0,465.0,2.0,640.0,185,-58,273,1019,356,242,435,882,60.0,0.0,60.0,20.0,23.499999999999996,40.0,46.39234850705448,66.0,177.0,188.904737897174,,644.8573485663321,1,1
21.0,7.0,01:02:44.560,94114.0,B,,掛網球,,,A1,342.0,465.0,2.0,未回擊成功,殺球得分,13,8,A,,,,,,356,242,435,882,,,,,90.0,20.0,80.0,90.0,34.75,43.0,55.28618724419327,9.5,227.25,227.44848317805946,,40.8166632639171,1,
22.0,1.0,01:03:17.440,94936.0,A,1.0,發小球,,,B2,168.0,248.0,2.0,,,13,8,,A2,93.0,610.0,2.0,,,,,,,,,,20.0,10.0,20.0,50.0,52.0,39.75,65.45275013320678,54.5,13.75,56.20776191950717,,965.6251860841245,,
22.0,2.0,01:03:18.320,94958.0,B,,挑球,,1.0,A2,93.0,610.0,2.0,,,13,8,,A4,271.0,41.0,1.0,,,,,,291,28,270,63,40.0,40.0,70.0,30.0,16.0,26.5,30.955613384328213,49.25,64.25,80.95446250825213,,65.0,,3
22.0,3.0,01:03:19.440,94986.0,A,,長球,1.0,,A4,271.0,41.0,1.0,,,13,8,,B3,335.0,851.0,1.0,1160.0,291,28,270,63,320,56,456,1012,20.0,90.0,30.0,90.0,8.0,14.749999999999998,16.779824194549835,5.75,32.25,32.758586660599384,0.07450389033189325,94.33981132056604,3,1
22.0,4.0,01:03:20.600,95015.0,B,,殺球,,,B3,335.0,851.0,1.0,,,13,8,,B3,83.0,180.0,2.0,600.0,320,56,456,1012,299,197,338,145,70.0,60.0,0.0,90.0,3.25,8.5,9.100137361600648,45.0,2.25,45.056214887626766,0.24794495116102738,687.8001163128719,1,2
22.0,5.0,01:03:21.200,95030.0,A,,擋小球,,,B3,83.0,180.0,2.0,,,13,8,,B1,69.0,466.0,2.0,720.0,299,197,338,145,226,216,192,304,50.0,40.0,10.0,80.0,41.25,3.5000000000000004,41.398218560706205,50.24999999999999,38.0,63.00049602979328,0.018111688259897108,901.8785949339301,2,2
22.0,6.0,01:03:21.920,95048.0,A,,掛網球,,,B1,69.0,466.0,2.0,未回擊成功,殺球得分,13,9,B,,,,,29520.0,226,216,192,304,438,369,376,1054,10.0,10.0,30.0,90.0,20.25,5.25,20.91948852147203,63.24999999999999,47.25,78.95014249512157,,51.0,2,2
23.0,1.0,01:03:51.440,95786.0,B,1.0,發長球,,,B2,229.0,701.0,2.0,,,13,9,,A4,270.0,26.0,1.0,,438,369,376,1054,,,,,20.0,90.0,60.0,60.0,52.0,82.25,97.30910800125547,63.5,93.99999999999999,113.43830922576376,0.0772026614973432,750.483177692878,2,
23.0,2.0,01:03:53.400,95835.0,A,,長球,1.0,,A4,270.0,26.0,1.0,,,13,9,,B3,356.0,863.0,1.0,,,,,,230,210,158,1109,90.0,50.0,40.0,20.0,50.24999999999999,56.25,75.42628852064776,51.5,19.5,55.06813960903346,,81.6333265278342,,2
23.0,3.0,01:03:54.280,95857.0,B,,切球,,,B3,356.0,863.0,1.0,,,13,9,,A1,306.0,340.0,2.0,920.0,230,210,158,1109,176,-80,227,-80,0.0,20.0,60.0,0.0,22.5,7.000000000000001,23.56374333589636,71.5,55.0,90.20670706771199,0.10544589501091496,798.0707988643614,2,4
23.0,4.0,01:03:55.200,95880.0,A,,挑球,,1.0,A1,306.0,340.0,2.0,,,13,9,,A3,138.0,866.0,1.0,1200.0,176,-80,227,-80,294,104,355,852,20.0,90.0,40.0,90.0,5.5,30.25,30.745934690622107,6.5,2.25,6.878408246098802,0.04150001384451682,123.69316876852982,4,1
23.0,5.0,01:03:56.400,95910.0,B,,長球,1.0,,A3,138.0,866.0,1.0,,,13,9,,B4,83.0,29.0,2.0,1160.0,294,104,355,852,208,-21,250,49,70.0,0.0,70.0,0.0,40.75,80.0,89.78063543994328,25.75,62.5,67.59669000772153,0.04678183542508401,961.2684328531756,1,3
23.0,6.0,01:03:57.560,95939.0,A,,過渡切球,,,B4,83.0,29.0,2.0,,,13,9,,B1,322.0,597.0,2.0,920.0,208,-21,250,49,281,70,175,861,30.0,50.0,90.0,90.0,11.749999999999998,46.25,47.71923092423012,20.25,170.25,171.45006561678534,0.09054447785003678,58.52349955359813,3,1
23.0,7.0,01:03:58.480,95962.0,B,,挑球,,,B1,322.0,597.0,2.0,,,13,9,,B4,78.0,40.0,2.0,1240.0,281,70,175,861,373,-7,451,-103,20.0,0.0,40.0,10.0,27.0,62.5,68.08267033540915,6.0,162.75,162.86056152426835,0.08652031467073672,658.8300236024463,1,4
23.0,8.0,01:03:59.720,95993.0,A,,過渡切球,,,B4,78.0,40.0,2.0,,,13,9,,A1,89.0,577.0,2.0,1040.0,373,-7,451,-103,362,91,428,1050,0.0,90.0,90.0,0.0,27.5,80.25,84.83108215742624,17.75,67.5,69.79478848739353,0.1727240228837928,1074.2052876429161,4,1
23.0,9.0,01:04:00.760,96019.0,B,,挑球,,1.0,A1,89.0,577.0,2.0,,,13,9,,A4,262.0,36.0,1.0,1400.0,362,91,428,1050,165,322,197,273,50.0,50.0,80.0,50.0,26.25,8.75,27.669929526473318,9.5,6.25,11.37156541554416,0.10016971623576887,80.8084154033477,1,2
23.0,10.0,01:04:02.160,96054.0,A,,長球,1.0,,A4,262.0,36.0,1.0,,,13,9,,B2,331.0,739.0,1.0,760.0,165,322,197,273,161,316,222,972,20.0,90.0,90.0,10.0,8.0,14.749999999999998,16.779824194549835,14.749999999999998,25.25,29.242520411209426,,899.1935275567769,2,2
23.0,11.0,01:04:02.920,96073.0,B,,長球,,,B2,331.0,739.0,1.0,,,13,9,,A4,306.0,46.0,1.0,,161,316,222,972,,,,,60.0,70.0,40.0,80.0,6.5,1.7500000000000002,6.73145600891813,6.0,27.0,27.65863337187866,,690.8871108943921,2,
23.0,12.0,01:04:04.720,96118.0,A,,長球,1.0,,A4,306.0,46.0,1.0,,,13,9,,A3,83.0,850.0,1.0,,,,,,,,,,50.0,50.0,60.0,0.0,51.24999999999999,51.24999999999999,72.47844507162112,16.5,27.5,32.07023542164915,,55.154328932550705,,
23.0,13.0,01:04:05.760,96144.0,B,,長球,1.0,,A3,83.0,850.0,1.0,,,13,9,,B4,99.0,25.0,1.0,,,,,,,,,,10.0,50.0,20.0,90.0,12.75,8.75,15.463667094192115,7.000000000000001,35.25,35.93831520814519,,816.081491028929,,
23.0,14.0,01:04:07.360,96184.0,A,,長球,,,B4,99.0,25.0,1.0,,,13,9,,A2,75.0,706.0,1.0,,,,,,178,49,157,1123,10.0,90.0,20.0,60.0,7.75,60.25,60.74639907023296,43.0,66.0,78.77182237323191,,49.8196748283246,,1
23.0,15.0,01:04:08.000,96200.0,B,,擋小球,,1.0,A2,75.0,706.0,1.0,,,13,9,,B1,78.0,360.0,2.0,1000.0,178,49,157,1123,91,-126,144,-65,90.0,90.0,30.0,10.0,22.25,50.24999999999999,54.95566394831383,16.75,10.25,19.637336886655483,0.10426435748340182,51.62363799656123,1,4
23.0,16.0,01:04:09.000,96225.0,A,,挑球,,,B1,78.0,360.0,2.0,,,13,9,,A3,59.0,857.0,2.0,1160.0,91,-126,144,-65,268,21,443,903,60.0,50.0,60.0,0.0,23.499999999999996,83.75,86.98455322642062,26.0,77.5,81.74503042999005,,863.588443646625,4,1
23.0,17.0,01:04:10.160,96254.0,B,,長球,,1.0,A3,59.0,857.0,2.0,,,13,9,,B3,70.0,69.0,1.0,,268,21,443,903,,,,,0.0,0.0,80.0,10.0,47.5,80.0,93.03897032964197,5.5,2.75,6.149186938124422,,47.0,1,
23.0,18.0,01:04:11.240,96281.0,A,,切球,,,B3,70.0,69.0,1.0,,,13,9,,B2,340.0,627.0,2.0,,,,,,,,,,70.0,20.0,20.0,30.0,30.75,89.5,94.63515467309175,39.5,79.25,88.54836249191737,,914.9972677554836,,
23.0,19.0,01:04:12.080,96302.0,B,,未擊球,,,B2,340.0,627.0,2.0,落地,切球質量高,14,9,A,,,,,,,,,,,,,,70.0,70.0,0.0,40.0,3.25,33.25,33.40845701315761,15.0,28.499999999999996,32.20636583037583,,85.0881895447306,,
24.0,1.0,01:04:39.880,96997.0,A,1.0,發小球,,,B2,150.0,253.0,2.0,,,14,9,,B2,353.0,618.0,2.0,,,,,,314,184,404,869,20.0,70.0,20.0,0.0,4.5,94.25,94.35736590219123,7.000000000000001,100.0,100.24470060806208,,1015.5555130075362,,1
24.0,2.0,01:04:40.640,97016.0,B,,挑球,,,B2,353.0,618.0,2.0,,,14,9,,A3,336.0,59.0,1.0,1200.0,314,184,404,869,451,14,400,35,0.0,10.0,40.0,20.0,2.5,25.25,25.373460544435005,4.0,39.5,39.702015062210634,0.026940241781003654,83.86894538504703,1,3
24.0,3.0,01:04:41.840,97046.0,A,,切球,,1.0,A3,336.0,59.0,1.0,,,14,9,,B1,292.0,598.0,2.0,880.0,451,14,400,35,336,63,378,878,60.0,0.0,10.0,70.0,18.5,107.5,109.08024569095909,7.249999999999999,75.75,76.09615627612212,0.16729040520621816,837.0292706948784,3,1
24.0,4.0,01:04:42.720,97068.0,B,,放小球,,,B1,292.0,598.0,2.0,,,14,9,,A1,239.0,341.0,2.0,1000.0,336,63,378,878,288,334,297,285,30.0,30.0,0.0,20.0,0.75,16.75,16.766782637107216,37.5,53.0,64.92495668077107,0.17786456215091245,107.48023074035522,1,1
24.0,5.0,01:04:43.720,97093.0,A,,放小球,,1.0,A1,239.0,341.0,2.0,,,14,9,,A1,299.0,466.0,2.0,440.0,288,334,297,285,289,248,297,197,10.0,40.0,10.0,40.0,17.75,71.0,73.18512485471348,20.25,48.5,52.557706380701205,0.013199212350633566,1091.2424111992716,1,2
24.0,6.0,01:04:44.160,97104.0,A,,掛網球,,,A1,299.0,466.0,2.0,未回擊成功,對方失誤,14,10,B,,,,,15080.0,289,248,297,197,180,84,321,936,90.0,0.0,50.0,60.0,15.25,0.0,15.25,26.25,56.00000000000001,61.84708966475302,0.018051853442836142,120.65239326262865,2,1
25.0,1.0,01:04:59.240,97481.0,B,1.0,發長球,,,B4,236.0,678.0,2.0,,,14,10,,B2,121.0,6.0,1.0,2040.0,180,84,321,936,179,-73,226,-73,40.0,40.0,0.0,40.0,41.0,61.5,73.91380114701178,37.5,96.5,103.53018883398212,0.024887018042595403,770.0162335951106,1,4
25.0,2.0,01:05:01.280,97532.0,A,,切球,,,B2,121.0,6.0,1.0,,,14,10,,B4,313.0,616.0,2.0,840.0,179,-73,226,-73,285,49,359,961,70.0,40.0,60.0,40.0,38.25,18.5,42.48896915671172,43.5,53.5,68.95288246331694,0.04695610261380358,67.53517601961218,4,1
25.0,3.0,01:05:02.120,97553.0,B,,挑球,,,B4,313.0,616.0,2.0,,,14,10,,B2,110.0,33.0,1.0,1120.0,285,49,359,961,211,-14,285,28,10.0,50.0,50.0,80.0,40.25,43.75,59.448507130120596,31.25,29.499999999999996,42.97455642586669,0.028499855009055573,1017.8668871714021,1,3
25.0,4.0,01:05:03.240,97581.0,A,,長球,,,B2,110.0,33.0,1.0,,,14,10,,B3,315.0,864.0,1.0,1080.0,211,-14,285,28,311,56,383,1069,70.0,20.0,0.0,40.0,5.75,75.5,75.71864037342456,20.0,38.5,43.38490520907012,0.12366993619272967,42.5440947723653,3,1
25.0,5.0,01:05:04.320,97608.0,B,,切球,,,B3,315.0,864.0,1.0,,,14,10,,A2,316.0,275.0,2.0,600.0,311,56,383,1069,416,191,351,138,30.0,0.0,20.0,80.0,16.75,25.0,30.092565527053356,56.99999999999999,4.5,57.17735565763775,0.03389580772381741,759.5182683780555,1,2
25.0,6.0,01:05:04.920,97623.0,A,,放小球,,1.0,A2,316.0,275.0,2.0,,,14,10,,B1,322.0,599.0,2.0,1000.0,416,191,351,138,362,91,355,928,60.0,10.0,30.0,30.0,1.0,7.75,7.814249804043892,8.25,20.75,22.329912673362607,0.11935829564510547,111.60645142642964,2,1
25.0,7.0,01:05:05.920,97648.0,B,,挑球,,,B1,322.0,599.0,2.0,,,14,10,,A4,326.0,45.0,1.0,1280.0,362,91,355,928,447,-50,523,-126,10.0,50.0,20.0,80.0,5.25,16.25,17.077031357938065,5.5,17.0,17.867568385205637,0.04806708865052957,1056.3001467386057,1,4
25.0,8.0,01:05:07.200,97680.0,A,,殺球,1.0,,A4,326.0,45.0,1.0,,,14,10,,B3,336.0,747.0,2.0,400.0,447,-50,523,-126,451,-110,288,969,50.0,90.0,80.0,30.0,11.25,32.75,34.628384311139904,9.5,6.75,11.653862020806665,0.27205911407351946,76.0,4,1
25.0,9.0,01:05:07.600,97690.0,B,,擋小球,,,B3,336.0,747.0,2.0,,,14,10,,A2,218.0,274.0,1.0,840.0,451,-110,288,969,353,285,419,184,0.0,60.0,70.0,60.0,32.5,56.00000000000001,64.74758682761852,23.25,36.0,42.85513388148496,0.14451148542733627,813.7530337885077,1,2
25.0,10.0,01:05:08.440,97711.0,A,,撲球,,,A2,218.0,274.0,1.0,,,14,10,,A2,127.0,725.0,2.0,520.0,353,285,419,184,261,210,266,980,30.0,60.0,50.0,30.0,21.75,46.0,50.88283109261905,23.75,24.25,33.94296687091451,0.19040465691977207,153.11433636338563,2,1
25.0,11.0,01:05:08.960,97724.0,B,,防守回挑,,1.0,A2,127.0,725.0,2.0,,,14,10,,B4,162.0,38.0,1.0,1400.0,261,210,266,980,230,-73,261,-133,10.0,50.0,10.0,10.0,0.25,31.25,31.25099998400051,47.75,10.25,48.83774155302434,0.014966684258449292,41.0,1,4
25.0,12.0,01:05:10.360,97759.0,A,,長球,,,B4,162.0,38.0,1.0,,,14,10,,A3,138.0,875.0,1.0,1120.0,230,-73,261,-133,248,77,206,1094,70.0,90.0,20.0,90.0,5.75,139.75,139.8682415704151,3.0,227.25,227.26980111752638,0.18357557932640903,718.8525579004362,4,1
25.0,13.0,01:05:11.480,97787.0,B,,切球,1.0,,A3,138.0,875.0,1.0,,,14,10,,B2,113.0,297.0,2.0,1000.0,248,77,206,1094,212,304,233,267,60.0,60.0,50.0,20.0,6.0,84.0,84.2140130857092,13.75,57.99999999999999,59.607570827873865,0.015355348144781455,1004.4082835182115,1,2
25.0,14.0,01:05:12.480,97812.0,A,,放小球,,,B2,113.0,297.0,2.0,,,14,10,,A2,82.0,611.0,2.0,1040.0,212,304,233,267,238,178,190,936,0.0,30.0,40.0,80.0,65.0,36.75,74.66968929893842,28.499999999999996,38.0,47.5,0.14686534205660942,24.20743687382041,2,1
25.0,15.0,01:05:13.520,97838.0,B,,挑球,,1.0,A2,82.0,611.0,2.0,,,14,10,,B4,61.0,31.0,1.0,1480.0,238,178,190,936,138,-126,204,-36,40.0,40.0,30.0,0.0,24.0,31.5,39.60113634733226,18.25,20.0,27.075126961844518,0.034413337207800376,1096.6284694462386,1,4
25.0,16.0,01:05:15.000,97875.0,A,,長球,,,B4,61.0,31.0,1.0,,,14,10,,A3,69.0,881.0,1.0,1520.0,138,-126,204,-36,241,111,40,1148,70.0,80.0,30.0,80.0,9.25,12.0,15.15132007450176,39.25,42.0,57.485324214098334,0.12293761917485384,49.0,4,2
25.0,17.0,01:05:16.520,97913.0,B,,殺球,1.0,,A3,69.0,881.0,1.0,,,14,10,,B3,77.0,168.0,2.0,520.0,241,111,40,1148,209,158,285,158,0.0,50.0,30.0,20.0,2.5,31.25,31.34984050996113,55.75,42.0,69.80016117459901,0.073166836273745,971.1977141653496,2,2
25.0,18.0,01:05:17.040,97926.0,A,,擋小球,,,B3,77.0,168.0,2.0,,,14,10,,A1,74.0,584.0,2.0,1040.0,209,158,285,158,180,111,145,924,10.0,60.0,80.0,50.0,17.75,44.0,47.4453633140268,56.99999999999999,218.75,226.0543352824714,0.15475993880216105,1060.5743726868004,2,1
25.0,19.0,01:05:18.080,97952.0,B,,挑球,,1.0,A1,74.0,584.0,2.0,,,14,10,,A4,283.0,47.0,1.0,1240.0,180,111,145,924,373,-88,435,-228,10.0,80.0,40.0,20.0,12.75,49.5,51.11567763416621,21.5,182.0,183.26551776043414,,883.1240003532913,1,4
25.0,20.0,01:05:19.320,97983.0,A,,長球,1.0,,A4,283.0,47.0,1.0,,,14,10,,B4,215.0,911.0,1.0,,373,-88,435,-228,,,,,20.0,30.0,30.0,50.0,10.5,13.25,16.905990062696713,6.75,13.75,15.317473682040388,0.08252730890363524,108.16653826391968,4,
25.0,21.0,01:05:21.200,98030.0,B,,切球,,,B4,215.0,911.0,1.0,,,14,10,,A2,350.0,302.0,2.0,,,,,,220,-14,261,-14,60.0,60.0,60.0,60.0,34.0,26.5,43.107423954581186,41.5,44.0,60.48346881586737,,50.00999900019995,,4
25.0,22.0,01:05:21.960,98049.0,A,,挑球,,1.0,A2,350.0,302.0,2.0,,,14,10,,A3,118.0,863.0,1.0,1240.0,220,-14,261,-14,188,398,318,1105,40.0,10.0,60.0,0.0,9.0,52.74999999999999,53.51226494926187,21.0,130.0,131.68523075880606,,494.2590413942875,4,2
25.0,23.0,01:05:23.200,98080.0,B,,長球,1.0,,A3,118.0,863.0,1.0,,,14,10,,B3,89.0,67.0,1.0,,188,398,318,1105,,,,,10.0,60.0,10.0,40.0,34.75,41.5,54.12774242474924,29.749999999999996,61.0,67.86797845818012,0.06509481225313125,47.042533945356304,2,
25.0,24.0,01:05:24.240,98106.0,A,,長球,,,B3,89.0,67.0,1.0,,,14,10,,B3,345.0,878.0,2.0,,,,,,349,223,443,1223,10.0,0.0,30.0,30.0,9.75,127.49999999999999,127.87225070358305,14.249999999999998,69.25,70.70095473188464,,606.1394229053246,,2
25.0,25.0,01:05:25.440,98136.0,B,,過渡切球,,,B3,345.0,878.0,2.0,,,14,10,,B2,118.0,324.0,2.0,920.0,349,223,443,1223,408,254,393,235,30.0,40.0,40.0,40.0,1.7500000000000002,24.0,24.06371750166628,16.0,44.0,46.8187996428785,,51.088159097779204,2,2
25.0,26.0,01:05:26.360,98159.0,A,,挑球,,,B2,118.0,324.0,2.0,,,14,10,,B4,359.0,910.0,2.0,,408,254,393,235,,,,,,,,,,,,,,,,90.78546139112804,2,
25.0,27.0,01:05:27.720,98193.0,B,,過渡切球,,,B4,359.0,910.0,2.0,,,14,10,,A1,310.0,465.0,2.0,,,,,,,,,,,,,,,,,,,,,798.3445371517238,,
25.0,28.0,01:05:28.040,98201.0,B,,掛網球,,,A1,310.0,465.0,2.0,未回擊成功,對方失誤,15,10,A,,,,,,,,,,,,,,,,,,,,,,,,,164.12495239907915,,
26.0,1.0,01:05:55.720,98893.0,A,1.0,發小球,,,B2,176.0,266.0,2.0,,,15,10,,A1,147.0,602.0,2.0,,,,,,190,-118,335,969,,,,,,,,,,,,968.0960696129284,,1
26.0,2.0,01:05:56.520,98913.0,B,,放小球,,1.0,A1,147.0,602.0,2.0,,,15,10,,A1,291.0,396.0,2.0,800.0,190,-118,335,969,288,35,337,35,,,,,,,,,,,0.1367704439443504,513.2562712719641,1,3
26.0,3.0,01:05:57.320,98933.0,A,,放小球,,1.0,A1,291.0,396.0,2.0,,,15,10,,B1,327.0,547.0,2.0,880.0,288,35,337,35,167,184,415,1123,,,,,,,,,,,,453.467749680173,3,2
26.0,4.0,01:05:58.200,98955.0,B,,挑球,,,B1,327.0,547.0,2.0,,,15,10,,B4,129.0,16.0,1.0,,167,184,415,1123,,,,,,,,,,,,,,,0.047250707538639004,100.26464980241042,2,
26.0,5.0,01:06:00.080,99002.0,A,,長球,,,B4,129.0,16.0,1.0,,,15,10,,B3,341.0,872.0,1.0,,,,,,100,84,187,1141,,,,,,,,,,,,811.1405550211381,,1
26.0,6.0,01:06:01.440,99036.0,B,,切球,,,B3,341.0,872.0,1.0,,,15,10,,D2,9.0,211.0,2.0,,100,84,187,1141,,,,,,,,,,,,,,,,62.369864518050704,1,
26.0,7.0,01:06:02.280,99057.0,A,,未擊球,,,D2,9.0,211.0,2.0,出界,對方失誤,16,10,A,,,,,,,,,,,,,,,,,,,,,,,,,109.16501271011697,,
27.0,1.0,01:06:21.480,99537.0,A,1.0,發小球,,,B2,153.0,260.0,2.0,,,16,10,,B2,284.0,611.0,2.0,,,,,,348,279,156,1141,,,,,,,,,,,,976.5336655743108,,2
27.0,2.0,01:06:22.040,99551.0,B,,放小球,,1.0,B2,284.0,611.0,2.0,,,16,10,,A1,312.0,381.0,2.0,920.0,348,279,156,1141,411,273,375,171,,,,,,,,,,,,70.0,2,2
27.0,3.0,01:06:22.960,99574.0,A,,挑球,,1.0,A1,312.0,381.0,2.0,,,16,10,,A4,105.0,918.0,1.0,,411,273,375,171,,,,,,,,,,,,,,,0.019870063899540037,883.1789173208336,2,
27.0,4.0,01:06:25.040,99626.0,B,,切球,1.0,,A4,105.0,918.0,1.0,,,16,10,,A1,329.0,328.0,2.0,,,,,,407,304,408,254,,,,,,,,,,,,996.2554893198833,,2
27.0,5.0,01:06:25.920,99648.0,A,,挑球,,1.0,A1,329.0,328.0,2.0,,,16,10,,B3,306.0,842.0,1.0,1120.0,407,304,408,254,383,328,399,822,,,,,,,,,,,0.03425941079454278,93.7709976485267,2,1
27.0,6.0,01:06:27.040,99676.0,B,,切球,,,B3,306.0,842.0,1.0,,,16,10,,A1,306.0,328.0,2.0,920.0,383,328,399,822,428,369,430,322,,,,,,,,,,,0.03953874681878524,965.3792001073982,1,1
27.0,7.0,01:06:27.960,99699.0,A,,放小球,,1.0,A1,306.0,328.0,2.0,,,16,10,,B1,329.0,553.0,2.0,1080.0,428,369,430,322,338,197,437,795,,,,,,,,,,,0.10343607824064452,809.830229122129,1,1
27.0,8.0,01:06:29.040,99726.0,B,,放小球,,,B1,329.0,553.0,2.0,,,16,10,,A1,333.0,368.0,2.0,1000.0,338,197,437,795,298,145,337,178,,,,,,,,,,,,38.28837943815329,1,2
27.0,9.0,01:06:30.040,99751.0,A,,放小球,,1.0,A1,333.0,368.0,2.0,,,16,10,,B1,344.0,592.0,2.0,,298,145,337,178,,,,,,,,,,,,,,,,691.2712926196198,2,
27.0,10.0,01:06:31.120,99778.0,B,,放小球,,,B1,344.0,592.0,2.0,,,16,10,,A1,100.0,496.0,2.0,,,,,,,,,,,,,,,,,,,,,111.83022847155415,,
27.0,11.0,01:06:32.320,99808.0,B,,掛網球,,,A1,100.0,496.0,2.0,未回擊成功,對方失誤,17,10,A,,,,,,,,,,,,,,,,,,,,,,,,,70.09279563550022,,
28.0,1.0,01:06:52.400,100310.0,A,1.0,發小球,,,B2,181.0,245.0,2.0,,,17,10,,A2,154.0,625.0,2.0,,,,,,,,,,,,,,,,,,,,,964.664190275559,,
28.0,2.0,01:06:53.280,100332.0,B,,挑球,,1.0,A2,154.0,625.0,2.0,,,17,10,,B4,97.0,49.0,1.0,,,,,,254,35,313,104,,,,,,,,,,,,144.91721774861674,,3
28.0,3.0,01:06:54.160,100354.0,A,,長球,,,B4,97.0,49.0,1.0,,,17,10,,A1,81.0,581.0,2.0,1200.0,254,35,313,104,236,125,163,920,,,,,,,,,,,0.07608885899269299,1039.729291690871,3,1
28.0,4.0,01:06:55.360,100384.0,B,,挑球,,1.0,A1,81.0,581.0,2.0,,,17,10,,B4,83.0,43.0,1.0,1000.0,236,125,163,920,167,-149,218,7,,,,,,,,,,,0.05694863868447711,123.00406497347964,1,4
28.0,5.0,01:06:56.360,100409.0,A,,殺球,,,B4,83.0,43.0,1.0,,,17,10,,D3,410.0,850.0,2.0,840.0,167,-149,218,7,237,0,354,961,,,,,,,,,,,0.05027538397108141,954.7565134629876,4,1
28.0,6.0,01:06:57.200,100430.0,B,,未擊球,,,D3,410.0,850.0,2.0,出界,對方失誤,17,11,B,,,,,13760.0,237,0,354,961,144,410,230,916,,,,,,,,,,,,,1,2
29.0,1.0,01:07:10.960,100774.0,B,1.0,發長球,,,B2,239.0,711.0,2.0,,,17,11,,A4,290.0,43.0,1.0,,144,410,230,916,,,,,,,,,,,,,,,,,2,
29.0,2.0,01:07:12.960,100824.0,A,,長球,1.0,,A4,290.0,43.0,1.0,,,17,11,,A3,140.0,876.0,1.0,,,,,,,,,,,,,,,,,,,,,,,
29.0,3.0,01:07:14.080,100852.0,B,,長球,1.0,,A3,140.0,876.0,1.0,,,17,11,,A4,299.0,45.0,1.0,,,,,,,,,,,,,,,,,,,,,,,
29.0,4.0,01:07:15.600,100890.0,A,,切球,1.0,,A4,299.0,45.0,1.0,,,17,11,,A2,84.0,618.0,2.0,,,,,,348,427,96,804,,,,,,,,,,,,,,1
29.0,5.0,01:07:16.400,100910.0,B,,放小球,,1.0,A2,84.0,618.0,2.0,,,17,11,,B1,80.0,370.0,2.0,,348,427,96,804,,,,,,,,,,,,,,,,,1,
29.0,6.0,01:07:17.560,100939.0,A,,放小球,,,B1,80.0,370.0,2.0,,,17,11,,A1,71.0,555.0,2.0,,,,,,,,,,,,,,,,,,,,,,,
29.0,7.0,01:07:18.680,100967.0,B,,放小球,,1.0,A1,71.0,555.0,2.0,,,17,11,,A1,279.0,465.0,2.0,,,,,,,,,,,,,,,,,,,,,,,
29.0,8.0,01:07:19.360,100984.0,B,,掛網球,,,A1,279.0,465.0,2.0,未回擊成功,對方失誤,18,11,A,,,,,,,,,,,,,,,,,,,,,,,,,,,
30.0,1.0,01:07:52.560,101814.0,A,1.0,發小球,,,B2,169.0,249.0,2.0,,,18,11,,B1,252.0,606.0,2.0,,,,,,,,,,,,,,,,,,,,,,,
30.0,2.0,01:07:53.440,101836.0,B,,挑球,,1.0,B1,252.0,606.0,2.0,,,18,11,,B4,90.0,48.0,2.0,,,,,,178,21,256,84,,,,,,,,,,,,,,3
30.0,3.0,01:07:54.520,101863.0,A,,過渡切球,,,B4,90.0,48.0,2.0,,,18,11,,A1,84.0,558.0,2.0,1080.0,178,21,256,84,232,77,189,887,,,,,,,,,,,0.14934050079583697,,3,1
30.0,4.0,01:07:55.600,101890.0,B,,放小球,,1.0,A1,84.0,558.0,2.0,,,18,11,,B1,85.0,421.0,2.0,840.0,232,77,189,887,154,357,201,316,,,,,,,,,,,,,1,1
30.0,5.0,01:07:56.440,101911.0,A,,挑球,,,B1,85.0,421.0,2.0,,,18,11,,A3,111.0,878.0,1.0,,154,357,201,316,,,,,,,,,,,,,,,0.08933372750356633,,1,
30.0,6.0,01:07:58.480,101962.0,B,,殺球,1.0,,A3,111.0,878.0,1.0,,,18,11,,A2,324.0,270.0,2.0,,,,,,414,210,315,164,,,,,,,,,,,,,,2
30.0,7.0,01:07:59.120,101978.0,A,,防守回挑,,1.0,A2,324.0,270.0,2.0,,,18,11,,B3,304.0,842.0,1.0,1320.0,414,210,315,164,289,77,372,1050,,,,,,,,,,,0.055127660600934485,,2,1
30.0,8.0,01:08:00.440,102011.0,B,,殺球,,,B3,304.0,842.0,1.0,,,18,11,,C3,403.0,182.0,2.0,560.0,289,77,372,1050,318,84,388,84,,,,,,,,,,,,,1,2
30.0,9.0,01:08:01.000,102025.0,A,,未擊球,,,C3,403.0,182.0,2.0,出界,對方失誤,19,11,A,,,,,,318,84,388,84,,,,,,,,,,,,,,,,,2,
31.0,1.0,01:08:17.720,102443.0,A,1.0,發小球,,,B2,177.0,248.0,2.0,,,19,11,,A1,169.0,604.0,2.0,,,,,,,,,,,,,,,,,,,,,,,
31.0,2.0,01:08:18.480,102462.0,B,,放小球,,1.0,A1,169.0,604.0,2.0,,,19,11,,A1,330.0,386.0,2.0,,,,,,,,,,,,,,,,,,,,,,,
31.0,3.0,01:08:19.360,102484.0,A,,挑球,,1.0,A1,330.0,386.0,2.0,,,19,11,,A5,132.0,-58.0,2.0,,,,,,,,,,,,,,,,,,,,,,,
31.0,4.0,01:08:21.560,102539.0,B,,未擊球,,,A5,132.0,-58.0,2.0,出界,對方失誤,19,12,B,,,,,,,,,,185,70,312,944,,,,,,,,,,,,,,1
32.0,1.0,01:08:34.400,102860.0,B,1.0,發長球,,,B2,240.0,703.0,2.0,,,19,12,,A3,91.0,12.0,1.0,,185,70,312,944,,,,,,,,,,,,,,,0.03959857746533462,,1,
32.0,2.0,01:08:36.400,102910.0,A,,長球,,,A3,91.0,12.0,1.0,,,19,12,,B4,103.0,859.0,1.0,,,,,,222,118,155,1112,,,,,,,,,,,,,,1
32.0,3.0,01:08:37.520,102938.0,B,,長球,1.0,,B4,103.0,859.0,1.0,,,19,12,,B3,81.0,87.0,1.0,920.0,222,118,155,1112,182,-65,194,28,,,,,,,,,,,0.09240822749150433,,1,4
32.0,4.0,01:08:38.440,102961.0,A,,切球,,,B3,81.0,87.0,1.0,,,19,12,,B1,343.0,606.0,2.0,1040.0,182,-65,194,28,212,-7,378,944,,,,,,,,,,,0.4406064457794904,,4,1
32.0,5.0,01:08:39.480,102987.0,B,,挑球,,,B1,343.0,606.0,2.0,,,19,12,,A1,327.0,465.0,2.0,200.0,212,-7,378,944,253,111,422,903,,,,,,,,,,,0.01627311284201975,,1,1
32.0,6.0,01:08:39.680,102992.0,B,,掛網球,,,A1,327.0,465.0,2.0,未回擊成功,對方失誤,20,12,A,,,,,16120.0,253,111,422,903,263,191,292,216,,,,,,,,,,,0.0004471851640195495,,1,2
33.0,1.0,01:08:55.800,103395.0,A,1.0,發小球,,,B2,158.0,256.0,2.0,,,20,12,,B1,320.0,604.0,2.0,800.0,263,191,292,216,295,164,395,848,,,,,,,,,,,0.11477568030782244,,2,1
33.0,2.0,01:08:56.600,103415.0,B,,放小球,,,B1,320.0,604.0,2.0,,,20,12,,A1,342.0,406.0,2.0,1000.0,295,164,395,848,399,297,458,392,,,,,,,,,,,0.07533705255452529,,1,1
33.0,3.0,01:08:57.600,103440.0,A,,放小球,,1.0,A1,342.0,406.0,2.0,,,20,12,,B1,117.0,458.0,2.0,1200.0,399,297,458,392,259,375,311,328,,,,,,,,,,,,,1,1
33.0,4.0,01:08:58.800,103470.0,A,,掛網球,,,B1,117.0,458.0,2.0,未回擊成功,對方失誤,20,13,B,,,,,,259,375,311,328,,,,,,,,,,,,,,,,,1,
34.0,1.0,01:09:12.480,103812.0,B,1.0,發長球,,,B2,229.0,693.0,2.0,,,20,13,,A4,263.0,29.0,1.0,,,,,,,,,,,,,,,,,,,,,,,
34.0,2.0,01:09:14.440,103861.0,A,,殺球,1.0,,A4,263.0,29.0,1.0,,,20,13,,A2,93.0,684.0,2.0,,,,,,347,-28,218,928,,,,,,,,,,,,,,1
34.0,3.0,01:09:15.040,103876.0,B,,放小球,,1.0,A2,93.0,684.0,2.0,,,20,13,,B1,88.0,344.0,2.0,1000.0,347,-28,218,928,137,415,212,291,,,,,,,,,,,0.10440114315482037,,1,1
34.0,4.0,01:09:16.040,103901.0,A,,挑球,,,B1,88.0,344.0,2.0,,,20,13,,A4,85.0,896.0,1.0,1320.0,137,415,212,291,208,138,99,1172,,,,,,,,,,,0.17086929440340287,,1,2
34.0,5.0,01:09:17.360,103934.0,B,,長球,1.0,,A4,85.0,896.0,1.0,,,20,13,,B3,68.0,67.0,1.0,1000.0,208,138,99,1172,98,-95,155,14,,,,,,,,,,,0.06316096778263985,,2,4
34.0,6.0,01:09:18.360,103959.0,A,,長球,,,B3,68.0,67.0,1.0,,,20,13,,A3,69.0,865.0,1.0,1200.0,98,-95,155,14,201,42,163,996,,,,,,,,,,,,,4,1
34.0,7.0,01:09:19.560,103989.0,B,,長球,1.0,,A3,69.0,865.0,1.0,,,20,13,,B4,71.0,45.0,1.0,,201,42,163,996,,,,,,,,,,,,,,,,,1,
34.0,8.0,01:09:21.160,104029.0,A,,長球,,,B4,71.0,45.0,1.0,,,20,13,,A3,103.0,761.0,1.0,,,,,,,,,,,,,,,,,,,,,,,
34.0,9.0,01:09:21.800,104045.0,B,,切球,1.0,,A3,103.0,761.0,1.0,,,20,13,,A1,269.0,354.0,2.0,,,,,,,,,,,,,,,,,,,,,,,
34.0,10.0,01:09:22.680,104067.0,A,,放小球,,1.0,A1,269.0,354.0,2.0,,,20,13,,B1,288.0,530.0,2.0,,,,,,,,,,,,,,,,,,,,,,,
34.0,11.0,01:09:23.760,104094.0,B,,挑球,,,B1,288.0,530.0,2.0,,,20,13,,B5,109.0,-40.0,2.0,,,,,,,,,,,,,,,,,,,,,,,
34.0,12.0,01:09:26.040,104151.0,A,,未擊球,,,B5,109.0,-40.0,2.0,出界,對方失誤,21,13,A,,,,,,,,,,,,,,,,,,,,,,,,,,,
