rally,ball_round,time,frame_num,player,server,type,aroundhead,backhand,hit_area,hit_x,hit_y,hit_height,lose_reason,win_reason,roundscore_A,roundscore_B,getpoint_player,landing_area,landing_x,landing_y,landing_height,flying_time,now_right_x,now_right_y,now_left_x,now_left_y,next_right_x,next_right_y,next_left_x,next_left_y,right_delta_x,right_delta_y,left_delta_x,left_delta_y,right_x_speed,right_y_speed,right_speed,left_x_speed,left_y_speed,left_speed,avg_ball_speed,left_right_distance,hitting_area_number_1,hitting_area_number_2,hitting_area_number_3,hitting_area_number_4,landing_area_number_1,landing_area_number_2,landing_area_number_3,landing_area_number_4
1.0,1.0,00:51:24.800,77120.0,B,1.0,發長球,,,B2,171.0,230.0,2.0,,,0,0,,B4,265.0,927.0,1.0,,,,,,,,,,50.0,30.0,40.0,30.0,13.75,63.24999999999999,64.72731262766901,9.0,63.24999999999999,63.887107463086785,,9.0,,,,,,,,
1.0,2.0,00:51:26.800,77170.0,A,,長球,,,B4,265.0,927.0,1.0,,,0,0,,A4,335.0,53.0,1.0,,,,,,,,,,70.0,10.0,0.0,0.0,0.75,57.75,57.75486992453537,25.0,15.0,29.1547594742265,,1017.8295535108027,,,,,,,,
1.0,3.0,00:51:27.800,77195.0,B,,殺球,1.0,,A4,335.0,53.0,1.0,,,0,0,,B3,382.0,757.0,2.0,,,,,,,,,,60.0,0.0,60.0,20.0,43.5,57.49999999999999,72.10062413044703,21.0,28.000000000000004,35.0,,10.0,,,,,,,,
1.0,4.0,00:51:28.320,77208.0,A,,擋小球,,,B3,382.0,757.0,2.0,,,0,0,,A2,337.0,327.0,1.0,,,,,,,,,,60.0,10.0,70.0,40.0,31.0,24.75,39.66815473399286,83.25,46.0,95.11341913736463,,726.2155327449283,,,,,,,,
1.0,5.0,00:51:29.080,77227.0,B,,撲球,1.0,,A2,337.0,327.0,1.0,,,0,0,,A3,81.0,847.0,2.0,,,,,,,,,,30.0,20.0,10.0,20.0,24.25,4.5,24.663991972103787,24.75,9.5,26.510611083111606,,154.67385040788247,,,,,,,,
1.0,6.0,00:51:29.720,77243.0,A,,未擊球,,,A3,81.0,847.0,2.0,落地,撲球得分,0,1,B,,,,,,,,,,,,,,80.0,30.0,70.0,40.0,25.5,40.75,48.070911162573154,36.75,224.00000000000003,226.99463099377482,,1021.7401822381265,,,,,,,,
2.0,1.0,00:51:44.680,77617.0,B,1.0,發長球,,,B2,206.0,258.0,2.0,,,0,1,,A4,73.0,926.0,1.0,,,,,,,,,,0.0,70.0,10.0,20.0,12.5,1.7500000000000002,12.621905561364338,54.75,12.0,56.049643174600135,,169.2572007330855,,,,,,,,
2.0,2.0,00:51:46.720,77668.0,A,,切球,1.0,,A4,73.0,926.0,1.0,,,0,1,,A2,345.0,310.0,2.0,,,,,,,,,,30.0,30.0,30.0,80.0,14.249999999999998,1.7500000000000002,14.35705401536123,53.24999999999999,42.0,67.82007446176979,,96.56603957913983,,,,,,,,
2.0,3.0,00:51:47.640,77691.0,B,,挑球,,1.0,A2,345.0,310.0,2.0,,,0,1,,B3,276.0,847.0,1.0,,,,,,,,,,10.0,60.0,80.0,60.0,2.75,24.0,24.157038311846094,10.5,9.0,13.82931668593933,,961.9033215453619,,,,,,,,
2.0,4.0,00:51:48.760,77719.0,A,,殺球,,,B3,276.0,847.0,1.0,,,0,1,,A3,346.0,153.0,2.0,,,,,,,,,,60.0,90.0,0.0,50.0,89.0,142.75,168.22176583308118,55.0,68.75,88.04295826470167,,179.53551180755298,,,,,,,,
2.0,5.0,00:51:49.200,77730.0,B,,擋小球,,1.0,A3,346.0,153.0,2.0,,,0,1,,F2,451.0,679.0,2.0,,,,,,,,,,30.0,50.0,60.0,20.0,38.25,36.25,52.69843451185244,8.5,37.0,37.963798545456434,,918.252688534044,,,,,,,,
2.0,6.0,00:51:50.520,77763.0,B,,未過網,,,F2,451.0,679.0,2.0,未回擊成功,殺球得分,1,1,A,,,,,,,,,,,,,,50.0,20.0,50.0,70.0,76.25,63.0,98.90936507732724,46.25,19.25,50.09615753728024,,1081.449490267576,,,,,,,,
3.0,1.0,00:52:05.360,78134.0,A,1.0,發長球,,,B2,222.0,688.0,2.0,,,1,1,,B2,222.0,688.0,1.0,,,,,,,,,,60.0,60.0,80.0,70.0,43.5,14.000000000000002,45.69737410398983,10.5,23.25,25.511027027542422,,138.31124321616085,,,,,,,,
3.0,2.0,00:52:07.520,78188.0,B,,切球,1.0,,A4,257.0,33.0,1.0,,,1,1,,A1,88.0,602.0,2.0,,,,,,,,,,60.0,90.0,0.0,80.0,56.49999999999999,89.75,106.05334742477486,25.0,49.5,55.45493666031906,,1017.9950883967957,,,,,,,,
3.0,3.0,00:52:08.320,78208.0,A,,挑球,,1.0,A1,88.0,602.0,2.0,,,1,1,,D4,31.0,40.0,2.0,,,,,,,,,,70.0,30.0,30.0,80.0,11.749999999999998,25.75,28.304151638938055,21.75,49.5,54.06766593815567,,188.1116689628796,,,,,,,,
3.0,4.0,00:52:09.680,78242.0,B,,未擊球,,,D4,31.0,40.0,2.0,落地,對方失誤,2,1,A,,,,,,,,,,,,,,90.0,60.0,40.0,70.0,50.24999999999999,98.5,110.5771789294699,54.0,58.25,79.42960720033808,,1023.8945258179673,,,,,,,,
4.0,1.0,00:52:24.960,78624.0,A,1.0,發長球,,,B2,226.0,693.0,2.0,,,2,1,,B4,80.0,6.0,1.0,,,,,,,,,,60.0,90.0,30.0,20.0,11.0,15.25,18.803257696473768,13.25,54.5,56.08754318028202,,51.0,,,,,,,,
4.0,2.0,00:52:27.160,78679.0,B,,長球,,,B4,80.0,6.0,1.0,,,2,1,,B3,335.0,864.0,1.0,,,,,,,,,,30.0,90.0,70.0,40.0,21.75,72.25,75.4527998155138,24.25,66.0,70.31402776118006,,865.057801536984,,,,,,,,
4.0,3.0,00:52:28.280,78707.0,A,,切球,,,B3,335.0,864.0,1.0,,,2,1,,B2,41.0,194.0,2.0,,,,,,,,,,60.0,10.0,50.0,20.0,1.0,10.25,10.29866496202299,31.25,55.50000000000001,63.69311187247801,,177.61193653580833,,,,,,,,
4.0,4.0,00:52:28.960,78724.0,B,,未擊球,,,B2,41.0,194.0,2.0,落地,切球質量佳,3,1,A,,,,,,,,,,,,,,40.0,50.0,70.0,80.0,1.5,16.25,16.31908392036759,5.75,15.5,16.53216561736544,,970.7399239755208,,,,,,,,
5.0,1.0,00:52:50.680,79267.0,A,1.0,發長球,,,B2,227.0,675.0,2.0,,,3,1,,A4,255.0,37.0,1.0,,,,,,430,-149,421,-149,10.0,0.0,50.0,80.0,5.25,5.0,7.249999999999999,6.25,5.5,8.325412902673357,,90.0,,,,,0,0,0,1
5.0,2.0,00:52:52.840,79321.0,B,,切球,,,A4,255.0,37.0,1.0,,,3,1,,B2,288.0,684.0,2.0,1000.0,430,-149,421,-149,359,-28,298,988,50.0,60.0,80.0,80.0,36.25,61.0,70.95817430007624,37.0,23.0,43.56604182158393,0.12852942270157444,804.3742909864785,0,0,0,1,1,0,0,0
5.0,3.0,00:52:53.440,79336.0,A,,挑球,,,B2,288.0,684.0,2.0,,,3,1,,A3,308.0,180.0,1.0,1000.0,359,-28,298,988,375,104,385,104,10.0,90.0,50.0,90.0,10.25,4.75,11.297123527695003,26.25,27.750000000000004,38.19849473474053,0.0982980162566875,97.26767191621273,1,0,0,0,0,1,0,0
5.0,4.0,00:52:54.040,79351.0,B,,擋小球,,1.0,A3,308.0,180.0,1.0,,,3,1,,B1,304.0,565.0,2.0,0.0,375,104,385,104,356,203,398,928,0.0,40.0,70.0,40.0,17.5,24.0,29.70269348055829,18.25,3.5000000000000004,18.58258593414813,0.21420084033448608,987.4107554609682,0,1,0,0,1,0,0,0
5.0,5.0,00:52:54.720,79368.0,A,,放小球,,,B1,304.0,565.0,2.0,,,3,1,,B1,99.0,370.0,2.0,1000.0,356,203,398,928,201,334,301,216,70.0,10.0,20.0,60.0,15.75,4.75,16.450683876362103,17.0,16.5,23.69071548096427,0.07747293434197233,170.3907274472411,1,0,0,0,0,1,0,0
5.0,6.0,00:52:55.680,79392.0,B,,挑球,,,B1,99.0,370.0,2.0,,,3,1,,A3,64.0,876.0,1.0,2000.0,201,334,301,216,232,104,65,1112,0.0,40.0,30.0,20.0,17.5,3.5000000000000004,17.84656829757475,19.25,12.0,22.683970111071826,0.05096076922496363,945.9175439751607,0,1,0,0,1,0,0,0
5.0,7.0,00:52:57.000,79425.0,A,,切球,1.0,,A3,64.0,876.0,1.0,,,3,1,,B2,84.0,326.0,2.0,0.0,232,104,65,1112,104,316,202,178,40.0,80.0,90.0,0.0,34.0,38.0,50.99019513592785,0.25,250.0,250.00012499996876,0.3671900053106021,80.0,1,0,0,0,0,1,0,0
5.0,8.0,00:52:57.960,79449.0,B,,擋小球,,,B2,84.0,326.0,2.0,,,3,1,,A1,285.0,465.0,2.0,1000.0,104,316,202,178,130,267,212,216,0.0,0.0,20.0,10.0,95.0,37.5,102.13349107907747,85.5,49.75,98.9207384727793,,814.213731154173,0,1,0,0,0,1,0,0
5.0,9.0,00:52:58.600,79465.0,B,,掛網球,,,A1,285.0,465.0,2.0,未回擊成功,對方失誤,4,1,A,,,,,,130,267,212,216,,,,,60.0,40.0,20.0,70.0,86.0,146.0,169.44615663980107,69.5,116.75,135.87057260496107,,134.27211177307072,0,1,0,0,,,,
6.0,1.0,00:53:13.520,79838.0,A,1.0,發長球,,,B2,242.0,686.0,2.0,,,4,1,,B4,146.0,17.0,1.0,,,,,,,,,,10.0,70.0,20.0,20.0,67.75,115.75,134.11981583643782,57.99999999999999,107.0,121.70866854912184,,899.3519889342548,,,,,,,,
6.0,2.0,00:53:15.760,79894.0,B,,切球,,,B4,146.0,17.0,1.0,,,4,1,,B2,373.0,644.0,2.0,,,,,,268,35,365,992,90.0,60.0,10.0,60.0,67.75,74.0,100.32976876281536,52.24999999999999,58.99999999999999,78.81029437833614,,84.87638069569178,,,,,1,0,0,0
6.0,3.0,00:53:16.560,79914.0,A,,挑球,,,B2,373.0,644.0,2.0,,,4,1,,A3,364.0,109.0,1.0,1000.0,268,35,365,992,437,63,485,-110,50.0,20.0,80.0,80.0,28.749999999999996,10.5,30.607392897795133,60.5,50.5,78.80672560130893,0.04347556785138062,85.44588931013593,1,0,0,0,0,0,0,1
6.0,4.0,00:53:17.480,79937.0,B,,長球,1.0,,A3,364.0,109.0,1.0,,,4,1,,A3,81.0,863.0,1.0,1000.0,437,63,485,-110,318,42,146,944,80.0,0.0,60.0,60.0,12.0,65.0,66.09841147864296,16.0,3.5000000000000004,16.3783393541592,,32.0,0,0,0,1,1,0,0,0
6.0,5.0,00:53:18.720,79968.0,A,,長球,1.0,,A3,81.0,863.0,1.0,,,4,1,,B4,146.0,14.0,1.0,,318,42,146,944,,,,,0.0,60.0,30.0,20.0,0.0,3.5000000000000004,3.5000000000000004,28.249999999999996,2.0,28.320707971376706,0.03736345511027825,1025.0136584455838,1,0,0,0,,,,
6.0,6.0,00:53:20.280,80007.0,B,,長球,,,B4,146.0,14.0,1.0,,,4,1,,B3,336.0,881.0,2.0,,,,,,261,35,359,1112,10.0,30.0,10.0,50.0,50.24999999999999,1.7500000000000002,50.28046340279691,65.25,61.25,89.49371486311203,,152.620444239951,,,,,1,0,0,0
6.0,7.0,00:53:21.520,80038.0,A,,過渡切球,,,B3,336.0,881.0,2.0,,,4,1,,B1,85.0,352.0,2.0,1000.0,261,35,359,1112,166,375,233,254,60.0,0.0,80.0,0.0,44.0,30.0,53.25410782277739,20.5,5.0,21.10094784600919,0.03389782441396497,101.01980003939822,1,0,0,0,1,0,0,0
6.0,8.0,00:53:22.600,80065.0,B,,挑球,,,B1,85.0,352.0,2.0,,,4,1,,B4,302.0,910.0,1.0,1000.0,166,375,233,254,272,131,317,1148,60.0,90.0,30.0,0.0,61.0,99.75,116.92331888891967,54.25,105.0,118.1865580343213,0.170578427709954,1092.6307702055622,1,0,0,0,0,1,0,0
6.0,9.0,00:53:23.840,80096.0,A,,長球,,,B4,302.0,910.0,1.0,,,4,1,,A4,356.0,39.0,1.0,2000.0,272,131,317,1148,522,-196,453,-21,0.0,30.0,40.0,60.0,22.5,88.25,91.07311623086146,28.499999999999996,21.0,35.40127116361784,0.07906089425246846,186.560981987124,0,1,0,0,0,0,0,1
6.0,10.0,00:53:25.080,80127.0,B,,切球,1.0,,A4,356.0,39.0,1.0,,,4,1,,A2,104.0,617.0,2.0,0.0,522,-196,453,-21,425,-14,283,1000,0.0,80.0,70.0,90.0,17.5,70.5,72.63952092353033,16.75,62.25000000000001,64.46413731680585,0.14755105048761935,837.611485117056,0,0,0,1,1,0,0,0
6.0,11.0,00:53:25.880,80147.0,A,,挑球,,1.0,A2,104.0,617.0,2.0,,,4,1,,B4,105.0,49.0,2.0,2000.0,425,-14,283,1000,217,56,268,56,0.0,80.0,20.0,0.0,35.0,10.5,36.54107278118693,89.5,10.0,90.05692644100175,0.054786517502027815,104.38869670610895,1,0,0,0,0,0,1,0
6.0,12.0,00:53:27.160,80179.0,B,,過渡切球,,,B4,105.0,49.0,2.0,,,4,1,,A1,125.0,536.0,2.0,0.0,217,56,268,56,251,42,241,907,30.0,60.0,60.0,70.0,1.7500000000000002,86.5,86.51770050111134,16.0,61.75000000000001,63.78920363196268,0.3226937402553697,855.3794479644691,0,0,1,0,1,0,0,0
6.0,13.0,00:53:27.960,80199.0,A,,放小球,,1.0,A1,125.0,536.0,2.0,,,4,1,,A1,337.0,374.0,2.0,1000.0,251,42,241,907,443,415,368,254,90.0,50.0,60.0,20.0,2.25,51.24999999999999,51.29936646782297,61.5,72.0,94.69028461251978,0.05060769594526991,150.72159765607583,1,0,0,0,1,0,0,0
6.0,14.0,00:53:28.840,80221.0,B,,挑球,,1.0,A1,337.0,374.0,2.0,,,4,1,,A4,117.0,884.0,1.0,2000.0,443,415,368,254,298,145,154,1105,90.0,0.0,40.0,50.0,24.75,42.5,49.18142433887006,28.499999999999996,66.25,72.1201254851931,0.12550099601198392,989.4735974244082,1,0,0,0,1,0,0,0
6.0,15.0,00:53:30.240,80256.0,A,,長球,1.0,,A4,117.0,884.0,1.0,,,4,1,,B3,67.0,66.0,2.0,1000.0,298,145,154,1105,242,21,152,21,40.0,20.0,60.0,50.0,31.0,45.5,55.056788863863105,8.5,236.24999999999997,236.4028606002897,0.0697862808867187,148.27339613025663,1,0,0,0,0,0,1,0
6.0,16.0,00:53:31.080,80277.0,B,,過渡切球,,,B3,67.0,66.0,2.0,,,4,1,,A1,99.0,565.0,2.0,1000.0,242,21,152,21,254,84,207,887,70.0,70.0,0.0,10.0,73.25,70.75,101.83872053398943,55.0,67.25,86.8767086162914,0.13827260213071857,553.531390257138,0,0,1,0,1,0,0,0
6.0,17.0,00:53:32.160,80304.0,A,,放小球,,1.0,A1,99.0,565.0,2.0,,,4,1,,B1,78.0,359.0,2.0,1000.0,254,84,207,887,155,310,249,285,20.0,80.0,80.0,80.0,78.0,119.5,142.70336366042673,59.49999999999999,97.0,113.79477140888328,0.0723748920551872,1080.5891911360209,1,0,0,0,0,1,0,0
6.0,18.0,00:53:33.240,80331.0,B,,挑球,,,B1,78.0,359.0,2.0,,,4,1,,B3,281.0,877.0,1.0,1000.0,155,310,249,285,250,125,332,1109,40.0,80.0,40.0,20.0,21.0,59.49999999999999,63.097147320619804,16.5,2.0,16.62077013859466,0.007288689868556625,97.18538984847466,0,1,0,0,1,0,0,0
6.0,19.0,00:53:34.720,80368.0,A,,切球,,,B3,281.0,877.0,1.0,,,4,1,,B1,88.0,361.0,2.0,1000.0,250,125,332,1109,149,375,226,223,70.0,60.0,90.0,10.0,9.25,96.0,96.44460845480167,14.749999999999998,64.75,66.40877201093241,0.011510864433221338,1086.803110043397,1,0,0,0,0,1,0,0
6.0,20.0,00:53:35.760,80394.0,B,,挑球,,,B1,88.0,361.0,2.0,,,4,1,,B4,286.0,892.0,1.0,1000.0,149,375,226,223,271,145,357,1087,90.0,20.0,50.0,40.0,34.75,29.499999999999996,45.58302864005418,33.75,49.0,59.49842434888507,0.11145206368659129,39.81205847478876,0,1,0,0,1,0,0,0
6.0,21.0,00:53:36.960,80424.0,A,,切球,,,B4,286.0,892.0,1.0,,,4,1,,A3,313.0,184.0,2.0,1000.0,271,145,357,1087,294,131,374,131,30.0,10.0,20.0,90.0,34.25,55.25,65.00480751452157,56.99999999999999,269.75,275.7064788865144,0.0280178514522438,595.6886770788916,1,0,0,0,0,1,0,0
6.0,22.0,00:53:37.560,80439.0,B,,擋小球,,1.0,A3,313.0,184.0,2.0,,,4,1,,A1,97.0,605.0,2.0,1000.0,294,131,374,131,312,164,252,976,70.0,0.0,80.0,30.0,0.75,27.5,27.51022537166862,42.0,60.75,73.85500998578227,0.041210587231923786,1028.2630986279728,0,1,0,0,1,0,0,0
6.0,23.0,00:53:38.600,80465.0,A,,挑球,,1.0,A1,97.0,605.0,2.0,,,4,1,,B4,89.0,43.0,1.0,1000.0,312,164,252,976,224,35,301,145,10.0,50.0,40.0,70.0,30.25,13.75,33.22837642738507,1.0,43.25,43.26155914897197,0.034794036845413615,115.20850663036997,1,0,0,0,0,1,0,0
6.0,24.0,00:53:39.640,80491.0,B,,長球,,,B4,89.0,43.0,1.0,,,4,1,,A3,104.0,875.0,1.0,1000.0,224,35,301,145,249,145,184,1042,40.0,50.0,40.0,20.0,6.0,3.75,7.075485849042452,8.5,9.5,12.747548783981962,0.03772018690303641,111.94641575325224,0,1,0,0,1,0,0,0
6.0,25.0,00:53:40.920,80523.0,A,,長球,1.0,,A3,104.0,875.0,1.0,,,4,1,,B3,57.0,97.0,1.0,1000.0,249,145,184,1042,154,49,224,97,80.0,40.0,90.0,80.0,14.499999999999998,26.5,30.20761493398643,10.25,10.5,14.67353059082919,0.2900294166114879,99.16148445843275,1,0,0,0,0,0,1,0
6.0,26.0,00:53:41.760,80544.0,B,,切球,,,B3,57.0,97.0,1.0,,,4,1,,B1,141.0,378.0,2.0,1000.0,154,49,224,97,113,-7,183,42,20.0,30.0,70.0,30.0,67.0,80.75,104.92646234387203,58.25,53.24999999999999,78.92163835096177,,1083.108489487549,0,0,1,0,0,0,1,0
6.0,27.0,00:53:42.240,80556.0,B,,未過網,,,B1,141.0,378.0,2.0,未回擊成功,對方失誤,5,1,A,,,,,,113,-7,183,42,,,,,10.0,70.0,20.0,90.0,42.25,51.74999999999999,66.80662392308116,12.0,29.749999999999996,32.07900403690863,0.01542165013542352,185.72291188757515,0,0,1,0,,,,
7.0,1.0,00:54:06.360,81159.0,A,1.0,發長球,,,B2,223.0,677.0,2.0,,,5,1,,A4,329.0,18.0,1.0,,,,,,493,-157,525,-157,30.0,90.0,30.0,30.0,6.75,12.25,13.986600730699363,14.249999999999998,13.25,19.458288722290046,,836.7675901945533,,,,,0,0,0,1
7.0,2.0,00:54:08.520,81213.0,B,,切球,,,A4,329.0,18.0,1.0,,,5,1,,A2,110.0,614.0,2.0,1000.0,493,-157,525,-157,434,-149,196,848,30.0,90.0,10.0,0.0,11.749999999999998,9.75,15.268431484602472,29.749999999999996,55.0,62.53049256162948,0.3053159224475527,58.9406481131655,0,0,0,1,1,0,0,0
7.0,3.0,00:54:09.200,81230.0,A,,放小球,,1.0,A2,110.0,614.0,2.0,,,5,1,,B1,85.0,340.0,2.0,1000.0,434,-149,196,848,149,427,247,310,40.0,70.0,80.0,40.0,6.5,10.75,12.562344526401112,0.5,16.0,16.00781059358212,,1066.1829111367335,1,0,0,0,1,0,0,0
7.0,4.0,00:54:10.200,81255.0,B,,挑球,,,B1,85.0,340.0,2.0,,,5,1,,A4,104.0,915.0,1.0,,149,427,247,310,,,,,30.0,80.0,80.0,90.0,3.25,18.0,18.291049723840345,29.499999999999996,27.25,40.159836902059254,0.17052940443741008,133.3604139165742,1,0,0,0,,,,
7.0,5.0,00:54:11.840,81296.0,A,,長球,1.0,,A4,104.0,915.0,1.0,,,5,1,,A4,265.0,48.0,1.0,,,,,,420,-36,479,-118,30.0,80.0,60.0,30.0,53.24999999999999,50.5,73.3880950836033,34.0,29.249999999999996,44.85044592866385,,989.0247721872289,,,,,0,0,0,1
7.0,6.0,00:54:13.280,81332.0,B,,長球,1.0,,A4,265.0,48.0,1.0,,,5,1,,B4,317.0,883.0,1.0,1000.0,420,-36,479,-118,304,49,463,1130,70.0,30.0,30.0,50.0,36.75,6.75,37.36475612124345,13.25,31.25,33.94296687091451,0.17913402803487674,741.4917396707801,0,0,0,1,1,0,0,0
7.0,7.0,00:54:14.840,81371.0,A,,切球,,,B4,317.0,883.0,1.0,,,5,1,,B2,48.0,283.0,2.0,1000.0,304,49,463,1130,149,260,270,118,60.0,0.0,0.0,10.0,3.5000000000000004,55.0,55.11125111989383,2.5,55.25,55.306532163931585,0.09780369369302981,1103.4364503676684,1,0,0,0,0,1,0,0
7.0,8.0,00:54:15.640,81391.0,B,,放小球,,,B2,48.0,283.0,2.0,,,5,1,,A1,75.0,598.0,2.0,1000.0,149,260,270,118,189,91,221,928,40.0,20.0,50.0,80.0,14.000000000000002,23.0,26.92582403567252,8.75,35.5,36.56244658115756,0.06861668893206667,58.9406481131655,0,1,0,0,1,0,0,0
7.0,9.0,00:54:16.640,81416.0,A,,挑球,,1.0,A1,75.0,598.0,2.0,,,5,1,,B3,62.0,129.0,1.0,1000.0,189,91,221,928,197,0,206,104,70.0,30.0,40.0,90.0,5.75,36.75,37.19711010280234,21.0,97.25,99.49151973912149,0.028780418690491628,976.3733916898801,1,0,0,0,0,0,1,0
7.0,10.0,00:54:17.240,81431.0,B,,切球,,,B3,62.0,129.0,1.0,,,5,1,,B1,280.0,595.0,2.0,1000.0,197,0,206,104,189,77,334,920,70.0,20.0,0.0,90.0,28.249999999999996,7.000000000000001,29.104338164610443,92.5,27.750000000000004,96.57283520742259,0.13156462290448753,77.02596964660685,0,0,1,0,1,0,0,0
7.0,11.0,00:54:18.160,81454.0,A,,挑球,,,B1,280.0,595.0,2.0,,,5,1,,A4,275.0,41.0,1.0,1000.0,189,77,334,920,398,-7,467,-141,40.0,40.0,80.0,60.0,48.5,8.5,49.23921201644072,46.99999999999999,26.0,53.71219600798314,0.03431107692859552,1042.489328482551,1,0,0,0,0,0,0,1
7.0,12.0,00:54:19.360,81484.0,B,,切球,1.0,,A4,275.0,41.0,1.0,,,5,1,,A1,110.0,602.0,2.0,1000.0,398,-7,467,-141,365,-43,252,940,50.0,30.0,30.0,30.0,46.25,24.25,52.221882386601116,44.25,15.75,46.96940493555353,0.2349577089605702,179.74426277353055,0,0,0,1,1,0,0,0
7.0,13.0,00:54:20.160,81504.0,A,,放小球,,1.0,A1,110.0,602.0,2.0,,,5,1,,B1,77.0,374.0,2.0,1000.0,365,-43,252,940,154,392,250,279,10.0,10.0,30.0,40.0,4.75,95.25,95.36836477574731,11.749999999999998,51.0,52.33605353864581,0.06751712745666837,953.2601953296906,1,0,0,0,1,0,0,0
7.0,14.0,00:54:21.320,81533.0,B,,放小球,,,B1,77.0,374.0,2.0,,,5,1,,B1,352.0,546.0,2.0,1000.0,154,392,250,279,275,310,366,856,60.0,70.0,0.0,30.0,1.0,64.25,64.2577816299318,17.5,156.75,157.72384886249765,,160.99689437998487,1,0,0,0,1,0,0,0
7.0,15.0,00:54:22.520,81563.0,A,,挑球,,,B1,352.0,546.0,2.0,,,5,1,,A4,293.0,36.0,1.0,,275,310,366,856,,,,,70.0,60.0,50.0,60.0,51.74999999999999,111.00000000000001,122.47065975163194,51.24999999999999,103.49999999999999,115.49377688862721,0.023486402685620272,693.3815688349381,1,0,0,0,,,,
7.0,16.0,00:54:24.040,81601.0,B,,長球,1.0,,A4,293.0,36.0,1.0,,,5,1,,B4,321.0,904.0,1.0,,,,,,345,28,433,1105,30.0,90.0,40.0,90.0,24.25,39.75,46.563129190379804,14.000000000000002,297.25,297.5795061828015,,102.88342918079665,,,,,1,0,0,0
7.0,17.0,00:54:25.400,81635.0,A,,長球,,,B4,321.0,904.0,1.0,,,5,1,,B4,81.0,29.0,1.0,1000.0,345,28,433,1105,181,0,255,63,30.0,20.0,70.0,30.0,19.25,10.5,21.92743715074792,58.25,15.75,60.34173514243686,0.1261764637323459,877.8382538941897,1,0,0,0,0,0,1,0
7.0,18.0,00:54:26.600,81665.0,B,,長球,,,B4,81.0,29.0,1.0,,,5,1,,A3,88.0,820.0,1.0,1000.0,181,0,255,63,205,-14,75,1065,80.0,30.0,50.0,0.0,10.5,31.75,33.441179704071445,11.25,45.0,46.38493828819868,0.1493088242536254,51.62363799656123,0,0,1,0,1,0,0,0
7.0,19.0,00:54:27.720,81693.0,A,,切球,1.0,,A3,88.0,820.0,1.0,,,5,1,,B1,110.0,383.0,2.0,1000.0,205,-14,75,1065,174,346,191,310,0.0,70.0,10.0,70.0,55.0,104.25,117.86883600002164,30.25,41.75,51.557007283200605,0.06704196447002429,776.0927779589242,1,0,0,0,1,0,0,0
7.0,20.0,00:54:28.880,81722.0,B,,放小球,,,B1,110.0,383.0,2.0,,,5,1,,B1,276.0,512.0,2.0,1000.0,174,346,191,310,214,191,321,777,80.0,50.0,20.0,80.0,24.5,78.75,82.47310167563725,43.0,50.5,66.32684222846736,,54.12947441089743,1,0,0,0,1,0,0,0
7.0,21.0,00:54:29.880,81747.0,A,,挑球,,,B1,276.0,512.0,2.0,,,5,1,,A4,312.0,29.0,1.0,,214,191,321,777,,,,,0.0,70.0,10.0,60.0,0.0,73.25,73.25,52.24999999999999,51.5,73.3642453787947,0.03887086884087419,542.0747180970535,1,0,0,0,,,,
7.0,22.0,00:54:31.600,81790.0,B,,長球,,1.0,A4,312.0,29.0,1.0,,,5,1,,B3,326.0,859.0,1.0,,,,,,313,21,435,1042,80.0,10.0,60.0,40.0,35.5,27.750000000000004,45.058989114271085,34.0,14.000000000000002,36.76955262170047,,1084.2232242485861,,,,,1,0,0,0
7.0,23.0,00:54:32.760,81819.0,A,,殺球,,,B3,326.0,859.0,1.0,,,5,1,,A3,335.0,184.0,2.0,1000.0,313,21,435,1042,303,77,396,145,0.0,30.0,0.0,0.0,27.5,71.75,76.83952433481092,50.0,80.0,94.33981132056604,0.3841448294588904,94.37160589923221,1,0,0,0,0,1,0,0
7.0,24.0,00:54:33.320,81833.0,B,,擋小球,,1.0,A3,335.0,184.0,2.0,,,5,1,,A0,310.0,468.0,2.0,0.0,303,77,396,145,437,203,401,97,60.0,50.0,50.0,0.0,11.5,31.25,33.298836316003595,11.25,0.0,11.25,,1004.9407942759614,0,1,0,0,0,1,0,0
7.0,25.0,00:54:33.880,81847.0,B,,掛網球,,,A0,310.0,468.0,2.0,未回擊成功,殺球得分,6,1,A,,,,,,437,203,401,97,,,,,0.0,40.0,10.0,30.0,7.5,21.0,22.299103120977758,0.25,5.75,5.755432216610669,0.010466298427704886,125.09996003196804,0,1,0,0,,,,
8.0,1.0,00:55:07.080,82677.0,A,1.0,發長球,,,B2,250.0,686.0,2.0,,,6,1,,B4,92.0,19.0,1.0,,,,,,144,-80,181,-172,0.0,10.0,30.0,20.0,32.5,22.75,39.67130575113453,24.25,18.0,30.200372514258827,,107.41508273980894,,,,,0,0,0,1
8.0,2.0,00:55:09.280,82732.0,B,,切球,,,B4,92.0,19.0,1.0,,,6,1,,B2,374.0,658.0,2.0,1000.0,144,-80,181,-172,271,-80,353,1000,60.0,80.0,80.0,30.0,46.5,139.5,147.04591119782964,14.499999999999998,98.25,99.31421096701116,0.25647319548054137,885.771979687775,0,0,0,1,1,0,0,0
8.0,3.0,00:55:10.080,82752.0,A,,擋小球,,,B2,374.0,658.0,2.0,,,6,1,,,,,2.0,1000.0,271,-80,353,1000,456,398,419,216,70.0,50.0,60.0,40.0,41.75,18.75,45.76707331696009,8.5,8.5,12.020815280171307,0.11535163631262453,128.3627671873741,1,0,0,0,1,0,0,0
8.0,4.0,00:55:11.000,82775.0,B,,挑球,,1.0,A1,322.0,340.0,2.0,,,6,1,,A3,139.0,842.0,1.0,0.0,456,398,419,216,355,158,287,992,40.0,70.0,0.0,30.0,31.5,135.75,139.35678132046536,10.0,79.25,79.878423244328,0.16253172767186103,18.0,1,0,0,0,1,0,0,0
8.0,5.0,00:55:11.880,82797.0,A,,長球,1.0,,A3,139.0,842.0,1.0,,,6,1,,C4,406.0,39.0,2.0,2000.0,355,158,287,992,493,14,478,-43,80.0,30.0,80.0,0.0,18.0,6.75,19.224008426964446,34.5,12.5,36.694686263817545,,34.0,1,0,0,0,0,0,0,1
8.0,6.0,00:55:13.560,82839.0,B,,未擊球,,,C4,406.0,39.0,2.0,出界,對方失誤,6,2,B,,,,,,493,14,478,-43,,,,,90.0,10.0,90.0,60.0,47.25,55.25,72.6988651905929,49.75,219.0,224.57974641538806,,1000.4049180206982,0,0,0,1,,,,
9.0,1.0,00:55:30.320,83258.0,B,1.0,發長球,,,B2,199.0,247.0,2.0,,,6,2,,B4,355.0,907.0,1.0,,,,,,,,,,20.0,30.0,10.0,60.0,32.0,39.25,50.64150965364282,15.25,104.0,105.11214249552711,,1061.5314408909423,,,,,,,,
9.0,2.0,00:55:32.240,83306.0,A,,殺球,,,B4,355.0,907.0,1.0,,,6,2,,C3,407.0,176.0,2.0,,,,,,,,,,20.0,70.0,40.0,70.0,12.0,44.25,45.84825514673378,74.0,93.25,119.04437197952701,,1085.5238366797848,,,,,,,,
9.0,3.0,00:55:32.960,83324.0,B,,未擊球,,,C3,407.0,176.0,2.0,出界,對方失誤,6,3,B,,,,,,,,,,,,,,90.0,0.0,10.0,20.0,12.25,65.0,66.1442552305187,5.25,27.0,27.505681231338368,,64.4980619863884,,,,,,,,
,,,,,,,,,,,,,,,6,3,,,,,,,,,,,252,111,147,1172,90.0,90.0,90.0,70.0,10.25,47.75,48.83774155302434,14.749999999999998,203.25000000000003,203.78450628053156,,1028.0700365247496,,,,,0,1,0,0
10.0,1.0,00:55:47.200,83680.0,A,,長球,1.0,,A4,147.0,892.0,1.0,,,6,3,,A4,331.0,53.0,1.0,1000.0,252,111,147,1172,412,14,476,-103,50.0,30.0,0.0,40.0,86.25,39.25,94.76088327996948,67.5,34.0,75.57942841805567,0.10418493173199281,205.24375751773792,0,1,0,0,0,0,0,1
10.0,2.0,00:55:48.280,83707.0,B,,切球,1.0,,A4,331.0,53.0,1.0,,,6,3,,A1,116.0,607.0,2.0,1000.0,412,14,476,-103,391,-7,282,976,10.0,50.0,60.0,40.0,102.25,46.25,112.22354922207727,76.0,41.0,86.35392289873113,0.6751342459096561,514.7475109216168,0,0,0,1,1,0,0,0
10.0,3.0,00:55:49.080,83727.0,A,,擋小球,,1.0,A1,116.0,607.0,2.0,,,6,3,,B1,155.0,465.0,2.0,0.0,391,-7,282,976,275,235,248,976,70.0,90.0,30.0,80.0,53.24999999999999,12.25,54.64087297984907,24.25,12.0,27.056653525519376,,1020.641464962109,1,0,0,0,1,0,0,0
10.0,4.0,00:55:49.920,83748.0,A,,掛網球,,,B1,155.0,465.0,2.0,落地,切球質量佳,6,4,B,,,,,,275,235,248,976,,,,,30.0,40.0,70.0,0.0,35.75,3.5000000000000004,35.92092008843871,24.25,5.0,24.760098949721506,0.00557708509136659,114.84337159801605,1,0,0,0,,,,
11.0,1.0,00:56:07.040,84176.0,B,1.0,發長球,,,B2,190.0,233.0,2.0,,,6,4,,B4,310.0,917.0,1.0,,,,,,272,125,416,1219,90.0,90.0,30.0,10.0,12.25,12.25,17.324116139070416,10.75,10.25,14.853450777512949,,853.1178113250245,,,,,0,1,0,0
11.0,2.0,00:56:08.960,84224.0,A,,長球,,,B4,310.0,917.0,1.0,,,6,4,,A4,324.0,31.0,1.0,2000.0,272,125,416,1219,436,-65,493,-50,0.0,70.0,60.0,0.0,15.0,21.75,26.420872430712805,6.5,0.0,6.5,0.04333621785271274,20.0,0,1,0,0,0,0,0,1
11.0,3.0,00:56:10.120,84253.0,B,,長球,1.0,,A4,324.0,31.0,1.0,,,6,4,,B4,352.0,894.0,1.0,1000.0,436,-65,493,-50,393,70,420,1046,60.0,50.0,0.0,60.0,4.0,6.25,7.420411039827915,22.5,1.5,22.54994456755936,0.015598477489806497,968.8260937856701,0,0,0,1,1,0,0,0
11.0,4.0,00:56:11.200,84280.0,A,,長球,,,B4,352.0,894.0,1.0,,,6,4,,A4,338.0,38.0,1.0,1000.0,393,70,420,1046,460,-50,527,-88,60.0,40.0,90.0,80.0,21.5,66.5,69.88919802086728,35.25,30.5,46.61343690396579,0.03724328798589082,79.51100552753688,1,0,0,0,0,0,0,1
11.0,5.0,00:56:12.400,84310.0,B,,長球,1.0,,A4,338.0,38.0,1.0,,,6,4,,B3,358.0,806.0,1.0,1000.0,460,-50,527,-88,451,-36,379,1004,60.0,60.0,70.0,70.0,61.0,129.0,142.6954799564443,8.25,1.7500000000000002,8.4335638967165,0.18342181576900823,951.8035511595867,0,0,0,1,1,0,0,0
11.0,6.0,00:56:13.120,84328.0,A,,切球,,,B3,358.0,806.0,1.0,,,6,4,,B2,103.0,322.0,2.0,1000.0,451,-36,379,1004,192,273,294,125,0.0,90.0,40.0,10.0,47.5,34.75,58.85416297935092,34.0,62.74999999999999,71.36919853830503,0.09790460918669765,238.75719884434898,1,0,0,0,0,1,0,0
11.0,7.0,00:56:14.040,84351.0,B,,挑球,,,B2,103.0,322.0,2.0,,,6,4,,B4,309.0,902.0,1.0,1000.0,192,273,294,125,282,171,331,1123,10.0,20.0,60.0,50.0,7.75,107.0,107.28029875051617,21.0,38.75,44.07451077436935,0.033034073318317855,916.977644220403,0,1,0,0,0,1,0,0
11.0,8.0,00:56:15.160,84379.0,A,,切球,,,B4,309.0,902.0,1.0,,,6,4,,B1,100.0,354.0,2.0,1000.0,282,171,331,1123,165,322,237,178,70.0,70.0,80.0,70.0,0.75,20.75,20.763549792846117,23.0,20.75,30.976805839208147,0.06139879884818595,9.0,0,1,0,0,0,1,0,0
11.0,9.0,00:56:16.160,84404.0,B,,放小球,,,B1,100.0,354.0,2.0,,,6,4,,A1,81.0,544.0,2.0,1000.0,165,322,237,178,235,210,212,903,30.0,20.0,40.0,60.0,58.25,73.0,93.39198306064606,43.5,51.5,67.41290677607664,0.00875,888.7907515270397,0,1,0,0,1,0,0,0
11.0,10.0,00:56:17.120,84428.0,A,,放小球,,1.0,A1,81.0,544.0,2.0,,,6,4,,B1,70.0,349.0,2.0,1000.0,235,210,212,903,139,279,235,242,0.0,30.0,30.0,90.0,7.5,5.75,9.4505290857179,28.249999999999996,4.75,28.64655302126243,0.03403123565197126,655.2755145738317,1,0,0,0,0,1,0,0
11.0,11.0,00:56:18.160,84454.0,B,,挑球,,,B1,70.0,349.0,2.0,,,6,4,,B3,280.0,834.0,1.0,1000.0,139,279,235,242,248,138,330,1012,0.0,10.0,90.0,90.0,40.0,44.75,60.02135036801488,80.25,182.25,199.1359460268286,0.11820585856885436,1245.4910678122103,0,1,0,0,1,0,0,0
11.0,12.0,00:56:19.520,84488.0,A,,殺球,,,B3,280.0,834.0,1.0,,,6,4,,A3,320.0,180.0,2.0,1000.0,248,138,330,1012,352,77,371,125,80.0,90.0,80.0,70.0,55.50000000000001,70.25,89.52827765572171,2.0,6.75,7.0400639201643616,0.06280127387243033,176.13914953808538,1,0,0,0,0,1,0,0
11.0,13.0,00:56:20.040,84501.0,B,,擋小球,,1.0,A3,320.0,180.0,2.0,,,6,4,,B1,273.0,536.0,2.0,1000.0,352,77,371,125,395,111,383,887,0.0,60.0,70.0,90.0,12.5,8.5,15.116216457830975,13.25,32.75,35.328812603879,0.22082628919582922,679.178916044955,0,1,0,0,1,0,0,0
11.0,14.0,00:56:21.040,84526.0,A,,放小球,,,B1,273.0,536.0,2.0,,,6,4,,A1,248.0,443.0,2.0,0.0,395,111,383,887,338,297,361,346,0.0,80.0,70.0,80.0,75.0,56.99999999999999,94.2019108086455,56.75,208.0,215.6027887110925,0.051915797210483054,61.0,1,0,0,0,1,0,0,0
11.0,15.0,00:56:21.880,84547.0,B,,放小球,,1.0,A1,248.0,443.0,2.0,,,6,4,,B1,264.0,497.0,2.0,1000.0,338,297,361,346,339,203,348,745,10.0,80.0,90.0,40.0,35.25,83.0,90.17517673949966,4.75,238.49999999999997,238.5472961490027,,82.07313811473277,1,0,0,0,1,0,0,0
11.0,16.0,00:56:22.720,84568.0,A,,挑球,,,B1,264.0,497.0,2.0,,,6,4,,A4,263.0,52.0,1.0,,339,203,348,745,,,,,60.0,10.0,50.0,50.0,3.5000000000000004,34.75,34.92581423531884,6.25,51.24999999999999,51.62969107015846,0.041594938260428864,78.44743462982075,1,0,0,0,,,,
11.0,17.0,00:56:23.880,84597.0,B,,長球,1.0,,A4,263.0,52.0,1.0,,,6,4,,B4,327.0,892.0,1.0,,,,,,316,56,432,1134,60.0,70.0,30.0,30.0,4.0,149.25,149.30359171835084,28.249999999999996,9.25,29.725830518254657,,961.6652224137047,,,,,1,0,0,0
11.0,18.0,00:56:25.280,84632.0,A,,長球,,,B4,327.0,892.0,1.0,,,6,4,,B4,81.0,40.0,2.0,1000.0,316,56,432,1134,178,63,263,104,90.0,0.0,80.0,0.0,2.25,82.5,82.53067611500586,7.000000000000001,82.5,82.79643712141241,0.12565080580720522,106.0,1,0,0,0,0,1,0,0
11.0,19.0,00:56:26.400,84660.0,B,,長球,,,B4,81.0,40.0,2.0,,,6,4,,A3,70.0,836.0,1.0,1000.0,178,63,263,104,203,28,62,1023,10.0,20.0,50.0,10.0,19.75,64.5,67.45600418050272,13.75,27.750000000000004,30.96974329890385,0.09709016428042544,951.2102816938009,0,1,0,0,1,0,0,0
11.0,20.0,00:56:27.440,84686.0,A,,長球,1.0,,A3,70.0,836.0,1.0,,,6,4,,A3,304.0,90.0,1.0,1000.0,203,28,62,1023,372,97,451,0,10.0,50.0,0.0,80.0,54.75,56.25,78.49601900733565,55.0,38.0,66.85057965343307,,76.02631123499285,1,0,0,0,0,0,1,0
11.0,21.0,00:56:28.360,84709.0,B,,長球,1.0,,A3,304.0,90.0,1.0,,,6,4,,B4,313.0,888.0,1.0,,372,97,451,0,,,,,50.0,30.0,90.0,60.0,58.75,76.75,96.65466879566657,22.75,18.5,29.322559574498268,0.06059886320899281,66.03029607687671,0,0,1,0,,,,
11.0,22.0,00:56:30.000,84750.0,A,,長球,,,B4,313.0,888.0,1.0,,,6,4,,B3,93.0,58.0,2.0,,,,,,187,0,274,63,0.0,50.0,80.0,60.0,25.0,8.75,26.487025125521363,29.499999999999996,23.499999999999996,37.71604433129222,,892.9076100022891,,,,,0,0,1,0
11.0,23.0,00:56:31.080,84777.0,B,,長球,,,B3,93.0,58.0,2.0,,,6,4,,A3,64.0,862.0,1.0,1000.0,187,0,274,63,235,77,179,961,70.0,80.0,90.0,30.0,6.75,137.0,137.1661857018704,4.75,10.75,11.75265927354316,0.14717782611521343,128.3160161476345,0,0,1,0,1,0,0,0
11.0,24.0,00:56:32.040,84801.0,A,,切球,1.0,,A3,64.0,862.0,1.0,,,6,4,,B1,103.0,335.0,2.0,1000.0,235,77,179,961,168,381,227,267,80.0,30.0,60.0,40.0,23.0,43.25,48.98532943647516,21.0,28.499999999999996,35.40127116361784,0.09396009791395495,55.02726596879042,1,0,0,0,1,0,0,0
11.0,25.0,00:56:33.120,84828.0,B,,放小球,,,B1,103.0,335.0,2.0,,,6,4,,A1,293.0,460.0,2.0,1000.0,168,381,227,267,231,334,249,334,40.0,90.0,0.0,70.0,16.0,45.25,47.99544249197,42.5,14.249999999999998,44.82535554794853,,379.3375805268969,1,0,0,0,1,0,0,0
11.0,26.0,00:56:34.480,84862.0,B,,掛網球,,,A1,293.0,460.0,2.0,未回擊成功,對方失誤,7,4,A,,,,,,231,334,249,334,,,,,60.0,90.0,30.0,0.0,16.5,22.75,28.1036029718611,18.25,25.0,30.95258470628907,0.019035839881654814,922.5811617413397,1,0,0,0,,,,
12.0,1.0,00:56:57.240,85431.0,A,1.0,發長球,,,B2,236.0,672.0,2.0,,,7,4,,A4,285.0,46.0,1.0,,,,,,438,-110,454,-80,70.0,80.0,0.0,80.0,44.25,27.0,51.83688358688242,45.0,40.5,60.5413082118317,,1066.437527471722,,,,,0,0,0,1
12.0,2.0,00:56:59.360,85484.0,B,,長球,1.0,,A4,285.0,46.0,1.0,,,7,4,,B4,336.0,883.0,2.0,1000.0,438,-110,454,-80,357,84,410,1083,60.0,70.0,90.0,10.0,39.0,1.7500000000000002,39.03924307667862,32.25,12.25,34.49818835823122,0.6783275388777902,117.34138229968147,0,0,0,1,1,0,0,0
12.0,3.0,00:57:00.400,85510.0,A,,過渡切球,,,B4,336.0,883.0,2.0,,,7,4,,A1,336.0,463.0,2.0,0.0,357,84,410,1083,341,49,398,1109,40.0,0.0,0.0,60.0,6.0,22.5,23.286262044390035,40.0,41.0,57.280013966478734,,558.9606426216429,1,0,0,0,1,0,0,0
12.0,4.0,00:57:00.960,85524.0,A,,掛網球,,,A1,336.0,463.0,2.0,未回擊成功,對方失誤,7,5,B,,,,,,341,49,398,1109,,,,,30.0,50.0,90.0,50.0,19.25,41.25,45.520599732428835,25.25,68.75,73.24018705601455,0.0052790251125977876,89.0,1,0,0,0,,,,
13.0,1.0,00:57:29.960,86249.0,B,1.0,發長球,,,B2,192.0,246.0,2.0,,,7,5,,A4,124.0,923.0,1.0,,,,,,264,91,165,1172,,,,,,,,,,,,1134.1944277768253,,,,,0,1,0,0
13.0,2.0,00:57:31.960,86299.0,A,,長球,1.0,,A4,124.0,923.0,1.0,,,7,5,,B4,89.0,33.0,1.0,2000.0,264,91,165,1172,185,-7,217,49,,,,,,,,,,,0.07675366440763594,0.0,0,1,0,0,0,0,1,0
13.0,3.0,00:57:33.160,86329.0,B,,切球,,,B4,89.0,33.0,1.0,,,7,5,,A2,107.0,620.0,2.0,0.0,185,-7,217,49,222,-36,210,992,,,,,,,,,,,0.3381334795609568,104.29285689825551,0,0,1,0,1,0,0,0
13.0,4.0,00:57:33.760,86344.0,A,,放小球,,1.0,A2,107.0,620.0,2.0,,,7,5,,A1,273.0,379.0,2.0,1000.0,222,-36,210,992,405,410,338,216,,,,,,,,,,,0.07317316789643591,437.7487864060847,1,0,0,0,1,0,0,0
13.0,5.0,00:57:34.640,86366.0,B,,放小球,,1.0,A1,273.0,379.0,2.0,,,7,5,,B1,251.0,511.0,2.0,1000.0,405,410,338,216,320,279,382,790,,,,,,,,,,,,93.14504817756014,1,0,0,0,1,0,0,0
13.0,6.0,00:57:35.560,86389.0,A,,挑球,,,B1,251.0,511.0,2.0,,,7,5,,A4,310.0,36.0,1.0,,320,279,382,790,,,,,,,,,,,,,,,0.037730771408905905,829.3931516476368,1,0,0,0,,,,
13.0,7.0,00:57:37.080,86427.0,B,,長球,1.0,,A4,310.0,36.0,1.0,,,7,5,,A3,134.0,881.0,1.0,,,,,,320,-14,173,996,,,,,,,,,,,,68.0,,,,,1,0,0,0
13.0,8.0,00:57:38.360,86459.0,A,,殺球,1.0,,A3,134.0,881.0,1.0,,,7,5,,A3,384.0,187.0,2.0,1000.0,320,-14,173,996,304,138,414,171,,,,,,,,,,,0.0009879697281159323,1129.8340586121485,1,0,0,0,0,1,0,0
13.0,9.0,00:57:39.080,86477.0,B,,未擊球,,,A3,384.0,187.0,2.0,落地,殺球得分,8,5,A,,,,,27000.0,304,138,414,171,178,97,309,940,,,,,,,,,,,0.011359638589712654,103.12128781197411,0,1,0,0,1,0,0,0
14.0,1.0,00:58:06.840,87171.0,A,1.0,發長球,,,B2,250.0,674.0,2.0,,,8,5,,B4,124.0,2.0,1.0,3000.0,178,97,309,940,194,-149,214,-149,,,,,,,,,,,0.020833999989333673,68.96375859826666,1,0,0,0,0,0,0,1
14.0,2.0,00:58:09.080,87227.0,B,,殺球,,,B4,124.0,2.0,1.0,,,8,5,,A2,85.0,694.0,2.0,0.0,194,-149,214,-149,224,-28,264,940,,,,,,,,,,,0.055430136207662344,1199.3206410297457,0,0,0,1,1,0,0,0
14.0,3.0,00:58:09.680,87242.0,A,,防守回挑,,1.0,A2,85.0,694.0,2.0,,,8,5,,B3,69.0,82.0,1.0,1000.0,224,-28,264,940,164,-65,215,-126,,,,,,,,,,,0.13973009697269947,9.0,1,0,0,0,0,0,0,1
14.0,4.0,00:58:10.480,87262.0,B,,殺球,,,B3,69.0,82.0,1.0,,,8,5,,A2,76.0,714.0,2.0,0.0,164,-65,215,-126,94,63,167,1012,,,,,,,,,,,0.4909014666916366,558.2338219778519,0,0,0,1,1,0,0,0
14.0,5.0,00:58:10.920,87273.0,A,,擋小球,,1.0,A2,76.0,714.0,2.0,,,8,5,,A1,265.0,340.0,2.0,1000.0,94,63,167,1012,350,493,273,267,,,,,,,,,,,0.028659882918269028,28.0,1,0,0,0,1,0,0,0
14.0,6.0,00:58:11.840,87296.0,B,,挑球,,1.0,A1,265.0,340.0,2.0,,,8,5,,A4,119.0,883.0,1.0,2000.0,350,493,273,267,261,138,133,1046,,,,,,,,,,,0.21896860505561067,924.7010327668073,1,0,0,0,1,0,0,0
14.0,7.0,00:58:13.200,87330.0,A,,長球,1.0,,A4,119.0,883.0,1.0,,,8,5,,B3,95.0,89.0,1.0,0.0,261,138,133,1046,224,-50,233,-50,,,,,,,,,,,0.05070749451511088,77.83315488916018,1,0,0,0,0,0,0,1
14.0,8.0,00:58:13.840,87346.0,B,,殺球,,,B3,95.0,89.0,1.0,,,8,5,,B2,334.0,721.0,2.0,1000.0,224,-50,233,-50,189,111,271,996,,,,,,,,,,,0.2908987151913875,1162.0296898100323,0,0,0,1,1,0,0,0
14.0,9.0,00:58:14.520,87363.0,A,,擋小球,,,B2,334.0,721.0,2.0,,,8,5,,B1,351.0,484.0,2.0,1000.0,189,111,271,996,413,171,432,826,,,,,,,,,,,,47.12748667179272,1,0,0,0,1,0,0,0
14.0,10.0,00:58:15.360,87384.0,A,,未過網,,,B1,351.0,484.0,2.0,落地,殺球得分,8,6,B,,,,,,413,171,432,826,,,,,,,,,,,,,,,0.0031848297583338984,659.6241353983343,1,0,0,0,,,,
15.0,1.0,00:58:55.520,88388.0,B,1.0,發長球,,,B2,176.0,245.0,2.0,,,8,6,,B4,342.0,925.0,1.0,,,,,,285,14,493,1242,,,,,,,,,,,,69.52697318307479,,,,,1,0,0,0
15.0,2.0,00:58:57.480,88437.0,A,,切球,,,B4,342.0,925.0,1.0,,,8,6,,B2,92.0,311.0,2.0,1000.0,285,14,493,1242,154,316,243,164,,,,,,,,,,,0.09897979591815695,900.0311105734067,1,0,0,0,0,1,0,0
15.0,3.0,00:58:58.400,88460.0,B,,放小球,,,B2,92.0,311.0,2.0,,,8,6,,A1,90.0,541.0,2.0,1000.0,154,316,243,164,237,191,197,869,,,,,,,,,,,0.09364961291964852,80.72174428244226,0,1,0,0,1,0,0,0
15.0,4.0,00:58:59.360,88484.0,A,,挑球,,1.0,A1,90.0,541.0,2.0,,,8,6,,B3,88.0,54.0,2.0,1000.0,237,191,197,869,203,56,264,56,,,,,,,,,,,0.5020806708089847,633.6884092359588,1,0,0,0,0,0,1,0
15.0,5.0,00:59:00.400,88510.0,B,,過渡切球,,,B3,88.0,54.0,2.0,,,8,6,,B1,89.0,467.0,2.0,0.0,203,56,264,56,196,0,256,56,,,,,,,,,,,,114.84337159801605,0,0,1,0,0,0,1,0
15.0,6.0,00:59:00.560,88514.0,B,,掛網球,,,B1,89.0,467.0,2.0,未回擊成功,對方失誤,9,6,A,,,,,,196,0,256,56,,,,,,,,,,,,,,,0.017030744258546074,,0,0,1,0,,,,
16.0,1.0,00:59:17.960,88949.0,A,1.0,發長球,,,B2,222.0,682.0,2.0,,,9,6,,A4,341.0,9.0,1.0,,,,,,541,-157,526,-80,,,,,,,,,,,,,,,,,0,0,0,1
16.0,2.0,00:59:20.120,89003.0,B,,切球,1.0,,A4,341.0,9.0,1.0,,,9,6,,A1,98.0,597.0,2.0,0.0,541,-157,526,-80,399,0,263,952,,,,,,,,,,,0.19845811900751253,,0,0,0,1,1,0,0,0
16.0,3.0,00:59:20.920,89023.0,A,,挑球,,1.0,A1,98.0,597.0,2.0,,,9,6,,B3,45.0,73.0,2.0,2000.0,399,0,263,952,132,28,222,84,,,,,,,,,,,0.08120537235922264,,1,0,0,0,0,0,1,0
16.0,4.0,00:59:22.000,89050.0,B,,平球,,,B3,45.0,73.0,2.0,,,9,6,,A2,147.0,685.0,1.0,0.0,132,28,222,84,186,49,166,1000,,,,,,,,,,,0.12119818480488888,,0,0,1,0,1,0,0,0
16.0,5.0,00:59:22.480,89062.0,A,,長球,,,A2,147.0,685.0,1.0,,,9,6,,A3,249.0,98.0,1.0,1000.0,186,49,166,1000,275,42,319,104,,,,,,,,,,,,,1,0,0,0,0,0,1,0
16.0,6.0,00:59:23.280,89082.0,B,,長球,1.0,,A3,249.0,98.0,1.0,,,9,6,,B3,309.0,858.0,1.0,,275,42,319,104,,,,,,,,,,,,,,,0.03217530108639234,,0,0,1,0,,,,
16.0,7.0,00:59:24.760,89119.0,A,,殺球,,,B3,309.0,858.0,1.0,,,9,6,,A3,302.0,177.0,2.0,,,,,,324,91,362,145,,,,,,,,,,,,,,,,,0,1,0,0
16.0,8.0,00:59:25.200,89130.0,B,,擋小球,,1.0,A3,302.0,177.0,2.0,,,9,6,,B1,336.0,592.0,2.0,1000.0,324,91,362,145,403,171,331,1061,,,,,,,,,,,0.023351927115336756,,0,1,0,0,1,0,0,0
16.0,9.0,00:59:26.200,89155.0,A,,挑球,,,B1,336.0,592.0,2.0,,,9,6,,A3,343.0,59.0,1.0,1000.0,403,171,331,1061,264,178,388,145,,,,,,,,,,,,,1,0,0,0,0,1,0,0
16.0,10.0,00:59:27.240,89181.0,B,,長球,,1.0,A3,343.0,59.0,1.0,,,9,6,,B3,322.0,866.0,1.0,,264,178,388,145,,,,,,,,,,,,,,,0.02005772918353421,,0,1,0,0,,,,
16.0,11.0,00:59:28.520,89213.0,A,,切球,,,B3,322.0,866.0,1.0,,,9,6,,A2,357.0,296.0,2.0,,,,,,280,203,298,151,,,,,,,,,,,,,,,,,0,1,0,0
16.0,12.0,00:59:29.320,89233.0,B,,挑球,,1.0,A2,357.0,296.0,2.0,,,9,6,,A3,141.0,864.0,1.0,1000.0,280,203,298,151,166,375,150,754,,,,,,,,,,,,,0,1,0,0,1,0,0,0
16.0,13.0,00:59:30.400,89260.0,A,,切球,1.0,,A3,141.0,864.0,1.0,,,9,6,,A2,310.0,266.0,2.0,,166,375,150,754,,,,,,,,,,,,,,,,,1,0,0,0,,,,
16.0,14.0,00:59:31.120,89278.0,B,,放小球,,1.0,A2,310.0,266.0,2.0,,,9,6,,A1,128.0,532.0,2.0,,,,,,,,,,,,,,,,,,,,,,,,,,,,,
16.0,15.0,00:59:32.240,89306.0,A,,放小球,,1.0,A1,128.0,532.0,2.0,,,9,6,,B1,86.0,419.0,2.0,,,,,,,,,,,,,,,,,,,,,,,,,,,,,
16.0,16.0,00:59:33.120,89328.0,B,,挑球,,,B1,86.0,419.0,2.0,,,9,6,,B3,259.0,755.0,1.0,,,,,,,,,,,,,,,,,,,,,,,,,,,,,
16.0,17.0,00:59:35.240,89381.0,A,,殺球,,,B3,259.0,755.0,1.0,,,9,6,,B2,207.0,191.0,2.0,,,,,,,,,,,,,,,,,,,,,,,,,,,,,
16.0,18.0,00:59:35.640,89391.0,B,,擋小球,,1.0,B2,207.0,191.0,2.0,,,9,6,,B3,106.0,175.0,2.0,,,,,,,,,,,,,,,,,,,,,,,,,,,,,
16.0,19.0,00:59:36.240,89406.0,B,,未過網,,,B3,106.0,175.0,2.0,落地,殺球得分,10,6,A,,,,,,,,,,295,171,405,1087,,,,,,,,,,,,,,,,,0,1,0,0
17.0,1.0,01:00:05.480,90137.0,A,1.0,發長球,,,B2,241.0,693.0,2.0,,,10,6,,B4,116.0,26.0,1.0,,295,171,405,1087,,,,,,,,,,,,,,,0.06531313463274868,,0,1,0,0,,,,
17.0,2.0,01:00:07.760,90194.0,B,,長球,,,B4,116.0,26.0,1.0,,,10,6,,B3,298.0,781.0,1.0,,,,,,381,-95,264,965,,,,,,,,,,,,,,,,,1,0,0,0
17.0,3.0,01:00:08.600,90215.0,A,,切球,,,B3,298.0,781.0,1.0,,,10,6,,A2,305.0,202.0,2.0,1000.0,381,-95,264,965,418,-14,453,-126,,,,,,,,,,,0.14795649698475563,,1,0,0,0,0,0,0,1
17.0,4.0,01:00:09.120,90228.0,B,,放小球,,1.0,A2,305.0,202.0,2.0,,,10,6,,A1,99.0,563.0,2.0,1000.0,418,-14,453,-126,137,421,231,972,,,,,,,,,,,0.12707674846328104,,0,0,0,1,0,1,0,0
17.0,5.0,01:00:10.160,90254.0,A,,挑球,,1.0,A1,99.0,563.0,2.0,,,10,6,,A3,320.0,82.0,1.0,1000.0,137,421,231,972,228,125,317,125,,,,,,,,,,,0.1390485526713601,,0,1,0,0,0,1,0,0
17.0,6.0,01:00:11.240,90281.0,B,,殺球,1.0,,A3,320.0,82.0,1.0,,,10,6,,A2,122.0,665.0,2.0,0.0,228,125,317,125,168,-7,147,1127,,,,,,,,,,,0.09563080047767038,,0,1,0,0,1,0,0,0
17.0,7.0,01:00:11.720,90293.0,A,,擋小球,,1.0,A2,122.0,665.0,2.0,,,10,6,,B1,92.0,342.0,2.0,1000.0,168,-7,147,1127,225,42,225,42,,,,,,,,,,,,,1,0,0,0,0,0,1,0
17.0,8.0,01:00:12.920,90323.0,B,,挑球,,,B1,92.0,342.0,2.0,,,10,6,,A4,98.0,917.0,1.0,,225,42,225,42,,,,,,,,,,,,,,,0.10719310197541217,,0,0,1,0,,,,
17.0,9.0,01:00:14.440,90361.0,A,,長球,1.0,,A4,98.0,917.0,1.0,,,10,6,,B4,77.0,52.0,1.0,,,,,,458,334,399,248,,,,,,,,,,,,,,,,,0,1,0,0
17.0,10.0,01:00:15.200,90380.0,B,,長球,,,B4,77.0,52.0,1.0,,,10,6,,A4,85.0,894.0,1.0,1000.0,458,334,399,248,379,260,509,678,,,,,,,,,,,0.037260065754101936,,0,1,0,0,1,0,0,0
17.0,11.0,01:00:16.760,90419.0,A,,切球,1.0,,A4,85.0,894.0,1.0,,,10,6,,A1,301.0,337.0,2.0,1000.0,379,260,509,678,488,357,512,267,,,,,,,,,,,,,1,0,0,0,1,0,0,0
17.0,12.0,01:00:17.680,90442.0,B,,放小球,,1.0,A1,301.0,337.0,2.0,,,10,6,,A1,329.0,467.0,2.0,,488,357,512,267,,,,,,,,,,,,,,,0.004806960017743893,,1,0,0,0,,,,
17.0,13.0,01:00:18.400,90460.0,B,,掛網球,,,A1,329.0,467.0,2.0,未回擊成功,對方失誤,11,6,A,,,,,,,,,,328,178,191,996,,,,,,,,,,,,,,,,,1,0,0,0
18.0,1.0,01:01:33.600,92340.0,A,1.0,發長球,,,B2,192.0,248.0,2.0,,,11,6,,A4,119.0,919.0,1.0,2000.0,328,178,191,996,241,138,309,138,,,,,,,,,,,0.055355417279813024,,1,0,0,0,0,1,0,0
18.0,2.0,01:01:35.760,92394.0,B,,長球,1.0,,A4,119.0,919.0,1.0,,,11,6,,B4,69.0,37.0,1.0,1000.0,241,138,309,138,106,-103,199,1023,,,,,,,,,,,0.0412568176184252,,0,1,0,0,1,0,0,0
18.0,3.0,01:01:36.840,92421.0,A,,切球,,,B4,69.0,37.0,1.0,,,11,6,,D2,407.0,620.0,2.0,1000.0,106,-103,199,1023,291,104,256,7,,,,,,,,,,,0.026719634894378494,,1,0,0,0,0,0,1,0
18.0,4.0,01:01:37.880,92447.0,B,,未擊球,,,D2,407.0,620.0,2.0,出界,對方失誤,11,7,B,,,,,14000.0,291,104,256,7,406,125,426,191,,,,,,,,,,,0.02007028665091757,,0,0,1,0,0,1,0,0
19.0,1.0,01:01:51.040,92776.0,B,1.0,發長球,,,B2,236.0,692.0,2.0,,,11,7,,A4,283.0,14.0,1.0,2000.0,406,125,426,191,432,-228,275,961,,,,,,,,,,,0.08655092431626597,,0,1,0,0,1,0,0,0
19.0,2.0,01:01:53.040,92826.0,A,,切球,1.0,,A4,283.0,14.0,1.0,,,11,7,,B2,373.0,635.0,2.0,0.0,432,-228,275,961,392,-14,401,-14,,,,,,,,,,,0.28733299497273196,,1,0,0,0,0,0,0,1
19.0,3.0,01:01:53.920,92848.0,B,,擋小球,,,B2,373.0,635.0,2.0,,,11,7,,A1,327.0,363.0,2.0,1000.0,392,-14,401,-14,448,369,388,924,,,,,,,,,,,0.16525907690653485,,0,0,0,1,0,1,0,0
19.0,4.0,01:01:54.920,92873.0,A,,挑球,,1.0,A1,327.0,363.0,2.0,,,11,7,,B2,287.0,734.0,1.0,1000.0,448,369,388,924,401,316,429,316,,,,,,,,,,,0.049727381793132845,,0,1,0,0,1,0,0,0
19.0,5.0,01:01:55.640,92891.0,B,,殺球,,,B2,287.0,734.0,1.0,,,11,7,,B3,113.0,159.0,2.0,1000.0,401,316,429,316,369,111,333,1035,,,,,,,,,,,0.017019477951975656,,1,0,0,0,1,0,0,0
19.0,6.0,01:01:56.280,92907.0,A,,未擊球,,,B3,113.0,159.0,2.0,落地,殺球得分,11,8,B,,,,,16000.0,369,111,333,1035,182,91,209,164,,,,,,,,,,,0.013928748359569051,,1,0,0,0,0,1,0,0
20.0,1.0,01:02:12.760,93319.0,B,1.0,發長球,,,B2,235.0,689.0,2.0,,,11,8,,B4,92.0,22.0,1.0,2000.0,182,91,209,164,134,-196,242,961,,,,,,,,,,,0.04221801879661232,,0,1,0,0,1,0,0,0
20.0,2.0,01:02:14.600,93365.0,A,,長球,,,B4,92.0,22.0,1.0,,,11,8,,B4,310.0,895.0,1.0,1000.0,134,-196,242,961,282,56,327,70,,,,,,,,,,,0.1481968707496889,,1,0,0,0,0,0,1,0
20.0,3.0,01:02:15.720,93393.0,B,,切球,,,B4,310.0,895.0,1.0,,,11,8,,B1,84.0,346.0,2.0,1000.0,282,56,327,70,161,352,261,1004,,,,,,,,,,,0.08416687293704098,,0,0,1,0,0,1,0,0
20.0,4.0,01:02:16.760,93419.0,A,,挑球,,,B1,84.0,346.0,2.0,,,11,8,,A2,113.0,739.0,1.0,1000.0,161,352,261,1004,190,229,243,184,,,,,,,,,,,0.0815659242576212,,0,1,0,0,0,1,0,0
20.0,5.0,01:02:17.320,93433.0,B,,殺球,1.0,,A2,113.0,739.0,1.0,,,11,8,,A2,215.0,208.0,2.0,0.0,190,229,243,184,225,171,91,1061,,,,,,,,,,,0.11811223475999429,,0,1,0,0,1,0,0,0
20.0,6.0,01:02:17.720,93443.0,A,,擋小球,,1.0,A2,215.0,208.0,2.0,,,11,8,,A1,131.0,574.0,2.0,1000.0,225,171,91,1061,256,138,316,84,,,,,,,,,,,0.09026523417130208,,1,0,0,0,0,1,0,0
20.0,7.0,01:02:18.480,93462.0,B,,放小球,,1.0,A1,131.0,574.0,2.0,,,11,8,,A1,329.0,366.0,2.0,1000.0,256,138,316,84,402,279,271,899,,,,,,,,,,,0.07201952860162306,,0,1,0,0,1,0,0,0
20.0,8.0,01:02:19.360,93484.0,A,,放小球,,1.0,A1,329.0,366.0,2.0,,,11,8,,B1,313.0,490.0,2.0,1000.0,402,279,271,899,412,145,445,35,,,,,,,,,,,0.09916148445843276,,1,0,0,0,0,1,0,0
20.0,9.0,01:02:20.080,93502.0,B,,放小球,,,B1,313.0,490.0,2.0,,,11,8,,A1,337.0,420.0,2.0,0.0,412,145,445,35,426,369,431,735,,,,,,,,,,,0.11866022922613963,,0,1,0,0,1,0,0,0
20.0,10.0,01:02:20.800,93520.0,A,,挑球,,1.0,A1,337.0,420.0,2.0,,,11,8,,A4,170.0,892.0,2.0,2000.0,426,369,431,735,335,310,344,310,,,,,,,,,,,,,1,0,0,0,1,0,0,0
20.0,11.0,01:02:22.120,93553.0,B,,挑球,,1.0,A4,170.0,892.0,2.0,,,11,8,,D2,21.0,196.0,2.0,,335,310,344,310,,,,,,,,,,,,,,,,,1,0,0,0,,,,
