rally,ball_round,time,frame_num,player,server,type,aroundhead,backhand,hit_area,hit_x,hit_y,hit_height,lose_reason,win_reason,roundscore_A,roundscore_B,getpoint_player,landing_area,landing_x,landing_y,landing_height
1,1,00:26:10.120,39253,A,1,發長球,,,B2,170,239,2,,,0,0,,B4,319,886,1
1,2,00:26:12.400,39310,B,,長球,,,B4,319,886,1,,,0,0,,B4,57,51,2
1,3,00:26:13.640,39341,A,,過渡切球,,,B4,57,51,2,,,0,0,,A1,106,509,2
1,4,00:26:14.600,39365,B,,放小球,,1,A1,106,509,2,,,0,0,,B1,95,440,2
1,5,00:26:15.520,39388,A,,挑球,,,B1,95,440,2,,,0,0,,A4,117,887,1
1,6,00:26:17.480,39437,B,,殺球,1,,A4,117,887,1,,,0,0,,A2,387,237,2
1,7,00:26:18.200,39455,A,,未擊球,,,A2,387,237,2,落地,殺球精準,0,1,B,,,,
,,,,,,,,,,,,,,,0,1,,,,,
2,1,00:26:33.640,39841,A,,長球,1,,A4,285,33,1,,,0,1,,B4,385,887,1
2,2,00:26:34.840,39871,B,,長球,,,B4,385,887,1,,,0,1,,A4,323,26,1
2,3,00:26:36.120,39903,A,,殺球,1,,A4,323,26,1,,,0,1,,A1,81,606,2
2,4,00:26:36.680,39917,B,,擋小球,,1,A1,81,606,2,,,0,1,,B3,372,862,2
2,5,00:26:37.680,39942,A,,挑球,,,B1,110,423,2,,,0,1,,B1,110,423,2
2,6,00:26:38.720,39968,B,,平球,,,B3,372,862,2,,,0,1,,A2,333,202,2
2,7,00:26:39.280,39982,A,,挑球,,1,A2,333,202,2,,,0,1,,B3,346,834,2
2,8,00:26:40.480,40012,B,,過渡切球,,,B3,346,834,2,,,0,1,,B1,327,470,2
2,9,00:26:41.040,40026,B,,掛網球,,,B1,327,470,2,未回擊成功,對手失誤,1,1,A,,,,
3,1,00:27:05.800,40645,A,1,發長球,,,A2,225,213,2,,,1,1,,A3,100,881,1
3,2,00:27:08.040,40701,B,,長球,1,,A3,100,881,1,,,1,1,,B4,78,22,1
3,3,00:27:08.960,40724,A,,切球,,,B4,78,22,1,,,1,1,,A1,76,524,2
3,4,00:27:09.840,40746,B,,挑球,,1,A1,76,524,2,,,1,1,,A4,291,32,1
3,5,00:27:11.240,40781,A,,長球,1,,A4,291,32,1,,,1,1,,B3,341,878,1
3,6,00:27:12.280,40807,B,,切球,,,B3,341,878,1,,,1,1,,A2,366,284,2
3,7,00:27:13.320,40833,A,,挑球,,1,A2,366,284,2,,,1,1,,B3,363,834,1
3,8,00:27:14.120,40853,B,,殺球,,,B3,363,834,1,,,1,1,,A3,374,96,2
3,9,00:27:14.600,40865,A,,擋小球,,1,A3,374,96,2,,,1,1,,A1,212,492,2
3,10,00:27:15.400,40885,B,,放小球,,1,A1,212,492,2,,,1,1,,B1,86,362,2
3,11,00:27:16.320,40908,A,,挑球,,,B1,86,362,2,,,1,1,,B4,310,888,1
3,12,00:27:17.760,40944,B,,殺球,,,B4,310,888,1,,,1,1,,A3,389,89,2
3,13,00:27:18.440,40961,A,,未擊球,,,A3,389,89,2,落地,殺球精準,1,2,B,,,,
4,1,00:27:48.680,41717,B,1,發長球,,,B2,268,679,2,,,1,2,,B5,90,-48,2
4,2,00:27:51.000,41775,A,,未擊球,,,B5,90,-48,2,出界,對方失誤,2,2,A,,,,
,,,,,,,,,,,,,,,2,2,,,,,
,,,,,,,,,,,,,,,2,2,,,,,
5,1,00:28:04.360,42109,A,,殺球,1,,A4,331,11,1,,,2,2,,A1,330,464,2
5,2,00:28:04.880,42122,A,,掛網球,,,A1,330,464,2,未回擊成功,對方失誤,2,3,B,,,,
6,1,00:28:17.960,42449,B,1,發長球,,,A2,198,674,2,,,2,3,,A4,291,18,1
6,2,00:28:20.000,42500,A,,殺球,1,,A4,291,18,1,,,2,3,,B2,378,665,2
6,3,00:28:20.600,42515,B,,擋小球,,,B2,378,665,2,,,2,3,,A1,337,428,2
6,4,00:28:21.640,42541,A,,放小球,,1,A1,337,428,2,,,2,3,,A1,143,492,2
6,5,00:28:22.520,42563,B,,挑球,,1,A1,143,492,2,,,2,3,,A4,277,39,1
6,6,00:28:24.120,42603,A,,長球,1,,A4,277,39,1,,,2,3,,B4,355,892,1
6,7,00:28:25.320,42633,B,,長球,,,B4,355,892,1,,,2,3,,A4,360,26,1
6,8,00:28:26.680,42667,A,,切球,1,,A4,360,26,1,,,2,3,,A1,122,606,2
6,9,00:28:27.440,42686,B,,放小球,,1,A1,122,606,2,,,2,3,,B1,82,403,2
6,10,00:28:28.440,42711,A,,挑球,,,B1,82,403,2,,,2,3,,A4,76,887,2
6,11,00:28:29.640,42741,B,,長球,,1,A4,76,887,2,,,2,3,,B4,47,22,1
6,12,00:28:30.720,42768,A,,切球,,,B4,47,22,1,,,2,3,,B1,341,532,2
6,13,00:28:31.600,42790,B,,挑球,,,B1,341,532,2,,,2,3,,A4,320,37,1
6,14,00:28:32.640,42816,A,,長球,,1,A4,320,37,1,,,2,3,,F4,436,910,2
6,15,00:28:34.040,42851,B,,未擊球,,,F4,436,910,2,出界,對方失誤,2,4,B,,,,
7,1,00:28:47.680,43192,B,1,發長球,,,B2,254,679,2,,,2,4,,B4,92,32,1
7,2,00:28:49.520,43238,A,,殺球,,,B4,92,32,1,,,2,4,,A2,78,652,2
7,3,00:28:50.000,43250,B,,擋小球,,1,A2,78,652,2,,,2,4,,A1,299,334,2
7,4,00:28:51.040,43276,A,,挑球,,1,A1,299,334,2,,,2,4,,A3,69,877,1
7,5,00:28:52.200,43305,B,,長球,1,,A3,69,877,1,,,2,4,,B4,54,29,1
7,6,00:28:53.760,43344,A,,切球,,,B4,54,29,1,,,2,4,,A1,68,547,2
7,7,00:28:54.640,43366,B,,挑球,,1,A1,68,547,2,,,2,4,,A3,350,54,1
7,8,00:28:55.880,43397,A,,長球,,1,A3,350,54,1,,,2,4,,A3,99,881,1
7,9,00:28:56.960,43424,B,,長球,1,,A3,99,881,1,,,2,4,,B4,66,37,1
7,10,00:28:57.920,43448,A,,長球,,,B4,66,37,1,,,2,4,,A4,61,890,1
7,11,00:28:59.520,43488,B,,切球,1,,A4,61,890,1,,,2,4,,B1,95,388,2
7,12,00:29:00.480,43512,A,,挑球,,,B1,95,388,2,,,2,4,,A3,74,848,1
7,13,00:29:01.600,43540,B,,殺球,1,,A3,74,848,1,,,2,4,,A2,286,325,2
7,14,00:29:02.600,43565,A,,未擊球,,,A2,286,325,2,落地,翻網球,2,5,B,,,,
8,1,00:29:31.120,44278,B,1,發長球,,,A2,190,695,2,,,2,5,,A4,288,26,1
8,2,00:29:33.200,44330,A,,殺球,,,A4,288,26,1,,,2,5,,B2,371,719,2
8,3,00:29:33.680,44342,B,,擋小球,,,B2,371,719,2,,,2,5,,B1,146,422,2
8,4,00:29:34.640,44366,A,,放小球,,,B1,146,422,2,,,2,5,,A1,88,532,2
8,5,00:29:35.640,44391,B,,放小球,,1,A1,88,532,2,,,2,5,,A1,275,448,1
8,6,00:29:36.520,44413,A,,撲球,,1,A1,275,448,1,,,2,5,,B3,287,753,2
8,7,00:29:36.840,44421,B,,未擊球,,,B3,287,753,2,落地,撲球得分,3,5,A,,,,
9,1,00:29:54.720,44868,A,1,發長球,,,A2,234,247,2,,,3,5,,A4,116,913,1
9,2,00:29:56.880,44922,B,,切球,1,,A4,116,913,1,,,3,5,,A2,352,269,2
9,3,00:29:57.600,44940,A,,放小球,,1,A2,352,269,2,,,3,5,,B1,363,517,2
9,4,00:29:58.640,44966,B,,放小球,,,B1,363,517,2,,,3,5,,A1,359,437,2
9,5,00:29:59.600,44990,A,,放小球,,1,A1,359,437,2,,,3,5,,B1,360,514,2
9,6,00:30:00.440,45011,B,,挑球,,,B1,360,514,2,,,3,5,,A4,333,34,1
9,7,00:30:01.720,45043,A,,長球,1,,A4,333,34,1,,,3,5,,B4,363,911,1
9,8,00:30:03.480,45087,B,,長球,,,B4,363,911,1,,,3,5,,A4,366,29,1
9,9,00:30:04.720,45118,A,,殺球,1,,A4,366,29,1,,,3,5,,D3,409,776,2
9,10,00:30:05.320,45133,B,,未擊球,,,D3,409,776,2,出界,對方失誤,3,6,B,,,,
,,,,,,,,,,,,,,,3,6,,,,,
10,1,00:30:21.640,45541,A,,長球,,,B4,99,34,1,,,3,6,,,,,1
10,2,00:30:22.480,45562,B,,長球,1,,A3,70,784,1,,,3,6,,B4,86,28,1
10,3,00:30:23.960,45599,A,,長球,,,B4,86,28,1,,,3,6,,B4,360,887,2
10,4,00:30:25.160,45629,B,,過渡切球,,,B4,360,887,2,,,3,6,,A2,380,242,2
10,5,00:30:25.960,45649,A,,擋小球,,1,A2,380,242,2,,,3,6,,B1,351,515,2
10,6,00:30:27.000,45675,B,,挑球,,,B1,351,515,2,,,3,6,,B4,85,33,1
10,7,00:30:28.400,45710,A,,長球,,,B4,85,33,1,,,3,6,,A3,77,822,1
10,8,00:30:29.120,45728,B,,切球,1,,A3,77,822,1,,,3,6,,A1,329,401,2
10,9,00:30:30.120,45753,A,,挑球,,,A1,329,401,2,,,3,6,,A4,96,886,1
10,10,00:30:31.640,45791,B,,長球,1,,A4,96,886,1,,,3,6,,A4,309,38,1
10,11,00:30:32.680,45817,A,,長球,1,,A4,309,38,1,,,3,6,,B3,342,881,1
10,12,00:30:34.480,45862,B,,切球,,,B3,342,881,1,,,3,6,,D2,26,305,2
10,13,00:30:35.480,45887,A,,未擊球,,,D2,26,305,2,出界,對'方失誤,4,6,A,,,,
11,1,00:30:54.400,46360,A,1,發長球,,,B2,163,262,2,,,4,6,,B4,302,906,1
11,2,00:30:56.680,46417,B,,切球,,,B4,302,906,1,,,4,6,,B1,63,347,2
11,3,00:30:57.520,46438,A,,挑球,,,B1,63,347,2,,,4,6,,A3,63,771,1
11,4,00:30:58.200,46455,B,,長球,1,,A3,63,771,1,,,4,6,,A4,258,22,1
11,5,00:30:59.400,46485,A,,殺球,1,,A4,258,22,1,,,4,6,,D3,403,748,2
11,6,00:31:00.040,46501,B,,未擊球,,,D3,403,748,2,出界,對方失誤,4,7,B,,,,
12,1,00:31:15.240,46881,B,1,發長球,,,A2,206,719,2,,,4,7,,A4,313,38,1
12,2,00:31:17.240,46931,A,,長球,1,,A4,313,38,1,,,4,7,,B3,350,832,1
12,3,00:31:18.080,46952,B,,長球,,,B3,350,832,1,,,4,7,,A4,315,31,1
12,4,00:31:19.480,46987,A,,切球,1,,A4,315,31,1,,,4,7,,B1,342,523,2
12,5,00:31:20.320,47008,B,,挑球,,,B1,342,523,2,,,4,7,,B4,105,44,2
12,6,00:31:21.440,47036,A,,過渡切球,,,B4,105,44,2,,,4,7,,B1,323,518,2
12,7,00:31:22.520,47063,B,,挑球,,,B1,323,518,2,,,4,7,,A4,308,38,1
12,8,00:31:23.720,47093,A,,長球,1,,A4,308,38,1,,,4,7,,B3,356,868,1
12,9,00:31:24.720,47118,B,,長球,,,B3,356,868,1,,,4,7,,C5,414,-3,2
12,10,00:31:26.360,47159,A,,未擊球,,,C5,414,-3,2,出界,對方失誤,5,7,A,,,,
13,1,00:31:42.840,47571,A,1,發長球,,,A2,229,247,2,,,5,7,,A4,167,885,1
13,2,00:31:45.040,47626,B,,切球,1,,A4,167,885,1,,,5,7,,A2,357,287,2
13,3,00:31:45.840,47646,A,,挑球,,1,A2,357,287,2,,,5,7,,B3,364,855,1
13,4,00:31:46.880,47672,B,,切球,,,B3,364,855,1,,,5,7,,B1,116,412,2
13,5,00:31:47.680,47692,A,,放小球,,,B1,116,412,2,,,5,7,,A1,84,499,2
13,6,00:31:48.720,47718,B,,挑球,,1,A1,84,499,2,,,5,7,,B4,196,19,1
13,7,00:31:50.640,47766,A,,長球,,,B4,196,19,1,,,5,7,,B4,359,913,1
13,8,00:31:51.720,47793,B,,切球,,,B4,359,913,1,,,5,7,,B1,104,362,2
13,9,00:31:52.720,47818,A,,挑球,,,B1,104,362,2,,,5,7,,A3,71,872,1
13,10,00:31:53.880,47847,B,,長球,1,,A3,71,872,1,,,5,7,,B4,69,39,2
13,11,00:31:54.880,47872,A,,過渡切球,,,B4,69,39,2,,,5,7,,B1,370,544,2
13,12,00:31:55.960,47899,B,,挑球,,,B1,370,544,2,,,5,7,,B4,61,53,2
13,13,00:31:57.280,47932,A,,平球,,,B4,61,53,2,,,5,7,,A3,49,750,2
13,14,00:31:57.840,47946,B,,擋小球,,1,A3,49,750,2,,,5,7,,B1,74,399,2
13,15,00:31:59.000,47975,A,,挑球,,,B1,74,399,2,,,5,7,,A3,91,866,2
13,16,00:32:00.400,48010,B,,長球,,1,A3,91,866,2,,,5,7,,B4,69,45,1
13,17,00:32:01.600,48040,A,,殺球,,,B4,69,45,1,,,5,7,,A1,269,463,2
13,18,00:32:02.000,48050,A,,掛網球,,,A1,269,463,2,未回擊成功,對方失誤,5,8,B,,,,
14,1,00:32:22.160,48554,B,1,發長球,,,B2,257,706,2,,,5,8,,B4,97,25,1
14,2,00:32:24.280,48607,A,,長球,,,B4,97,25,1,,,5,8,,B4,362,883,1
14,3,00:32:25.440,48636,B,,長球,,,B4,362,883,1,,,5,8,,A3,312,59,1
14,4,00:32:26.480,48662,A,,殺球,,,A3,312,59,1,,,5,8,,B1,169,462,2
14,5,00:32:26.680,48667,A,,掛網球,,,B1,169,462,2,未回擊成功,對方失誤,5,9,B,,,,
15,1,00:32:45.080,49127,B,1,發長球,,,A2,192,691,2,,,5,9,,A4,299,30,1
15,2,00:32:47.120,49178,A,,殺球,1,,A4,299,30,1,,,5,9,,B3,382,757,2
15,3,00:32:47.640,49191,B,,擋小球,,,B3,382,757,2,,,5,9,,A1,310,467,2
15,4,00:32:48.280,49207,B,,掛網球,,,A1,310,467,2,未回擊成功,對方失誤,6,9,A,,,,
16,1,00:33:15.400,49885,A,1,發小球,,,B2,157,242,2,,,6,9,,B1,287,524,2
16,2,00:33:16.200,49905,B,,挑球,,1,B1,287,524,2,,,6,9,,B4,83,30,1
16,3,00:33:17.480,49937,A,,長球,,,B4,83,30,1,,,6,9,,B3,313,882,1
16,4,00:33:18.480,49962,B,,切球,,,B3,313,882,1,,,6,9,,B2,62,215,2
16,5,00:33:19.040,49976,A,,未擊球,,,B2,62,215,2,落地,切球質量高,6,10,B,,,,
17,1,00:33:33.000,50325,B,1,發長球,,,B2,249,686,2,,,6,10,,B4,120,28,1
17,2,00:33:34.520,50363,A,,殺球,,,B4,120,28,1,,,6,10,,A2,70,691,2
17,3,00:33:35.040,50376,B,,擋小球,,1,A2,70,691,2,,,6,10,,B1,134,428,2
17,4,00:33:36.040,50401,A,,放小球,,,B1,134,428,2,,,6,10,,A1,168,492,2
17,5,00:33:36.800,50420,B,,放小球,,1,A1,168,492,2,,,6,10,,B1,177,443,2
17,6,00:33:37.680,50442,A,,挑球,,1,B1,177,443,2,,,6,10,,A3,68,875,1
17,7,00:33:39.920,50498,B,,殺球,1,,A3,68,875,1,,,6,10,,A2,344,202,2
17,8,00:33:40.480,50512,A,,未擊球,,,A2,344,202,2,落地,殺球得分,6,11,B,,,,
18,1,00:34:47.000,52175,B,1,發長球,,,B2,251,655,2,,,6,11,,A4,283,24,1
18,2,00:34:49.000,52225,A,,長球,1,,A4,283,24,1,,,6,11,,B4,365,910,1
18,3,00:34:50.080,52252,B,,長球,,,B4,365,910,1,,,6,11,,A4,302,29,1
18,4,00:34:51.560,52289,A,,長球,1,,A4,302,29,1,,,6,11,,A3,75,861,1
18,5,00:34:52.520,52313,B,,長球,1,,A3,75,861,1,,,6,11,,B4,86,22,1
18,6,00:34:54.080,52352,A,,長球,,,B4,86,22,1,,,6,11,,B4,346,890,2
18,7,00:34:55.200,52380,B,,過渡切球,,,B4,346,890,2,,,6,11,,B1,117,401,1
18,8,00:34:56.040,52401,A,,放小球,,,B1,117,401,1,,,6,11,,A1,85,554,2
18,9,00:34:56.920,52423,B,,挑球,,1,A1,85,554,2,,,6,11,,A4,273,26,1
18,10,00:34:58.320,52458,A,,長球,1,,A4,273,26,1,,,6,11,,A3,90,856,1
18,11,00:34:59.240,52481,B,,長球,1,,A3,90,856,1,,,6,11,,B4,68,23,2
18,12,00:35:00.360,52509,A,,過渡切球,,,B4,68,23,2,,,6,11,,A1,93,519,2
18,13,00:35:01.320,52533,B,,放小球,,1,A1,93,519,2,,,6,11,,B1,83,422,2
18,14,00:35:02.320,52558,A,,放小球,,,B1,83,422,2,,,6,11,,A1,98,512,2
18,15,00:35:03.360,52584,B,,放小球,,,A1,98,512,2,,,6,11,,A1,349,414,2
18,16,00:35:04.440,52611,A,,挑球,,,A1,349,414,2,,,6,11,,A3,121,877,1
18,17,00:35:06.680,52667,B,,殺球,1,,A3,121,877,1,,,6,11,,B4,37,23,2
18,18,00:35:07.440,52686,A,,未擊球,,,B4,37,23,2,落地,殺球得分,6,12,B,,,,
19,1,00:35:34.280,53357,B,1,發長球,,,B2,265,664,2,,,6,12,,B4,110,22,1
19,2,00:35:36.320,53408,A,,切球,,,B4,110,22,1,,,6,12,,B1,337,556,2
19,3,00:35:37.200,53430,B,,挑球,,,B1,337,556,2,,,6,12,,B4,64,31,1
19,4,00:35:38.480,53462,A,,長球,,,B4,64,31,1,,,6,12,,B3,329,866,1
19,5,00:35:39.440,53486,B,,長球,,,B3,329,866,1,,,6,12,,A4,326,44,1
19,6,00:35:40.480,53512,A,,長球,1,,A4,326,44,1,,,6,12,,A3,93,840,1
19,7,00:35:41.400,53535,B,,切球,1,,A3,93,840,1,,,6,12,,B2,90,247,2
19,8,00:35:42.000,53550,A,,挑球,,,B2,90,247,2,,,6,12,,B3,315,814,1
19,9,00:35:42.960,53574,B,,切球,,,B3,315,814,1,,,6,12,,A1,355,420,2
19,10,00:35:43.920,53598,A,,放小球,,1,A1,355,420,2,,,6,12,,B1,362,508,2
19,11,00:35:44.920,53623,B,,放小球,,,B1,362,508,2,,,6,12,,A1,300,451,2
19,12,00:35:46.040,53651,A,,放小球,,1,A1,300,451,2,,,6,12,,A1,263,464,2
19,13,00:35:46.440,53661,A,,掛網球,,,A1,263,464,2,未回擊成功,小球質量高,6,13,B,,,,
20,1,00:36:07.720,54193,B,1,發長球,,,A2,210,685,2,,,6,13,,A4,302,26,1
20,2,00:36:09.760,54244,A,,殺球,1,,A4,302,26,1,,,6,13,,B2,348,705,2
20,3,00:36:10.240,54256,B,,擋小球,,,B2,348,705,2,,,6,13,,B1,119,361,2
20,4,00:36:11.280,54282,A,,挑球,,,B1,119,361,2,,,6,13,,A3,76,848,1
20,5,00:36:12.360,54309,B,,切球,,,A3,76,848,1,,,6,13,,B3,67,182,2
20,6,00:36:12.960,54324,A,,放小球,,,B3,67,182,2,,,6,13,,A1,66,568,2
20,7,00:36:13.920,54348,B,,挑球,,1,A1,66,568,2,,,6,13,,A4,344,32,1
20,8,00:36:15.120,54378,A,,殺球,1,,A4,344,32,1,,,6,13,,B3,391,750,2
20,9,00:36:15.800,54395,B,,擋小球,,,B3,391,750,2,,,6,13,,B1,299,470,2
20,10,00:36:16.160,54404,B,,掛網球,,,B1,299,470,2,未回擊成功,對方失誤,7,13,A,,,,
21,1,00:36:34.480,54862,A,1,發長球,,,A2,219,237,2,,,7,13,,A5,167,-58,2
21,2,00:36:37.040,54926,B,,未擊球,,,A5,167,-58,2,出界,發球失誤,7,14,B,,,,
22,1,00:36:48.360,55209,B,1,發長球,,,B2,257,667,2,,,7,14,,B4,119,31,1
22,2,00:36:50.320,55258,A,,殺球,,,B4,119,31,1,,,7,14,,A2,85,647,2
22,3,00:36:50.800,55270,B,,擋小球,,1,A2,85,647,2,,,7,14,,B1,193,419,2
22,4,00:36:51.760,55294,A,,放小球,,,B1,193,419,2,,,7,14,,A1,211,486,2
22,5,00:36:52.720,55318,B,,挑球,,1,A1,211,486,2,,,7,14,,A4,298,36,1
22,6,00:36:54.880,55372,A,,切球,1,,A4,298,36,1,,,7,14,,A1,98,597,2
22,7,00:36:55.720,55393,B,,挑球,,1,A1,98,597,2,,,7,14,,B4,80,31,1
22,8,00:36:56.920,55423,A,,長球,,,B4,80,31,1,,,7,14,,A3,64,834,1
22,9,00:36:57.720,55443,B,,殺球,,,A3,64,834,1,,,7,14,,B1,248,471,2
22,10,00:36:58.000,55450,B,,掛網球,,,B1,248,471,2,未回擊成功,對方失誤,8,14,A,,,,
23,1,00:37:15.600,55890,A,1,發長球,,,B2,153,251,2,,,8,14,,B4,262,902,1
23,2,00:37:17.840,55946,B,,長球,,,B4,262,902,1,,,8,14,,B4,70,39,1
23,3,00:37:19.000,55975,A,,殺球,,,B4,70,39,1,,,8,14,,A3,64,747,2
23,4,00:37:19.440,55986,B,,擋小球,,1,A3,64,747,2,,,8,14,,B1,77,415,2
23,5,00:37:20.520,56013,A,,挑球,,,B1,77,415,2,,,8,14,,A4,67,892,1
23,6,00:37:22.000,56050,B,,長球,,,A4,67,892,1,,,8,14,,B4,77,32,1
23,7,00:37:23.320,56083,A,,切球,,,B4,77,32,1,,,8,14,,B2,327,614,2
23,8,00:37:24.120,56103,B,,挑球,,,B2,327,614,2,,,8,14,,A4,346,41,1
23,9,00:37:25.200,56130,A,,長球,,1,A4,346,41,1,,,8,14,,A3,74,877,1
23,10,00:37:26.600,56165,B,,切球,1,,A3,74,877,1,,,8,14,,B3,66,174,2
23,11,00:37:27.120,56178,A,,擋小球,,,B3,66,174,2,,,8,14,,A1,93,524,2
23,12,00:37:28.080,56202,B,,挑球,,1,A1,93,524,2,,,8,14,,A3,297,54,1
23,13,00:37:29.400,56235,A,,切球,1,,A3,297,54,1,,,8,14,,A1,102,588,2
23,14,00:37:30.280,56257,B,,挑球,,1,A1,102,588,2,,,8,14,,B4,117,38,1
23,15,00:37:31.520,56288,A,,長球,,,B4,117,38,1,,,8,14,,B3,346,879,2
23,16,00:37:32.560,56314,B,,過渡切球,,,B3,346,879,2,,,8,14,,A2,345,235,2
23,17,00:37:33.280,56332,A,,放小球,,1,A2,345,235,2,,,8,14,,A1,107,541,2
23,18,00:37:34.200,56355,B,,放小球,,1,A1,107,541,2,,,8,14,,B1,279,470,2
23,19,00:37:34.760,56369,B,,掛網球,,,B1,279,470,2,未回擊成功,對方失誤,9,14,A,,,,
24,1,00:38:01.960,57049,A,1,發長球,,,A2,213,256,2,,,9,14,,A4,133,893,1
24,2,00:38:04.160,57104,B,,切球,1,,A4,133,893,1,,,9,14,,A2,329,247,2
24,3,00:38:04.800,57120,A,,放小球,,1,A2,329,247,2,,,9,14,,B1,337,530,2
24,4,00:38:05.800,57145,B,,放小球,,,B1,337,530,2,,,9,14,,A1,346,430,2
24,5,00:38:06.720,57168,A,,放小球,,1,A1,346,430,2,,,9,14,,B1,346,492,1
24,6,00:38:07.360,57184,B,,撲球,,,B1,346,492,1,,,9,14,,B4,90,38,2
24,7,00:38:08.720,57218,A,,過渡切球,,,B4,90,38,2,,,9,14,,A3,60,809,2
24,8,00:38:09.400,57235,B,,挑球,,1,A3,60,809,2,,,9,14,,B1,38,430,1
24,9,00:38:10.560,57264,A,,殺球,,,B1,38,430,1,,,9,14,,A2,171,666,2
24,10,00:38:10.760,57269,B,,未擊球,,,A2,171,666,2,落地,殺球得分,10,14,A,,,,
25,1,00:38:33.520,57838,A,1,發長球,,,B2,154,245,2,,,10,14,,B4,256,898,1
25,2,00:38:35.680,57892,B,,長球,,,B4,256,898,1,,,10,14,,A4,299,34,1
25,3,00:38:36.760,57919,A,,切球,,,A4,299,34,1,,,10,14,,B1,316,552,2
25,4,00:38:37.600,57940,B,,挑球,,,B1,316,552,2,,,10,14,,B4,77,32,2
25,5,00:38:38.760,57969,A,,過渡切球,,,B4,77,32,2,,,10,14,,B1,379,569,2
25,6,00:38:39.800,57995,B,,挑球,,,B1,379,569,2,,,10,14,,C4,404,26,2
25,7,00:38:41.440,58036,A,,未擊球,,,C4,404,26,2,出界,對方失誤,11,14,A,,,,
26,1,00:38:57.680,58442,A,1,發長球,,,A2,213,251,2,,,11,14,,A4,90,892,1
26,2,00:38:59.880,58497,B,,長球,1,,A4,90,892,1,,,11,14,,B4,69,33,2
26,3,00:39:01.040,58526,A,,過渡切球,,,B4,69,33,2,,,11,14,,A1,100,515,2
26,4,00:39:01.640,58541,B,,擋小球,,1,A1,100,515,2,,,11,14,,A1,364,384,2
26,5,00:39:02.560,58564,A,,放小球,,1,A1,364,384,2,,,11,14,,A1,357,463,2
26,6,00:39:03.200,58580,A,,掛網球,,,A1,357,463,2,未回擊成功,對方失誤,11,15,B,,,,
27,1,00:39:17.960,58949,B,1,發長球,,,B2,213,678,2,,,11,15,,A4,275,38,1
27,2,00:39:20.000,59000,A,,長球,1,,A4,275,38,1,,,11,15,,B4,350,895,1
27,3,00:39:21.080,59027,B,,長球,,,B4,350,895,1,,,11,15,,A4,373,18,1
27,4,00:39:22.400,59060,A,,長球,1,,A4,373,18,1,,,11,15,,B4,349,898,1
27,5,00:39:23.640,59091,B,,長球,,,B4,349,898,1,,,11,15,,B4,73,44,1
27,6,00:39:24.800,59120,A,,過渡切球,,,B4,73,44,1,,,11,15,,A1,80,521,2
27,7,00:39:25.840,59146,B,,挑球,,1,A1,80,521,2,,,11,15,,A4,308,41,1
27,8,00:39:27.040,59176,A,,長球,1,,A4,308,41,1,,,11,15,,B4,381,887,2
27,9,00:39:28.040,59201,B,,過渡切球,,,B4,381,887,2,,,11,15,,A1,315,406,2
27,10,00:39:28.920,59223,A,,放小球,,,A1,315,406,2,,,11,15,,A1,89,565,2
27,11,00:39:29.960,59249,B,,未擊球,,,A1,89,565,2,落地,抓到對方球路,12,15,A,,,,
28,1,00:39:54.080,59852,A,1,發長球,,,B2,168,261,2,,,12,15,,B3,268,864,1
28,2,00:39:55.120,59878,B,,長球,,,B3,268,864,1,,,12,15,,B4,83,33,2
28,3,00:39:56.440,59911,A,,過渡切球,,,B4,83,33,2,,,12,15,,A1,97,544,2
28,4,00:39:57.320,59933,B,,挑球,,1,A1,97,544,2,,,12,15,,B4,99,34,2
28,5,00:39:58.360,59959,A,,長球,,,B4,99,34,2,,,12,15,,A3,62,757,1
28,6,00:39:59.040,59976,B,,擋小球,,1,A3,62,757,1,,,12,15,,B1,73,375,2
28,7,00:39:59.840,59996,A,,挑球,,,B1,73,375,2,,,12,15,,A4,141,902,1
28,8,00:40:01.560,60039,B,,長球,1,,A4,141,902,1,,,12,15,,A4,275,28,1
28,9,00:40:02.720,60068,A,,切球,1,,A4,275,28,1,,,12,15,,B1,356,554,2
28,10,00:40:03.680,60092,B,,挑球,,,B1,356,554,2,,,12,15,,B4,106,40,1
28,11,00:40:05.000,60125,A,,長球,,,B4,106,40,1,,,12,15,,A3,100,844,1
28,12,00:40:05.960,60149,B,,切球,1,,A3,100,844,1,,,12,15,,B3,42,145,2
28,13,00:40:06.520,60163,A,,擋小球,,,B3,42,145,2,,,12,15,,A1,52,523,2
28,14,00:40:07.520,60188,B,,放小球,,1,A1,52,523,2,,,12,15,,B1,51,403,2
28,15,00:40:08.480,60212,A,,挑球,,,B1,51,403,2,,,12,15,,A3,68,875,1
28,16,00:40:09.680,60242,B,,長球,1,,A3,68,875,1,,,12,15,,B4,63,46,1
28,17,00:40:10.840,60271,A,,長球,,,B4,63,46,1,,,12,15,,A3,66,863,1
28,18,00:40:11.920,60298,B,,長球,1,,A3,66,863,1,,,12,15,,A4,265,30,1
28,19,00:40:13.000,60325,A,,長球,1,,A4,265,30,1,,,12,15,,B4,364,892,1
28,20,00:40:14.120,60353,B,,長球,,,B4,364,892,1,,,12,15,,A4,331,34,1
28,21,00:40:15.440,60386,A,,殺球,1,,A4,331,34,1,,,12,15,,D3,411,791,2
28,22,00:40:16.080,60402,B,,未擊球,,,D3,411,791,2,出界,對方失誤,12,16,B,,,,
29,1,00:40:33.520,60838,B,1,發長球,,,B2,269,658,2,,,12,16,,B4,200,18,1
29,2,00:40:35.520,60888,A,,殺球,,,B4,200,18,1,,,12,16,,B2,213,633,2
29,3,00:40:36.160,60904,B,,防守回挑,,1,B2,213,633,2,,,12,16,,C3,418,81,2
29,4,00:40:38.160,60954,A,,未擊球,,,C3,418,81,2,出界,對方失誤,13,16,A,,,,
30,1,00:40:56.240,61406,A,1,發長球,,,B2,199,233,2,,,13,16,,A4,128,915,1
30,2,00:40:58.480,61462,B,,長球,1,,A4,128,915,1,,,13,16,,B4,62,25,1
30,3,00:40:59.560,61489,A,,長球,,,B4,62,25,1,,,13,16,,B4,307,906,2
30,4,00:41:00.680,61517,B,,過渡切球,,,B4,307,906,2,,,13,16,,B1,174,397,1
30,5,00:41:01.360,61534,A,,平球,,,B1,174,397,1,,,13,16,,A2,76,673,2
30,6,00:41:01.960,61549,B,,擋小球,,1,A2,76,673,2,,,13,16,,B0,92,468,2
30,7,00:41:02.520,61563,B,,掛網球,,,B0,92,468,2,未回擊成功,對方失誤,14,16,A,,,,
31,1,00:41:24.800,62120,A,1,發長球,,,B2,169,235,2,,,14,16,,B4,264,896,1
31,2,00:41:27.040,62176,B,,長球,,,B4,264,896,1,,,14,16,,A4,310,32,1
31,3,00:41:28.080,62202,A,,切球,1,,A4,310,32,1,,,14,16,,B1,304,508,2
31,4,00:41:29.080,62227,B,,放小球,,,B1,304,508,2,,,14,16,,A1,214,429,2
31,5,00:41:29.960,62249,A,,放小球,,1,A1,214,429,2,,,14,16,,A1,162,507,2
31,6,00:41:30.840,62271,B,,挑球,,1,A1,162,507,2,,,14,16,,A4,313,23,1
31,7,00:41:32.360,62309,A,,切球,1,,A4,313,23,1,,,14,16,,A1,114,582,2
31,8,00:41:33.200,62330,B,,擋小球,,1,A1,114,582,2,,,14,16,,A1,263,428,2
31,9,00:41:34.160,62354,A,,放小球,,1,A1,263,428,2,,,14,16,,A1,320,464,2
31,10,00:41:34.840,62371,A,,掛網球,,,A1,320,464,2,未回擊成功,對方失誤,14,17,B,,,,
32,1,00:41:51.120,62778,B,1,發長球,,,B2,214,702,2,,,14,17,,A4,307,32,1
32,2,00:41:53.080,62827,A,,殺球,1,,A4,307,32,1,,,14,17,,B3,357,746,2
32,3,00:41:53.680,62842,B,,擋小球,,,B3,357,746,2,,,14,17,,B1,143,420,2
32,4,00:41:54.680,62867,A,,挑球,,,B1,143,420,2,,,14,17,,A3,77,861,1
32,5,00:41:55.920,62898,B,,長球,1,,A3,77,861,1,,,14,17,,B4,86,41,1
32,6,00:41:57.480,62937,A,,殺球,,,B4,86,41,1,,,14,17,,B3,341,770,2
32,7,00:41:58.080,62952,B,,防守回挑,,,B3,341,770,2,,,14,17,,A3,352,94,1
32,8,00:41:59.000,62975,A,,擋小球,,1,A3,352,94,1,,,14,17,,B1,349,521,2
32,9,00:41:59.960,62999,B,,挑球,,,B1,349,521,2,,,14,17,,A4,298,38,1
32,10,00:42:01.200,63030,A,,長球,1,,A4,298,38,1,,,14,17,,D4,401,902,2
32,11,00:42:02.480,63062,B,,未擊球,,,D4,401,902,2,出界,對方失誤,14,18,B,,,,
,,,,,,,,,,,,,,,14,18,,,,,
33,1,00:42:18.920,63473,A,,殺球,,,B4,85,28,1,,,14,18,,A3,76,750,2
33,2,00:42:19.520,63488,B,,防守回挑,,1,A3,76,750,2,,,14,18,,B4,71,33,2
33,3,00:42:20.760,63519,A,,過渡切球,,,B4,71,33,2,,,14,18,,B1,61,465,2
33,4,00:42:21.280,63532,A,,掛網球,,,B1,61,465,2,未回擊成功,對方失誤,14,19,B,,,,
34,1,00:42:38.880,63972,B,1,發長球,,,A2,211,688,2,,,14,19,,A4,281,21,1
34,2,00:42:40.880,64022,A,,切球,1,,A4,281,21,1,,,14,19,,A1,78,578,2
34,3,00:42:41.720,64043,B,,放小球,,1,A1,78,578,2,,,14,19,,A1,121,512,2
34,4,00:42:42.600,64065,B,,未過網,,,A1,121,512,2,未回擊成功,切球質量好,15,19,A,,,,
35,1,00:42:56.360,64409,A,1,發長球,,,B2,205,246,2,,,15,19,,A4,81,901,1
35,2,00:42:58.520,64463,B,,長球,1,,A4,81,901,1,,,15,19,,B4,74,25,1
35,3,00:42:59.600,64490,A,,長球,,,B4,74,25,1,,,15,19,,A3,57,881,1
35,4,00:43:00.560,64514,B,,長球,1,,A3,57,881,1,,,15,19,,B4,73,36,2
35,5,00:43:01.560,64539,A,,過渡切球,,,B4,73,36,2,,,15,19,,A1,85,506,2
35,6,00:43:02.560,64564,B,,挑球,,1,A1,85,506,2,,,15,19,,B4,55,46,2
35,7,00:43:03.760,64594,A,,過渡切球,,,B4,55,46,2,,,15,19,,B1,372,538,2
35,8,00:43:04.840,64621,B,,挑球,,,B1,372,538,2,,,15,19,,A4,369,31,1
35,9,00:43:05.880,64647,A,,長球,1,,A4,369,31,1,,,15,19,,A3,116,863,1
35,10,00:43:06.840,64671,B,,切球,1,,A3,116,863,1,,,15,19,,A1,310,367,2
35,11,00:43:07.720,64693,A,,放小球,,1,A1,310,367,2,,,15,19,,B1,298,537,2
35,12,00:43:08.800,64720,B,,挑球,,,B1,298,537,2,,,15,19,,A4,334,43,1
35,13,00:43:10.400,64760,A,,長球,1,,A4,334,43,1,,,15,19,,A3,62,865,1
35,14,00:43:11.400,64785,B,,長球,1,,A3,62,865,1,,,15,19,,B4,75,34,1
35,15,00:43:12.920,64823,A,,長球,,,B4,75,34,1,,,15,19,,B3,329,753,1
35,16,00:43:13.520,64838,B,,長球,,,B3,329,753,1,,,15,19,,A3,320,74,1
35,17,00:43:14.160,64854,A,,長球,,1,A3,320,74,1,,,15,19,,B3,278,841,1
35,18,00:43:15.160,64879,B,,殺球,,,B3,278,841,1,,,15,19,,C3,407,73,2
35,19,00:43:15.840,64896,A,,未擊球,,,C3,407,73,2,出界,對方失誤,16,19,A,,,,
36,1,00:44:09.200,66230,A,1,發長球,,,B2,149,244,2,,,16,19,,B4,315,887,1
36,2,00:44:11.400,66285,B,,切球,,,B4,315,887,1,,,16,19,,A3,327,118,2
36,3,00:44:11.960,66299,A,,放小球,,1,A3,327,118,2,,,16,19,,B1,378,512,2
36,4,00:44:13.000,66325,B,,挑球,,,B1,378,512,2,,,16,19,,B4,57,32,1
36,5,00:44:14.280,66357,A,,殺球,,,B4,57,32,1,,,16,19,,B1,161,462,2
36,6,00:44:14.520,66363,A,,掛網球,,,B1,161,462,2,未回擊成功,對方失誤,16,20,B,,,,
37,1,00:44:32.440,66811,B,1,發長球,,,B2,265,660,2,,,16,20,,,,,1
37,2,00:44:34.480,66862,A,,長球,,,B4,103,23,1,,,16,20,,B4,329,887,2
37,3,00:44:35.640,66891,B,,過渡切球,,,B4,329,887,2,,,16,20,,A1,321,333,2
37,4,00:44:36.320,66908,A,,挑球,,,A1,321,333,2,,,16,20,,A3,76,864,1
37,5,00:44:37.360,66934,B,,長球,1,,A3,76,864,1,,,16,20,,B4,62,36,1
37,6,00:44:38.720,66968,A,,長球,,,B4,62,36,1,,,16,20,,A4,77,884,1
37,7,00:44:40.000,67000,B,,長球,1,,A4,77,884,1,,,16,20,,B4,53,28,1
37,8,00:44:41.200,67030,A,,長球,,,B4,53,28,1,,,16,20,,A4,70,902,1
37,9,00:44:42.520,67063,B,,長球,1,,A4,70,902,1,,,16,20,,A4,261,29,1
37,10,00:44:43.520,67088,A,,殺球,1,,A4,261,29,1,,,16,20,,B2,333,694,2
37,11,00:44:44.120,67103,B,,擋小球,,,B2,333,694,2,,,16,20,,A1,320,379,2
37,12,00:44:45.200,67130,A,,放小球,,1,A1,320,379,2,,,16,20,,A1,113,515,2
37,13,00:44:46.160,67154,B,,挑球,,1,A1,113,515,2,,,16,20,,A4,268,26,1
37,14,00:44:47.960,67199,A,,長球,1,,A4,268,26,1,,,16,20,,B4,352,904,2
37,15,00:44:49.360,67234,B,,過渡切球,,,B4,352,904,2,,,16,20,,A1,331,416,2
37,16,00:44:50.240,67256,A,,挑球,,1,A1,331,416,2,,,16,20,,A4,105,891,1
37,17,00:44:51.480,67287,B,,長球,,1,A4,105,891,1,,,16,20,,B4,93,48,1
37,18,00:44:52.840,67321,A,,殺球,,,B4,93,48,1,,,16,20,,A3,75,781,2
37,19,00:44:53.280,67332,B,,擋小球,,1,A3,75,781,2,,,16,20,,B1,85,440,1
37,20,00:44:54.160,67354,A,,撲球,,,B1,85,440,1,,,16,20,,B2,251,689,2
37,21,00:44:54.320,67358,B,,未擊球,,,B2,251,689,2,落地,撲球得分,17,20,A,,,,
38,1,00:45:22.640,68066,A,1,發長球,,,B2,208,248,2,,,17,20,,A4,100,886,1
38,2,00:45:24.800,68120,B,,切球,,,A4,100,886,1,,,17,20,,A1,312,361,2
38,3,00:45:25.520,68138,A,,放小球,,1,A1,312,361,2,,,17,20,,B1,331,509,2
38,4,00:45:26.560,68164,B,,放小球,,,B1,331,509,2,,,17,20,,A1,373,426,2
38,5,00:45:27.480,68187,A,,挑球,,1,A1,373,426,2,,,17,20,,A3,99,865,1
38,6,00:45:28.760,68219,B,,長球,1,,A3,99,865,1,,,17,20,,B4,86,34,1
38,7,00:45:30.360,68259,A,,長球,,,B4,86,34,1,,,17,20,,B4,333,901,1
38,8,00:45:31.560,68289,B,,長球,,,B4,333,901,1,,,17,20,,A4,314,34,1
38,9,00:45:33.000,68325,A,,切球,1,,A4,314,34,1,,,17,20,,B1,323,574,2
38,10,00:45:33.840,68346,B,,挑球,,,B1,323,574,2,,,17,20,,A4,343,29,1
38,11,00:45:35.360,68384,A,,長球,1,,A4,343,29,1,,,17,20,,A3,83,842,1
38,12,00:45:36.520,68413,B,,長球,1,,A3,83,842,1,,,17,20,,B4,84,31,1
38,13,00:45:37.920,68448,A,,長球,,,B4,84,31,1,,,17,20,,A3,68,877,1
38,14,00:45:39.040,68476,B,,切球,1,,A3,68,877,1,,,17,20,,B2,76,206,2
38,15,00:45:39.640,68491,A,,放小球,,,B2,76,206,2,,,17,20,,A1,62,517,2
38,16,00:45:40.640,68516,B,,挑球,,1,A1,62,517,2,,,17,20,,A4,293,39,1
38,17,00:45:41.640,68541,A,,長球,1,,A4,293,39,1,,,17,20,,B3,369,869,1
38,18,00:45:42.680,68567,B,,切球,,,B3,369,869,1,,,17,20,,A2,356,317,2
38,19,00:45:43.600,68590,A,,挑球,,1,A2,356,317,2,,,17,20,,B3,355,875,1
38,20,00:45:45.000,68625,B,,長球,,,B3,355,875,1,,,17,20,,A4,345,34,1
38,21,00:45:46.440,68661,A,,長球,1,,A4,345,34,1,,,17,20,,B4,362,885,1
38,22,00:45:47.560,68689,B,,切球,,,B4,362,885,1,,,17,20,,A1,106,470,2
38,23,00:45:48.200,68705,B,,掛網球,,,A1,106,470,2,未回擊成功,對方失誤,18,20,A,,,,
39,1,00:46:21.000,69525,A,1,發長球,,,B2,158,262,2,,,18,20,,B4,265,906,1
39,2,00:46:23.160,69579,B,,長球,,,B4,265,906,1,,,18,20,,B4,81,26,1
39,3,00:46:24.160,69604,A,,殺球,,,B4,81,26,1,,,18,20,,A2,76,726,2
39,4,00:46:24.600,69615,B,,擋小球,,1,A2,76,726,2,,,18,20,,B1,96,416,2
39,5,00:46:25.520,69638,A,,放小球,,,B1,96,416,2,,,18,20,,A1,66,512,2
39,6,00:46:26.440,69661,B,,挑球,,1,A1,66,512,2,,,18,20,,A4,273,30,1
39,7,00:46:27.840,69696,A,,長球,1,,A4,273,30,1,,,18,20,,B4,312,901,1
39,8,00:46:29.280,69732,B,,殺球,,,B4,312,901,1,,,18,20,,A3,322,169,2
39,9,00:46:29.760,69744,A,,擋小球,,1,A3,322,169,2,,,18,20,,B1,304,511,2
39,10,00:46:30.720,69768,B,,挑球,,,B1,304,511,2,,,18,20,,B4,63,33,2
39,11,00:46:31.800,69795,A,,過渡切球,,,B4,63,33,2,,,18,20,,B1,338,581,2
39,12,00:46:32.680,69817,B,,擋小球,,,B1,338,581,2,,,18,20,,A1,349,398,2
39,13,00:46:33.640,69841,A,,挑球,,1,A1,349,398,2,,,18,20,,A4,117,884,1
39,14,00:46:35.200,69880,B,,切球,1,,A4,117,884,1,,,18,20,,B1,290,471,2
39,15,00:46:35.640,69891,B,,掛網球,,,B1,290,471,2,未回擊成功,對方失誤,19,20,A,,,,
40,1,00:47:06.160,70654,A,1,發長球,,,B2,205,254,2,,,19,20,,A4,126,896,1
40,2,00:47:08.320,70708,B,,切球,1,,A4,126,896,1,,,19,20,,B3,64,188,2
40,3,00:47:08.840,70721,A,,擋小球,,,B3,64,188,2,,,19,20,,B1,334,534,2
40,4,00:47:09.800,70745,B,,挑球,,,B1,334,534,2,,,19,20,,B4,76,28,1
40,5,00:47:11.080,70777,A,,長球,,,B4,76,28,1,,,19,20,,B3,302,875,1
40,6,00:47:12.160,70804,B,,殺球,,,B3,302,875,1,,,19,20,,B2,113,204,2
40,7,00:47:12.640,70816,A,,擋小球,,,B2,113,204,2,,,19,20,,A1,75,595,2
40,8,00:47:13.720,70843,B,,挑球,,1,A1,75,595,2,,,19,20,,B4,136,32,1
40,9,00:47:15.280,70882,A,,長球,,,B4,136,32,1,,,19,20,,B3,334,842,1
40,10,00:47:16.080,70902,B,,切球,,,B3,334,842,1,,,19,20,,A1,341,396,2
40,11,00:47:17.040,70926,A,,放小球,,1,A1,341,396,2,,,19,20,,B1,346,506,2
40,12,00:47:18.040,70951,B,,放小球,,,B1,346,506,2,,,19,20,,A1,345,430,2
40,13,00:47:18.960,70974,A,,挑球,,1,A1,345,430,2,,,19,20,,A4,112,897,1
40,14,00:47:20.560,71014,B,,長球,1,,A4,112,897,1,,,19,20,,A4,271,32,1
40,15,00:47:21.840,71046,A,,長球,1,,A4,271,32,1,,,19,20,,A3,86,847,1
40,16,00:47:22.880,71072,B,,長球,1,,A3,86,847,1,,,19,20,,B4,109,30,1
40,17,00:47:24.080,71102,A,,長球,,,B4,109,30,1,,,19,20,,B4,345,888,2
40,18,00:47:25.320,71133,B,,過渡切球,,,B4,345,888,2,,,19,20,,A2,344,232,2
40,19,00:47:26.160,71154,A,,挑球,,1,A2,344,232,2,,,19,20,,B3,350,825,1
40,20,00:47:27.000,71175,B,,長球,,,B3,350,825,1,,,19,20,,E3,436,68,2
40,21,00:47:29.240,71231,A,,未擊球,,,E3,436,68,2,出界,對方失誤,20,20,A,,,,
41,1,00:48:01.800,72045,A,1,發長球,,,B2,150,251,2,,,20,20,,B4,259,895,1
41,2,00:48:03.960,72099,B,,長球,,,B4,259,895,1,,,20,20,,B4,84,23,2
41,3,00:48:05.160,72129,A,,過渡切球,,,B4,84,23,2,,,20,20,,A1,121,523,2
41,4,00:48:06.200,72155,B,,挑球,,1,A1,121,523,2,,,20,20,,B4,82,43,2
41,5,00:48:07.400,72185,A,,長球,,,B4,82,43,2,,,20,20,,A3,64,864,1
41,6,00:48:08.440,72211,B,,切球,1,,A3,64,864,1,,,20,20,,B3,45,181,2
41,7,00:48:09.040,72226,A,,放小球,,,B3,45,181,2,,,20,20,,A1,254,465,2
41,8,00:48:09.520,72238,A,,掛網球,,,A1,254,465,2,未回擊成功,對手失誤,20,21,B,,,,
42,1,00:48:30.400,72760,B,1,發長球,,,B2,239,675,2,,,20,21,,A4,287,33,1
42,2,00:48:32.440,72811,A,,切球,1,,A4,287,33,1,,,20,21,,A1,100,529,2
42,3,00:48:33.320,72833,B,,挑球,,1,A1,100,529,2,,,20,21,,B4,76,47,2
42,4,00:48:34.400,72860,A,,過渡切球,,,B4,76,47,2,,,20,21,,B1,319,536,2
42,5,00:48:35.320,72883,B,,挑球,,,B1,319,536,2,,,20,21,,B4,95,31,1
42,6,00:48:36.480,72912,A,,長球,,,B4,95,31,1,,,20,21,,B3,338,882,2
42,7,00:48:37.640,72941,B,,過渡切球,,,B3,338,882,2,,,20,21,,A1,328,374,2
42,8,00:48:38.480,72962,A,,放小球,,1,A1,328,374,2,,,20,21,,A1,113,517,2
42,9,00:48:39.400,72985,B,,放小球,,1,A1,113,517,2,,,20,21,,B1,100,436,2
42,10,00:48:40.360,73009,A,,挑球,,,B1,100,436,2,,,20,21,,A4,102,887,1
42,11,00:48:41.960,73049,B,,長球,1,,A4,102,887,1,,,20,21,,A4,281,33,1
42,12,00:48:43.280,73082,A,,長球,1,,A4,281,33,1,,,20,21,,B5,349,-58,2
42,13,00:48:45.160,73129,B,,未擊球,,,B5,349,-58,2,出界,對手失誤,20,22,B,,,,