rally,ball_round,time,frame_num,roundscore_A,roundscore_B,player,server,type,aroundhead,backhand,hit_height,hit_area,hit_x,hit_y,landing_height,landing_area,landing_x,landing_y,lose_reason,win_reason,getpoint_player,flaw,player_location_area,player_location_x,player_location_y,opponent_location_area,opponent_location_x,opponent_location_y,db
1,1.0,00:09:19,16798.0,1,0,B,1,發短球,,1.0,2.0,,,,2.0,7,687.0,470.0,,,,,8,618.0,360.0,8,703.0,537.0,0
1,2.0,00:09:20,16816.0,1,0,A,2,推球,,,2.0,7,687.0,470.0,1.0,8,571.0,363.0,,,,,7,689.0,506.0,8,633.0,355.0,0
1,3.0,00:09:20,16829.0,1,0,B,2,擋小球,,,1.0,8,571.0,363.0,2.0,2,493.0,497.0,,,,,8,601.0,362.0,8,653.0,522.0,0
1,4.0,00:09:21,16841.0,1,0,A,2,平球,,1.0,2.0,2,493.0,497.0,1.0,5,470.0,380.0,,,,,8,640.0,535.0,8,638.0,353.0,0
1,5.0,00:09:22,16863.0,1,0,B,2,推球,,,1.0,5,470.0,380.0,1.0,6,390.0,611.0,,,,,8,556.0,368.0,8,594.0,551.0,0
1,6.0,00:09:23,16896.0,1,0,A,2,點扣,1.0,,1.0,6,390.0,611.0,2.0,8,529.0,351.0,,,,,6,452.0,614.0,8,609.0,344.0,0
1,7.0,00:09:23,16912.0,1,0,B,2,勾球,,,2.0,8,529.0,351.0,2.0,7,726.0,478.0,,,,,8,608.0,345.0,6,471.0,594.0,0
1,8.0,00:09:24,16935.0,1,0,A,2,推球,,,2.0,7,726.0,478.0,1.0,3,510.0,320.0,,,,,8,653.0,542.0,8,632.0,347.0,0
1,9.0,00:09:25,16965.0,1,0,B,2,點扣,,,1.0,3,510.0,320.0,2.0,6,452.0,556.0,,,,,8,569.0,329.0,8,603.0,558.0,0
1,10.0,00:09:26,16980.0,1,0,A,2,擋小球,,1.0,2.0,6,452.0,556.0,2.0,7,632.0,404.0,,,,,8,574.0,563.0,8,574.0,334.0,0
1,11.0,00:09:26,17003.0,1,0,B,3,挑球,,,2.0,7,632.0,404.0,2.0,13,483.0,666.0,出界,對手出界,A,,8,648.0,369.0,8,608.0,557.0,0
2,1.0,00:09:45,17553.0,2,0,A,1,發長球,,1.0,2.0,,,,1.0,4,760.0,316.0,,,,,8,622.0,523.0,8,735.0,353.0,0
2,2.0,00:09:46,17592.0,2,0,B,2,點扣,1.0,,1.0,4,760.0,316.0,2.0,8,777.0,545.0,,,,,8,746.0,330.0,8,647.0,538.0,0
2,3.0,00:09:46,17604.0,2,0,A,2,勾球,,,2.0,8,777.0,545.0,2.0,5,497.0,366.0,,,,,8,665.0,547.0,9,727.0,323.0,0
2,4.0,00:09:47,17632.0,2,0,B,2,放小球,,,2.0,5,497.0,366.0,2.0,2,454.0,486.0,,,,,8,605.0,365.0,8,593.0,559.0,0
2,5.0,00:09:48,17658.0,2,0,A,2,勾球,,1.0,2.0,2,454.0,486.0,2.0,2,800.0,415.0,,,,,6,487.0,517.0,8,597.0,352.0,0
2,6.0,00:09:49,17687.0,2,0,B,2,挑球,,1.0,2.0,2,800.0,415.0,1.0,9,510.0,634.0,,,,,7,695.0,392.0,8,586.0,524.0,0
2,7.0,00:09:50,17728.0,2,0,A,2,長球,1.0,,1.0,9,510.0,634.0,2.0,14,442.0,313.0,,,,,9,509.0,631.0,8,649.0,354.0,0
2,8.0,00:09:52,17776.0,2,0,B,2,後場抽平球,,,2.0,14,442.0,313.0,1.0,8,619.0,532.0,,,,,3,490.0,321.0,8,562.0,558.0,0
2,9.0,00:09:53,17802.0,2,0,A,3,殺球,,,1.0,8,619.0,532.0,2.0,8,744.0,361.0,對手落地致勝,落地致勝,A,,8,562.0,539.0,8,556.0,326.0,0
3,1.0,00:10:13,18411.0,2,1,A,1,發長球,,1.0,2.0,,,,1.0,3,505.0,318.0,,,,,8,652.0,517.0,8,572.0,347.0,0
3,2.0,00:10:16,18491.0,2,1,B,2,點扣,,,1.0,3,505.0,318.0,2.0,6,414.0,556.0,,,,,9,544.0,321.0,8,606.0,549.0,0
3,3.0,00:10:16,18508.0,2,1,A,2,防守回挑,,1.0,2.0,6,414.0,556.0,1.0,5,447.0,334.0,,,,,8,573.0,561.0,8,555.0,324.0,0
3,4.0,00:10:17,18537.0,2,1,B,2,點扣,,,1.0,5,447.0,334.0,2.0,8,650.0,556.0,,,,,5,524.0,330.0,8,538.0,564.0,0
3,5.0,00:10:18,18551.0,2,1,A,2,防守回抽,,,2.0,8,650.0,556.0,1.0,7,702.0,391.0,,,,,8,575.0,574.0,5,503.0,334.0,0
3,6.0,00:10:19,18574.0,2,1,B,2,放小球,,1.0,1.0,7,702.0,391.0,2.0,7,753.0,495.0,,,,,8,658.0,368.0,8,613.0,578.0,0
3,7.0,00:10:19,18595.0,2,1,A,3,挑球,,,2.0,7,753.0,495.0,2.0,7,748.0,492.0,未過網,對手未過網,B,,8,725.0,549.0,8,690.0,362.0,0
4,1.0,00:10:35,19072.0,3,1,B,1,發短球,,1.0,2.0,,,,2.0,7,576.0,479.0,,,,,8,654.0,363.0,8,527.0,536.0,0
4,2.0,00:10:36,19091.0,3,1,A,2,挑球,,,2.0,7,576.0,479.0,1.0,9,733.0,313.0,,,,,8,544.0,518.0,8,644.0,353.0,0
4,3.0,00:10:37,19130.0,3,1,B,3,點扣,1.0,,1.0,9,733.0,313.0,2.0,2,786.0,436.0,掛網,對手掛網,A,,9,722.0,315.0,8,663.0,543.0,0
5,1.0,00:10:57,19714.0,3,2,A,1,發短球,,1.0,2.0,,,,2.0,8,703.0,387.0,,,,,8,623.0,522.0,8,724.0,348.0,0
5,2.0,00:10:58,19740.0,3,2,B,2,挑球,,1.0,2.0,8,703.0,387.0,1.0,6,433.0,617.0,,,,,8,703.0,369.0,8,620.0,530.0,0
5,3.0,00:10:59,19773.0,3,2,A,2,長球,1.0,,1.0,6,433.0,617.0,1.0,3,479.0,309.0,,,,,9,482.0,619.0,8,615.0,350.0,0
5,4.0,00:11:00,19808.0,3,2,B,2,切球,,,1.0,3,479.0,309.0,2.0,1,803.0,497.0,,,,,3,525.0,311.0,8,578.0,571.0,0
5,5.0,00:11:00,19826.0,3,2,A,2,推球,,,2.0,1,803.0,497.0,1.0,6,788.0,344.0,,,,,8,669.0,554.0,9,541.0,316.0,0
5,6.0,00:11:01,19844.0,3,2,B,2,擋小球,,1.0,1.0,6,788.0,344.0,2.0,1,833.0,470.0,,,,,8,686.0,349.0,8,702.0,543.0,0
5,7.0,00:11:02,19865.0,3,2,A,2,推球,,,2.0,1,833.0,470.0,1.0,3,494.0,315.0,,,,,8,755.0,526.0,8,711.0,343.0,0
5,8.0,00:11:03,19899.0,3,2,B,2,過度切球,,,1.0,3,494.0,315.0,2.0,2,432.0,501.0,,,,,8,547.0,324.0,8,639.0,538.0,0
5,9.0,00:11:03,19917.0,3,2,A,2,放小球,,1.0,2.0,2,432.0,501.0,2.0,7,621.0,400.0,,,,,8,545.0,545.0,8,577.0,331.0,0
5,10.0,00:11:04,19941.0,3,2,B,2,挑球,,1.0,2.0,7,621.0,400.0,1.0,4,403.0,625.0,,,,,8,572.0,374.0,8,571.0,550.0,0
5,11.0,00:11:05,19976.0,3,2,A,2,點扣,1.0,,1.0,4,403.0,625.0,2.0,5,457.0,352.0,,,,,4,433.0,627.0,8,613.0,347.0,0
5,12.0,00:11:06,19997.0,3,2,B,2,勾球,,,2.0,5,457.0,352.0,2.0,7,767.0,469.0,,,,,8,551.0,351.0,8,494.0,600.0,0
5,13.0,00:11:07,20020.0,3,2,A,2,勾球,,,2.0,7,767.0,469.0,2.0,1,460.0,403.0,,,,,8,678.0,535.0,8,599.0,343.0,0
5,14.0,00:11:08,20049.0,3,2,B,2,挑球,,,2.0,1,460.0,403.0,1.0,4,395.0,623.0,,,,,7,545.0,391.0,8,620.0,531.0,0
5,15.0,00:11:09,20088.0,3,2,A,2,長球,1.0,,1.0,4,395.0,623.0,1.0,3,486.0,317.0,,,,,4,427.0,622.0,8,589.0,355.0,0
5,16.0,00:11:10,20125.0,3,2,B,2,殺球,,,1.0,3,486.0,317.0,2.0,8,504.0,554.0,,,,,3,510.0,317.0,8,585.0,582.0,0
5,17.0,00:11:11,20139.0,3,2,A,2,擋小球,,1.0,2.0,8,504.0,554.0,2.0,7,698.0,392.0,,,,,8,594.0,577.0,3,467.0,308.0,0
5,18.0,00:11:12,20169.0,3,2,B,2,推球,,1.0,2.0,7,698.0,392.0,1.0,4,442.0,627.0,,,,,8,658.0,363.0,8,616.0,561.0,0
5,19.0,00:11:13,20206.0,3,2,A,2,過度切球,,1.0,1.0,4,442.0,627.0,2.0,5,495.0,383.0,,,,,8,539.0,616.0,8,629.0,345.0,0
5,20.0,00:11:14,20233.0,3,2,B,2,推球,,,2.0,5,495.0,383.0,1.0,4,383.0,625.0,,,,,8,572.0,363.0,8,614.0,572.0,0
5,21.0,00:11:15,20266.0,3,2,A,2,長球,1.0,,1.0,4,383.0,625.0,1.0,9,534.0,312.0,,,,,4,439.0,620.0,8,606.0,350.0,0
5,22.0,00:11:16,20308.0,3,2,B,3,殺球,,,1.0,9,534.0,312.0,2.0,5,874.0,564.0,對手落地致勝,落地致勝,B,,9,560.0,314.0,8,607.0,573.0,0
6,1.0,00:11:41,21037.0,4,2,B,1,未知球種,,,2.0,,,,2.0,,,,,,,1,,,,,,,0
6,2.0,00:11:42,21067.0,4,2,A,2,放小球,,,2.0,,,,2.0,8,606.0,378.0,,,,,7,655.0,499.0,8,605.0,360.0,0
6,3.0,00:11:42,21080.0,4,2,B,2,挑球,,1.0,2.0,8,606.0,378.0,1.0,6,425.0,618.0,,,,,8,601.0,366.0,8,662.0,514.0,0
6,4.0,00:11:43,21119.0,4,2,A,2,過度切球,1.0,,1.0,6,425.0,618.0,2.0,5,490.0,361.0,,,,,8,572.0,610.0,8,571.0,358.0,0
6,5.0,00:11:44,21137.0,4,2,B,2,放小球,,,2.0,5,490.0,361.0,2.0,7,645.0,495.0,,,,,8,537.0,361.0,8,561.0,605.0,0
6,6.0,00:11:45,21163.0,4,2,A,3,放小球,,,2.0,7,645.0,495.0,2.0,2,788.0,432.0,對手落地致勝,落地致勝,A,,8,566.0,520.0,8,588.0,352.0,0
7,1.0,00:12:07,21820.0,4,3,A,1,發短球,,1.0,2.0,,,,2.0,8,559.0,387.0,,,,,8,655.0,514.0,8,574.0,351.0,0
7,2.0,00:12:08,21841.0,4,3,B,2,勾球,,,2.0,8,559.0,387.0,2.0,1,801.0,476.0,,,,,8,588.0,368.0,8,627.0,526.0,0
7,3.0,00:12:08,21867.0,4,3,A,2,挑球,,,2.0,1,801.0,476.0,1.0,4,766.0,315.0,,,,,8,716.0,518.0,8,647.0,345.0,0
7,4.0,00:12:10,21902.0,4,3,B,2,點扣,1.0,,1.0,4,766.0,315.0,2.0,5,872.0,562.0,,,,,9,730.0,313.0,8,672.0,549.0,0
7,5.0,00:12:10,21916.0,4,3,A,2,勾球,,,2.0,5,872.0,562.0,2.0,7,589.0,396.0,,,,,8,684.0,567.0,9,734.0,311.0,0
7,6.0,00:12:11,21946.0,4,3,B,2,挑球,,,2.0,7,589.0,396.0,1.0,9,777.0,645.0,,,,,8,652.0,374.0,8,712.0,559.0,0
7,7.0,00:12:12,21983.0,4,3,A,2,過度切球,,,1.0,9,777.0,645.0,2.0,7,758.0,391.0,,,,,9,674.0,622.0,8,666.0,352.0,0
7,8.0,00:12:13,22005.0,4,3,B,2,推球,,1.0,2.0,7,758.0,391.0,1.0,8,483.0,601.0,,,,,8,696.0,364.0,8,690.0,598.0,0
7,9.0,00:12:14,22036.0,4,3,A,2,長球,1.0,,1.0,8,483.0,601.0,1.0,3,475.0,316.0,,,,,8,512.0,603.0,8,647.0,348.0,0
7,10.0,00:12:15,22076.0,4,3,B,2,長球,,,1.0,3,475.0,316.0,1.0,4,389.0,629.0,,,,,3,521.0,314.0,8,580.0,561.0,0
7,11.0,00:12:17,22122.0,4,3,A,2,長球,1.0,,1.0,4,389.0,629.0,1.0,3,477.0,315.0,,,,,4,394.0,628.0,8,600.0,343.0,0
7,12.0,00:12:18,22157.0,4,3,B,3,殺球,,,1.0,3,477.0,315.0,2.0,5,873.0,548.0,對手落地致勝,落地致勝,B,,3,504.0,315.0,8,558.0,587.0,0
9,1.0,00:13:00,23402.0,5,4,A,1,發長球,,1.0,2.0,,,,1.0,9,702.0,315.0,,,,,8,622.0,519.0,8,725.0,349.0,0
9,2.0,00:13:01,23433.0,5,4,B,2,過度切球,,,1.0,9,702.0,315.0,2.0,7,758.0,500.0,,,,,9,715.0,312.0,8,638.0,536.0,0
9,3.0,00:13:01,23449.0,5,4,A,2,勾球,,,2.0,7,758.0,500.0,2.0,7,532.0,393.0,,,,,8,653.0,547.0,9,687.0,317.0,0
9,4.0,00:13:02,23476.0,5,4,B,2,挑球,,,2.0,7,532.0,393.0,1.0,4,433.0,625.0,,,,,8,585.0,376.0,8,619.0,553.0,0
9,5.0,00:13:03,23512.0,5,4,A,3,殺球,1.0,,1.0,4,433.0,625.0,2.0,11,875.0,339.0,出界,對手出界,B,,4,444.0,626.0,8,612.0,349.0,0
10,1.0,00:13:21,24040.0,5,5,B,1,發短球,,1.0,2.0,,,,2.0,7,695.0,462.0,,,,,8,618.0,358.0,8,700.0,537.0,0
10,2.0,00:13:21,24059.0,5,5,A,3,放小球,,,2.0,7,695.0,462.0,2.0,7,585.0,450.0,掛網,對手掛網,B,,7,681.0,499.0,8,628.0,354.0,0
11,1.0,00:13:49,24898.0,6,5,B,1,發短球,,1.0,2.0,,,,2.0,7,588.0,474.0,,,,,8,666.0,354.0,8,533.0,532.0,0
11,2.0,00:13:50,24916.0,6,5,A,2,放小球,,,2.0,7,588.0,474.0,2.0,7,583.0,410.0,,,,,7,558.0,508.0,8,643.0,356.0,0
11,3.0,00:13:51,24940.0,6,5,B,2,推球,,,2.0,7,583.0,410.0,1.0,9,801.0,621.0,,,,,8,604.0,387.0,8,609.0,511.0,0
11,4.0,00:13:52,24977.0,6,5,A,2,過度切球,,,1.0,9,801.0,621.0,2.0,6,767.0,383.0,,,,,8,698.0,613.0,8,664.0,355.0,0
11,5.0,00:13:53,24999.0,6,5,B,3,放小球,,1.0,2.0,6,767.0,383.0,2.0,7,682.0,438.0,掛網,對手掛網,A,,8,707.0,366.0,8,708.0,592.0,0
12,1.0,00:14:16,25683.0,6,6,A,1,未知球種,,,2.0,,,,,,,,,,,1,,,,,,,0
12,2.0,00:14:16,25683.0,6,6,B,2,未知球種,,,2.0,,,,2.0,,,,,,,1,,,,,,,0
12,3.0,00:14:21,25850.0,6,6,A,2,放小球,,,2.0,,,,2.0,2,823.0,412.0,,,,,8,751.0,520.0,8,595.0,346.0,0
12,4.0,00:14:22,25878.0,6,6,B,2,挑球,,1.0,2.0,2,823.0,412.0,1.0,4,432.0,626.0,,,,,2,792.0,407.0,8,713.0,535.0,0
12,5.0,00:14:23,25916.0,6,6,A,2,點扣,1.0,,1.0,4,432.0,626.0,2.0,5,506.0,354.0,,,,,8,547.0,610.0,8,616.0,359.0,0
12,6.0,00:14:24,25933.0,6,6,B,2,放小球,,,2.0,5,506.0,354.0,2.0,1,805.0,474.0,,,,,8,561.0,351.0,9,500.0,622.0,0
12,7.0,00:14:25,25961.0,6,6,A,2,挑球,,,2.0,1,805.0,474.0,1.0,3,490.0,318.0,,,,,8,750.0,520.0,8,644.0,347.0,0
12,8.0,00:14:26,25998.0,6,6,B,2,點扣,,,1.0,3,490.0,318.0,2.0,6,444.0,560.0,,,,,9,532.0,314.0,8,675.0,550.0,0
12,9.0,00:14:27,26010.0,6,6,A,2,擋小球,,1.0,2.0,6,444.0,560.0,1.0,5,468.0,384.0,,,,,8,671.0,573.0,5,478.0,328.0,0
12,10.0,00:14:27,26035.0,6,6,B,2,挑球,,,1.0,5,468.0,384.0,1.0,6,399.0,611.0,,,,,8,529.0,388.0,8,649.0,578.0,0
12,11.0,00:14:28,26067.0,6,6,A,2,長球,1.0,,1.0,6,399.0,611.0,1.0,3,480.0,315.0,,,,,8,517.0,604.0,8,545.0,374.0,0
12,12.0,00:14:30,26107.0,6,6,B,2,點扣,,,1.0,3,480.0,315.0,2.0,6,477.0,537.0,,,,,3,484.0,312.0,8,619.0,559.0,0
12,13.0,00:14:30,26121.0,6,6,A,2,放小球,,1.0,2.0,6,477.0,537.0,2.0,7,617.0,397.0,,,,,8,639.0,556.0,5,512.0,330.0,0
12,14.0,00:14:31,26147.0,6,6,B,2,挑球,,,2.0,7,617.0,397.0,1.0,4,397.0,622.0,,,,,8,657.0,382.0,8,630.0,549.0,0
12,15.0,00:14:32,26186.0,6,6,A,2,過度切球,1.0,,1.0,4,397.0,622.0,2.0,5,474.0,348.0,,,,,8,537.0,616.0,8,580.0,358.0,0
12,16.0,00:14:33,26206.0,6,6,B,2,放小球,,,2.0,5,474.0,348.0,2.0,7,624.0,487.0,,,,,8,527.0,373.0,8,553.0,607.0,0
12,17.0,00:14:34,26229.0,6,6,A,2,挑球,,1.0,2.0,7,624.0,487.0,1.0,4,753.0,315.0,,,,,8,657.0,542.0,8,599.0,355.0,0
12,18.0,00:14:35,26266.0,6,6,B,2,殺球,1.0,,1.0,4,753.0,315.0,2.0,5,877.0,556.0,,,,,9,673.0,320.0,8,711.0,560.0,0
12,19.0,00:14:36,26283.0,6,6,A,3,擋小球,,,2.0,5,877.0,556.0,2.0,10,924.0,436.0,未過網,對手未過網,B,,8,763.0,572.0,8,686.0,326.0,0
13,1.0,00:15:12,27385.0,6,7,B,1,發長球,,1.0,2.0,,,,1.0,8,751.0,616.0,,,,,8,615.0,354.0,8,688.0,539.0,0
13,2.0,00:15:14,27421.0,6,7,A,2,點扣,,,1.0,8,751.0,616.0,2.0,6,781.0,360.0,,,,,8,721.0,613.0,8,666.0,346.0,0
13,3.0,00:15:14,27441.0,6,7,B,2,擋小球,,1.0,2.0,6,781.0,360.0,2.0,7,773.0,465.0,,,,,8,712.0,348.0,8,713.0,602.0,0
13,4.0,00:15:15,27465.0,6,7,A,2,挑球,,,2.0,7,773.0,465.0,1.0,4,798.0,315.0,,,,,7,725.0,503.0,8,701.0,340.0,0
13,5.0,00:15:16,27507.0,6,7,B,3,殺球,1.0,,1.0,4,798.0,315.0,2.0,5,918.0,615.0,對手落地致勝,落地致勝,B,,4,783.0,312.0,8,671.0,547.0,0
14,1.0,00:15:55,28675.0,7,7,B,1,發短球,,1.0,2.0,,,,2.0,7,602.0,491.0,,,,,8,663.0,360.0,8,529.0,536.0,0
14,2.0,00:15:56,28694.0,7,7,A,2,挑球,,,2.0,7,602.0,491.0,1.0,9,749.0,316.0,,,,,7,548.0,508.0,8,644.0,351.0,0
14,3.0,00:15:57,28733.0,7,7,B,2,點扣,1.0,,1.0,9,749.0,316.0,2.0,5,834.0,538.0,,,,,9,741.0,311.0,8,669.0,543.0,0
14,4.0,00:15:58,28750.0,7,7,A,2,勾球,,,2.0,5,834.0,538.0,2.0,5,515.0,383.0,,,,,8,716.0,558.0,4,753.0,310.0,0
14,5.0,00:15:59,28778.0,7,7,B,2,勾球,,,2.0,5,515.0,383.0,2.0,1,787.0,466.0,,,,,8,607.0,372.0,8,644.0,549.0,0
14,6.0,00:16:00,28800.0,7,7,A,2,放小球,,,2.0,1,787.0,466.0,2.0,2,812.0,397.0,,,,,8,664.0,511.0,8,626.0,362.0,0
14,7.0,00:16:00,28826.0,7,7,B,3,挑球,,1.0,2.0,2,812.0,397.0,2.0,13,462.0,666.0,出界,對手出界,A,,8,720.0,369.0,8,685.0,530.0,0
15,1.0,00:16:18,29354.0,7,8,A,1,發短球,,1.0,2.0,,,,2.0,8,705.0,388.0,,,,,8,620.0,522.0,8,734.0,353.0,0
15,2.0,00:16:19,29382.0,7,8,B,2,挑球,,1.0,2.0,8,705.0,388.0,1.0,6,444.0,610.0,,,,,8,709.0,373.0,8,628.0,537.0,0
15,3.0,00:16:20,29414.0,7,8,A,2,長球,1.0,,1.0,6,444.0,610.0,1.0,3,473.0,311.0,,,,,8,519.0,604.0,8,636.0,352.0,0
15,4.0,00:16:21,29447.0,7,8,B,2,點扣,,,1.0,3,473.0,311.0,2.0,5,853.0,552.0,,,,,3,518.0,320.0,8,579.0,575.0,0
15,5.0,00:16:22,29465.0,7,8,A,2,擋小球,,,2.0,5,853.0,552.0,1.0,6,793.0,346.0,,,,,8,696.0,559.0,9,528.0,314.0,0
15,6.0,00:16:22,29484.0,7,8,B,2,放小球,,1.0,1.0,6,793.0,346.0,2.0,1,822.0,460.0,,,,,8,699.0,338.0,8,721.0,544.0,0
15,7.0,00:16:23,29501.0,7,8,A,2,勾球,,,2.0,1,822.0,460.0,2.0,7,514.0,406.0,,,,,8,762.0,514.0,6,759.0,345.0,0
15,8.0,00:16:24,29528.0,7,8,B,2,放小球,,,2.0,7,514.0,406.0,2.0,2,453.0,481.0,,,,,8,577.0,377.0,8,662.0,530.0,0
15,9.0,00:16:25,29557.0,7,8,A,2,挑球,,1.0,2.0,2,453.0,481.0,1.0,3,457.0,316.0,,,,,8,540.0,510.0,8,604.0,356.0,0
15,10.0,00:16:26,29590.0,7,8,B,2,後場抽平球,,,1.0,3,457.0,316.0,1.0,6,411.0,555.0,,,,,3,524.0,318.0,8,572.0,551.0,0
15,11.0,00:16:26,29607.0,7,8,A,2,擋小球,,1.0,1.0,6,411.0,555.0,2.0,1,464.0,399.0,,,,,8,558.0,560.0,8,555.0,334.0,0
15,12.0,00:16:27,29632.0,7,8,B,2,挑球,,,2.0,1,464.0,399.0,1.0,4,390.0,620.0,,,,,8,538.0,379.0,8,542.0,560.0,0
15,13.0,00:16:28,29664.0,7,8,A,2,點扣,1.0,,1.0,4,390.0,620.0,2.0,5,478.0,341.0,,,,,4,434.0,623.0,8,594.0,354.0,0
15,14.0,00:16:29,29680.0,7,8,B,2,擋小球,,,2.0,5,478.0,341.0,2.0,2,464.0,489.0,,,,,8,581.0,346.0,4,420.0,632.0,0
15,15.0,00:16:30,29703.0,7,8,A,2,挑球,,1.0,2.0,2,464.0,489.0,1.0,8,729.0,326.0,,,,,8,558.0,547.0,8,605.0,343.0,0
15,16.0,00:16:31,29731.0,7,8,B,3,殺球,1.0,,1.0,8,729.0,326.0,2.0,9,678.0,650.0,對手落地致勝,落地致勝,B,,9,710.0,321.0,8,650.0,559.0,0
16,1.0,00:16:52,30371.0,7,9,B,1,未知球種,,,2.0,,,,2.0,,,,,,,1,,,,,,,0
16,2.0,00:16:53,30415.0,7,9,A,2,推球,,,2.0,,,,1.0,6,799.0,328.0,,,,,7,655.0,494.0,8,601.0,362.0,0
16,3.0,00:16:54,30438.0,7,9,B,2,長球,,1.0,1.0,6,799.0,328.0,1.0,4,396.0,627.0,,,,,8,746.0,342.0,8,695.0,521.0,0
16,4.0,00:16:56,30483.0,7,9,A,2,過度切球,,1.0,1.0,4,396.0,627.0,2.0,5,499.0,363.0,,,,,4,457.0,627.0,8,591.0,343.0,0
16,5.0,00:16:56,30504.0,7,9,B,2,放小球,,,2.0,5,499.0,363.0,2.0,7,670.0,491.0,,,,,8,539.0,365.0,8,604.0,581.0,0
16,6.0,00:16:57,30530.0,7,9,A,2,放小球,,,2.0,7,670.0,491.0,2.0,2,819.0,408.0,,,,,8,626.0,539.0,8,605.0,354.0,0
16,7.0,00:16:58,30560.0,7,9,B,2,挑球,,1.0,2.0,2,819.0,408.0,1.0,3,860.0,623.0,,,,,7,764.0,408.0,8,681.0,536.0,0
16,8.0,00:16:59,30591.0,7,9,A,2,長球,,,1.0,3,860.0,623.0,1.0,3,466.0,315.0,,,,,9,753.0,628.0,8,672.0,360.0,0
16,9.0,00:17:00,30626.0,7,9,B,2,點扣,,,1.0,3,466.0,315.0,2.0,6,403.0,574.0,,,,,3,477.0,321.0,8,675.0,588.0,0
16,10.0,00:17:01,30642.0,7,9,A,2,擋小球,,1.0,2.0,6,403.0,574.0,2.0,1,445.0,410.0,,,,,8,641.0,578.0,5,479.0,332.0,0
16,11.0,00:17:02,30670.0,7,9,B,2,挑球,,,2.0,1,445.0,410.0,1.0,6,419.0,601.0,,,,,1,468.0,402.0,8,534.0,535.0,0
16,12.0,00:17:03,30702.0,7,9,A,2,長球,1.0,,1.0,6,419.0,601.0,1.0,3,481.0,318.0,,,,,8,503.0,609.0,8,542.0,353.0,0
16,13.0,00:17:04,30738.0,7,9,B,2,過度切球,,,1.0,3,481.0,318.0,2.0,6,467.0,509.0,,,,,3,496.0,323.0,8,611.0,570.0,0
16,14.0,00:17:05,30759.0,7,9,A,2,放小球,,1.0,2.0,6,467.0,509.0,2.0,7,636.0,401.0,,,,,8,523.0,540.0,9,546.0,323.0,0
16,15.0,00:17:06,30786.0,7,9,B,2,挑球,,,2.0,7,636.0,401.0,1.0,3,837.0,624.0,,,,,8,679.0,389.0,8,626.0,534.0,0
16,16.0,00:17:07,30827.0,7,9,A,2,過度切球,,,1.0,3,837.0,624.0,2.0,6,821.0,372.0,,,,,8,726.0,616.0,8,643.0,354.0,0
16,17.0,00:17:08,30850.0,7,9,B,2,放小球,,1.0,2.0,6,821.0,372.0,2.0,1,830.0,488.0,,,,,6,780.0,381.0,8,741.0,593.0,0
16,18.0,00:17:09,30876.0,7,9,A,2,勾球,,,2.0,1,830.0,488.0,2.0,1,493.0,406.0,,,,,8,765.0,517.0,8,695.0,342.0,0
16,19.0,00:17:10,30905.0,7,9,B,2,挑球,,,2.0,1,493.0,406.0,1.0,4,420.0,623.0,,,,,7,519.0,406.0,8,634.0,538.0,0
16,20.0,00:17:11,30939.0,7,9,A,2,長球,1.0,,1.0,4,420.0,623.0,1.0,3,462.0,313.0,,,,,8,520.0,611.0,8,580.0,362.0,0
16,21.0,00:17:12,30971.0,7,9,B,2,殺球,,,1.0,3,462.0,313.0,2.0,6,431.0,567.0,,,,,5,482.0,324.0,8,574.0,590.0,0
16,22.0,00:17:12,30984.0,7,9,A,3,擋小球,,1.0,2.0,6,431.0,567.0,2.0,7,579.0,453.0,未過網,對手未過網,B,,8,621.0,584.0,3,449.0,319.0,0
17,1.0,00:17:41,31857.0,8,9,B,1,發短球,,1.0,2.0,,,,1.0,7,598.0,470.0,,,,,8,656.0,359.0,8,537.0,535.0,0
17,2.0,00:17:42,31874.0,8,9,A,2,撲球,,,1.0,7,598.0,470.0,2.0,8,642.0,350.0,,,,,8,544.0,509.0,8,656.0,359.0,0
17,3.0,00:17:42,31883.0,8,9,B,3,防守回抽,,1.0,2.0,8,642.0,350.0,2.0,11,100.0,516.0,出界,對手出界,A,,8,622.0,347.0,7,569.0,487.0,0
18,1.0,00:18:05,32573.0,9,9,A,1,發短球,,1.0,2.0,,,,2.0,7,556.0,393.0,,,,,8,655.0,517.0,8,564.0,350.0,0
18,2.0,00:18:06,32594.0,9,9,B,2,挑球,,,2.0,7,556.0,393.0,1.0,9,788.0,624.0,,,,,8,575.0,366.0,8,621.0,521.0,0
18,3.0,00:18:07,32630.0,9,9,A,2,點扣,,,1.0,9,788.0,624.0,2.0,5,469.0,370.0,,,,,9,667.0,619.0,8,647.0,352.0,0
18,4.0,00:18:08,32654.0,9,9,B,2,擋小球,,,2.0,5,469.0,370.0,2.0,2,434.0,478.0,,,,,8,577.0,362.0,8,652.0,591.0,0
18,5.0,00:18:09,32682.0,9,9,A,2,推球,,1.0,2.0,2,434.0,478.0,2.0,3,456.0,312.0,,,,,8,508.0,521.0,8,599.0,357.0,0
18,6.0,00:18:10,32714.0,9,9,B,3,後場抽平球,,,2.0,3,456.0,312.0,2.0,12,333.0,626.0,出界,對手出界,A,,8,543.0,325.0,8,535.0,553.0,0
19,1.0,00:18:29,33272.0,10,9,A,1,發短球,,1.0,2.0,,,,2.0,8,690.0,388.0,,,,,8,622.0,516.0,8,726.0,349.0,0
19,2.0,00:18:30,33300.0,10,9,B,2,挑球,,1.0,2.0,8,690.0,388.0,1.0,9,480.0,624.0,,,,,8,692.0,370.0,8,630.0,530.0,0
19,3.0,00:18:31,33337.0,10,9,A,2,長球,1.0,,1.0,9,480.0,624.0,1.0,3,475.0,308.0,,,,,8,489.0,617.0,8,618.0,345.0,0
19,4.0,00:18:32,33378.0,10,9,B,2,過度切球,,,1.0,3,475.0,308.0,2.0,2,490.0,480.0,,,,,3,517.0,315.0,8,587.0,568.0,0
19,5.0,00:18:33,33396.0,10,9,A,2,放小球,,1.0,2.0,2,490.0,480.0,2.0,8,613.0,388.0,,,,,8,538.0,537.0,9,554.0,319.0,0
19,6.0,00:18:33,33418.0,10,9,B,2,放小球,,,2.0,8,613.0,388.0,2.0,7,752.0,492.0,,,,,8,658.0,357.0,8,620.0,554.0,0
19,7.0,00:18:34,33440.0,10,9,A,2,放小球,,,2.0,7,752.0,492.0,2.0,2,795.0,409.0,,,,,8,699.0,525.0,8,643.0,353.0,0
19,8.0,00:18:35,33469.0,10,9,B,2,挑球,,1.0,2.0,2,795.0,409.0,1.0,4,457.0,621.0,,,,,7,740.0,391.0,8,688.0,529.0,0
19,9.0,00:18:36,33506.0,10,9,A,3,殺球,1.0,,1.0,4,457.0,621.0,2.0,5,470.0,328.0,對手落地致勝,落地致勝,A,,4,468.0,627.0,7,712.0,394.0,0
20,1.0,00:19:12,34572.0,11,9,A,1,發短球,,1.0,2.0,,,,2.0,7,555.0,390.0,,,,,8,654.0,524.0,8,570.0,346.0,0
20,2.0,00:19:13,34593.0,11,9,B,3,挑球,,,2.0,7,555.0,390.0,2.0,13,839.0,663.0,出界,對手出界,A,,8,570.0,366.0,8,632.0,525.0,0
21,1.0,00:20:18,36553.0,12,9,A,1,發長球,,1.0,2.0,,,,1.0,9,740.0,316.0,,,,,8,631.0,524.0,8,731.0,353.0,0
21,2.0,00:20:19,36587.0,12,9,B,2,殺球,1.0,,1.0,9,740.0,316.0,2.0,5,840.0,559.0,,,,,9,731.0,314.0,8,657.0,562.0,0
21,3.0,00:20:19,36598.0,12,9,A,2,擋小球,,,2.0,5,840.0,559.0,2.0,7,729.0,391.0,,,,,8,681.0,580.0,9,733.0,313.0,0
21,4.0,00:20:20,36624.0,12,9,B,2,勾球,,1.0,2.0,7,729.0,391.0,2.0,2,461.0,492.0,,,,,8,717.0,357.0,8,767.0,574.0,0
21,5.0,00:20:21,36648.0,12,9,A,2,放小球,,1.0,2.0,2,461.0,492.0,2.0,1,480.0,422.0,,,,,8,561.0,518.0,8,632.0,355.0,0
21,6.0,00:20:22,36675.0,12,9,B,2,挑球,,,2.0,1,480.0,422.0,1.0,4,413.0,628.0,,,,,7,516.0,396.0,8,574.0,535.0,0
21,7.0,00:20:23,36711.0,12,9,A,2,點扣,1.0,,1.0,4,413.0,628.0,2.0,5,478.0,365.0,,,,,4,456.0,620.0,8,591.0,354.0,0
21,8.0,00:20:24,36728.0,12,9,B,2,勾球,,,2.0,5,478.0,365.0,2.0,1,833.0,480.0,,,,,8,575.0,346.0,8,485.0,609.0,0
21,9.0,00:20:25,36757.0,12,9,A,3,挑球,,,2.0,1,833.0,480.0,2.0,4,828.0,308.0,對手落地致勝,落地致勝,A,,8,719.0,525.0,8,645.0,344.0,0
22,1.0,00:21:14,38232.0,13,9,A,1,發短球,,1.0,2.0,,,,2.0,7,547.0,391.0,,,,,8,650.0,524.0,8,580.0,352.0,0
22,2.0,00:21:15,38255.0,13,9,B,2,挑球,,,2.0,7,547.0,391.0,1.0,5,822.0,611.0,,,,,8,592.0,370.0,8,632.0,523.0,0
22,3.0,00:21:16,38292.0,13,9,A,2,切球,,,1.0,5,822.0,611.0,2.0,2,800.0,393.0,,,,,9,729.0,624.0,8,660.0,350.0,0
22,4.0,00:21:17,38312.0,13,9,B,2,放小球,,1.0,2.0,2,800.0,393.0,2.0,1,846.0,484.0,,,,,8,743.0,372.0,8,725.0,595.0,0
22,5.0,00:21:18,38341.0,13,9,A,2,放小球,,,2.0,1,846.0,484.0,2.0,2,832.0,409.0,,,,,8,746.0,516.0,8,682.0,350.0,0
22,6.0,00:21:18,38369.0,13,9,B,2,挑球,,1.0,2.0,2,832.0,409.0,1.0,4,449.0,622.0,,,,,8,739.0,381.0,8,698.0,533.0,0
22,7.0,00:21:20,38409.0,13,9,A,3,殺球,1.0,,1.0,4,449.0,622.0,2.0,3,448.0,322.0,對手落地致勝,落地致勝,A,,4,457.0,628.0,8,648.0,349.0,0
23,1.0,00:21:57,39530.0,13,10,A,1,發短球,,1.0,2.0,,,,2.0,7,709.0,392.0,,,,,8,625.0,519.0,8,735.0,349.0,0
23,2.0,00:21:58,39555.0,13,10,B,2,放小球,,,2.0,7,709.0,392.0,2.0,1,847.0,478.0,,,,,8,736.0,372.0,8,637.0,523.0,0
23,3.0,00:21:59,39577.0,13,10,A,2,挑球,,,2.0,1,847.0,478.0,1.0,9,732.0,317.0,,,,,8,724.0,514.0,8,699.0,350.0,0
23,4.0,00:22:00,39608.0,13,10,B,2,點扣,1.0,,1.0,9,732.0,317.0,2.0,6,459.0,545.0,,,,,9,726.0,312.0,8,653.0,546.0,0
23,5.0,00:22:00,39622.0,13,10,A,2,擋小球,,1.0,2.0,6,459.0,545.0,2.0,1,438.0,402.0,,,,,8,621.0,569.0,9,715.0,305.0,0
23,6.0,00:22:01,39657.0,13,10,B,2,挑球,,,2.0,1,438.0,402.0,1.0,4,449.0,634.0,,,,,8,525.0,383.0,8,544.0,547.0,0
23,7.0,00:22:03,39697.0,13,10,A,2,點扣,1.0,,1.0,4,449.0,634.0,2.0,8,604.0,352.0,,,,,4,402.0,633.0,8,589.0,351.0,0
23,8.0,00:22:03,39708.0,13,10,B,2,擋小球,,1.0,2.0,8,604.0,352.0,2.0,7,511.0,459.0,,,,,8,601.0,343.0,4,387.0,634.0,0
23,9.0,00:22:04,39730.0,13,10,A,2,勾球,,1.0,2.0,7,511.0,459.0,2.0,2,807.0,403.0,,,,,8,495.0,537.0,8,589.0,340.0,0
23,10.0,00:22:05,39757.0,13,10,B,2,挑球,,1.0,2.0,2,807.0,403.0,1.0,5,827.0,604.0,,,,,8,696.0,383.0,8,634.0,534.0,0
23,11.0,00:22:06,39788.0,13,10,A,2,過度切球,,,1.0,5,827.0,604.0,2.0,8,752.0,384.0,,,,,8,715.0,599.0,8,681.0,354.0,0
23,12.0,00:22:06,39806.0,13,10,B,2,挑球,,1.0,2.0,8,752.0,384.0,1.0,6,480.0,598.0,,,,,8,694.0,353.0,8,739.0,592.0,0
23,13.0,00:22:07,39838.0,13,10,A,3,長球,1.0,,1.0,6,480.0,598.0,2.0,13,484.0,292.0,出界,對手出界,B,,8,523.0,603.0,8,623.0,342.0,0
24,1.0,00:22:31,40558.0,14,10,B,1,發短球,,1.0,2.0,,,,2.0,7,723.0,498.0,,,,,8,615.0,358.0,8,703.0,538.0,0
24,2.0,00:22:32,40576.0,14,10,A,2,放小球,,,2.0,7,723.0,498.0,2.0,7,663.0,403.0,,,,,8,690.0,511.0,8,621.0,351.0,0
24,3.0,00:22:33,40601.0,14,10,B,3,挑球,,1.0,2.0,7,663.0,403.0,2.0,13,497.0,672.0,出界,對手出界,A,,8,610.0,389.0,8,658.0,523.0,0
25,1.0,00:22:53,41203.0,14,11,A,1,發短球,,1.0,2.0,,,,2.0,7,567.0,392.0,,,,,8,655.0,519.0,8,573.0,352.0,0
25,2.0,00:22:54,41224.0,14,11,B,2,推球,,,2.0,7,567.0,392.0,1.0,3,860.0,629.0,,,,,8,591.0,373.0,8,633.0,508.0,0
25,3.0,00:22:55,41262.0,14,11,A,2,後場抽平球,,,1.0,3,860.0,629.0,1.0,8,526.0,384.0,,,,,9,753.0,620.0,8,685.0,363.0,0
25,4.0,00:22:56,41285.0,14,11,B,3,撲球,,,1.0,8,526.0,384.0,2.0,6,477.0,589.0,對手落地致勝,落地致勝,B,,8,589.0,378.0,8,669.0,586.0,0
26,1.0,00:23:12,41764.0,14,12,B,1,未知球種,,,2.0,,,,2.0,,,,,,,1,,,,,,,0
26,2.0,00:23:13,41799.0,14,12,A,2,平球,,,2.0,,,,1.0,8,683.0,359.0,,,,,7,570.0,481.0,8,617.0,362.0,0
26,3.0,00:23:13,41809.0,14,12,B,2,推球,,1.0,1.0,8,683.0,359.0,1.0,8,524.0,579.0,,,,,8,586.0,361.0,7,583.0,493.0,0
26,4.0,00:23:14,41836.0,14,12,A,2,長球,,,1.0,8,524.0,579.0,1.0,4,799.0,320.0,,,,,8,641.0,551.0,8,569.0,359.0,0
26,5.0,00:23:16,41883.0,14,12,B,2,殺球,1.0,,1.0,4,799.0,320.0,2.0,5,887.0,574.0,,,,,6,773.0,326.0,8,709.0,599.0,0
26,6.0,00:23:16,41895.0,14,12,A,2,擋小球,,,2.0,5,887.0,574.0,2.0,2,818.0,409.0,,,,,8,778.0,600.0,6,776.0,329.0,0
26,7.0,00:23:17,41923.0,14,12,B,2,勾球,,1.0,2.0,2,818.0,409.0,2.0,2,421.0,480.0,,,,,2,784.0,401.0,5,806.0,581.0,0
26,8.0,00:23:18,41947.0,14,12,A,2,放小球,,1.0,2.0,2,421.0,480.0,2.0,1,471.0,399.0,,,,,6,491.0,516.0,8,725.0,389.0,0
26,9.0,00:23:19,41973.0,14,12,B,2,挑球,,,2.0,1,471.0,399.0,1.0,4,414.0,621.0,,,,,8,521.0,386.0,8,547.0,521.0,0
26,10.0,00:23:20,42005.0,14,12,A,3,長球,1.0,,1.0,4,414.0,621.0,2.0,12,855.0,310.0,出界,對手出界,B,,6,475.0,604.0,8,561.0,372.0,0
27,1.0,00:23:52,42971.0,14,13,B,1,發長球,,1.0,2.0,,,,1.0,5,823.0,598.0,,,,,8,614.0,358.0,8,690.0,537.0,0
27,2.0,00:23:53,42996.0,14,13,A,2,點扣,,,1.0,5,823.0,598.0,2.0,5,516.0,362.0,,,,,8,716.0,584.0,8,659.0,346.0,0
27,3.0,00:23:53,43016.0,14,13,B,2,放小球,,,2.0,5,516.0,362.0,2.0,2,437.0,497.0,,,,,8,599.0,357.0,8,710.0,597.0,0
27,4.0,00:23:54,43045.0,14,13,A,2,挑球,,1.0,2.0,2,437.0,497.0,1.0,3,472.0,316.0,,,,,8,502.0,527.0,8,604.0,345.0,0
27,5.0,00:23:55,43072.0,14,13,B,2,點扣,,,1.0,3,472.0,316.0,2.0,6,453.0,564.0,,,,,8,552.0,326.0,8,552.0,554.0,0
27,6.0,00:23:56,43086.0,14,13,A,2,擋小球,,1.0,2.0,6,453.0,564.0,2.0,1,488.0,401.0,,,,,8,583.0,579.0,8,539.0,332.0,0
27,7.0,00:23:57,43111.0,14,13,B,2,放小球,,,2.0,1,488.0,401.0,2.0,7,577.0,487.0,,,,,8,567.0,376.0,8,600.0,564.0,0
27,8.0,00:23:57,43136.0,14,13,A,2,放小球,,1.0,2.0,7,577.0,487.0,2.0,1,457.0,396.0,,,,,8,607.0,531.0,8,631.0,350.0,0
27,9.0,00:23:58,43163.0,14,13,B,2,勾球,,,2.0,1,457.0,396.0,2.0,1,818.0,463.0,,,,,8,549.0,375.0,8,596.0,535.0,0
27,10.0,00:23:59,43186.0,14,13,A,3,勾球,,,2.0,1,818.0,463.0,2.0,7,626.0,450.0,掛網,對手掛網,B,,8,689.0,508.0,8,587.0,357.0,0
28,1.0,00:24:16,43708.0,14,14,B,1,未知球種,,,2.0,,,,2.0,,,,,,,1,,,,,,,0
28,2.0,00:24:17,43719.0,14,14,A,2,挑球,,,2.0,,,,1.0,4,772.0,320.0,,,,,7,571.0,489.0,8,633.0,353.0,0
28,3.0,00:24:18,43760.0,14,14,B,2,點扣,1.0,,1.0,4,772.0,320.0,2.0,8,526.0,550.0,,,,,9,699.0,321.0,8,707.0,553.0,0
28,4.0,00:24:19,43774.0,14,14,A,2,擋小球,,1.0,2.0,8,526.0,550.0,2.0,5,480.0,380.0,,,,,8,719.0,556.0,9,699.0,322.0,0
28,5.0,00:24:20,43805.0,14,14,B,2,挑球,,,2.0,5,480.0,380.0,1.0,6,398.0,616.0,,,,,5,512.0,380.0,8,591.0,519.0,0
28,6.0,00:24:21,43840.0,14,14,A,2,長球,1.0,,1.0,6,398.0,616.0,1.0,4,759.0,316.0,,,,,9,514.0,621.0,8,572.0,351.0,0
28,7.0,00:24:22,43870.0,14,14,B,2,殺球,1.0,,1.0,4,759.0,316.0,2.0,5,873.0,556.0,,,,,8,676.0,333.0,8,620.0,579.0,0
28,8.0,00:24:22,43883.0,14,14,A,3,擋小球,,,2.0,5,873.0,556.0,2.0,15,918.0,529.0,未過網,對手未過網,B,,8,757.0,575.0,8,713.0,327.0,0
29,1.0,00:24:47,44626.0,15,14,B,1,發長球,,1.0,2.0,,,,1.0,8,775.0,592.0,,,,,8,606.0,354.0,8,693.0,545.0,0
29,2.0,00:24:48,44659.0,15,14,A,2,切球,,,1.0,8,775.0,592.0,2.0,2,769.0,390.0,,,,,8,719.0,608.0,8,646.0,346.0,0
29,3.0,00:24:49,44680.0,15,14,B,2,放小球,,1.0,2.0,2,769.0,390.0,2.0,1,778.0,460.0,,,,,8,701.0,355.0,8,716.0,591.0,0
29,4.0,00:24:50,44702.0,15,14,A,2,撲球,,,2.0,1,778.0,460.0,1.0,8,563.0,347.0,,,,,7,740.0,502.0,8,698.0,353.0,0
29,5.0,00:24:50,44715.0,15,14,B,2,平球,,,1.0,8,563.0,347.0,2.0,6,405.0,591.0,,,,,8,642.0,346.0,7,720.0,503.0,0
29,6.0,00:24:51,44741.0,15,14,A,2,後場抽平球,,1.0,2.0,6,405.0,591.0,2.0,7,724.0,406.0,,,,,8,533.0,572.0,8,563.0,348.0,0
29,7.0,00:24:52,44764.0,15,14,B,3,推球,,1.0,2.0,7,724.0,406.0,2.0,13,411.0,663.0,出界,對手出界,A,,7,628.0,390.0,8,539.0,569.0,0
30,1.0,00:25:33,46012.0,16,14,A,1,發長球,,1.0,2.0,,,,1.0,9,708.0,320.0,,,,,8,622.0,526.0,8,731.0,353.0,0
30,2.0,00:25:34,46042.0,16,14,B,2,殺球,,,1.0,9,708.0,320.0,2.0,5,848.0,554.0,,,,,9,720.0,316.0,8,646.0,535.0,0
30,3.0,00:25:35,46055.0,16,14,A,2,擋小球,,,2.0,5,848.0,554.0,2.0,6,778.0,388.0,,,,,8,656.0,556.0,9,695.0,313.0,0
30,4.0,00:25:36,46082.0,16,14,B,3,推球,,1.0,2.0,6,778.0,388.0,2.0,12,337.0,644.0,出界,對手出界,A,,8,725.0,355.0,8,752.0,545.0,0
31,1.0,00:25:57,46730.0,17,14,A,1,發長球,,1.0,2.0,,,,1.0,3,511.0,315.0,,,,,8,651.0,515.0,8,578.0,357.0,0
31,2.0,00:25:58,46763.0,17,14,B,2,點扣,,,1.0,3,511.0,315.0,2.0,6,471.0,524.0,,,,,9,549.0,321.0,8,630.0,537.0,0
31,3.0,00:25:59,46780.0,17,14,A,2,放小球,,1.0,2.0,6,471.0,524.0,2.0,1,461.0,408.0,,,,,8,571.0,534.0,9,566.0,317.0,0
31,4.0,00:26:00,46807.0,17,14,B,2,放小球,,,2.0,1,461.0,408.0,2.0,2,435.0,455.0,,,,,8,544.0,388.0,8,569.0,541.0,0
31,5.0,00:26:01,46831.0,17,14,A,2,放小球,,1.0,2.0,2,435.0,455.0,2.0,1,506.0,409.0,,,,,7,498.0,501.0,8,573.0,375.0,0
31,6.0,00:26:01,46854.0,17,14,B,2,勾球,,,2.0,1,506.0,409.0,2.0,1,829.0,471.0,,,,,8,520.0,387.0,8,531.0,521.0,0
31,7.0,00:26:02,46876.0,17,14,A,2,推球,,,2.0,1,829.0,471.0,1.0,4,792.0,315.0,,,,,8,729.0,511.0,8,589.0,366.0,0
31,8.0,00:26:03,46900.0,17,14,B,2,過度切球,,1.0,1.0,4,792.0,315.0,2.0,1,841.0,501.0,,,,,8,697.0,333.0,8,724.0,543.0,0
31,9.0,00:26:04,46926.0,17,14,A,2,放小球,,,2.0,1,841.0,501.0,2.0,2,808.0,395.0,,,,,8,751.0,547.0,8,691.0,332.0,0
31,10.0,00:26:05,46953.0,17,14,B,2,勾球,,1.0,2.0,2,808.0,395.0,2.0,2,482.0,492.0,,,,,8,724.0,384.0,8,709.0,555.0,0
31,11.0,00:26:05,46975.0,17,14,A,2,挑球,,1.0,2.0,2,482.0,492.0,1.0,3,519.0,318.0,,,,,8,542.0,526.0,8,701.0,365.0,0
31,12.0,00:26:06,47002.0,17,14,B,2,殺球,,,1.0,3,519.0,318.0,2.0,6,445.0,577.0,,,,,8,585.0,328.0,8,584.0,560.0,0
31,13.0,00:26:07,47017.0,17,14,A,2,擋小球,,1.0,2.0,6,445.0,577.0,2.0,1,497.0,403.0,,,,,8,599.0,590.0,9,541.0,317.0,0
31,14.0,00:26:08,47046.0,17,14,B,3,挑球,,,2.0,1,497.0,403.0,2.0,13,387.0,671.0,出界,對手出界,A,,8,583.0,384.0,8,628.0,561.0,0
32,1.0,00:26:55,48475.0,17,15,A,1,發短球,,1.0,2.0,,,,2.0,7,699.0,392.0,,,,,8,624.0,522.0,8,728.0,353.0,0
32,2.0,00:26:56,48502.0,17,15,B,2,放小球,,1.0,2.0,7,699.0,392.0,2.0,2,468.0,489.0,,,,,8,702.0,369.0,8,632.0,532.0,0
32,3.0,00:26:57,48525.0,17,15,A,2,挑球,,1.0,2.0,2,468.0,489.0,1.0,3,488.0,321.0,,,,,7,584.0,503.0,8,637.0,354.0,0
32,4.0,00:26:58,48552.0,17,15,B,2,後場抽平球,,,1.0,3,488.0,321.0,1.0,6,432.0,555.0,,,,,8,560.0,332.0,8,587.0,546.0,0
32,5.0,00:26:58,48567.0,17,15,A,2,擋小球,,1.0,1.0,6,432.0,555.0,2.0,7,552.0,395.0,,,,,8,569.0,564.0,8,564.0,330.0,0
32,6.0,00:26:59,48587.0,17,15,B,2,放小球,,,2.0,7,552.0,395.0,2.0,7,666.0,472.0,,,,,8,607.0,360.0,8,612.0,549.0,0
32,7.0,00:27:00,48606.0,17,15,A,2,放小球,,,2.0,7,666.0,472.0,2.0,2,800.0,398.0,,,,,8,654.0,524.0,8,615.0,347.0,0
32,8.0,00:27:01,48637.0,17,15,B,2,推球,,1.0,2.0,2,800.0,398.0,1.0,5,870.0,581.0,,,,,7,724.0,394.0,8,659.0,538.0,0
32,9.0,00:27:01,48657.0,17,15,A,2,平球,,,1.0,5,870.0,581.0,1.0,6,804.0,347.0,,,,,8,720.0,575.0,8,714.0,373.0,0
32,10.0,00:27:02,48672.0,17,15,B,2,擋小球,,1.0,1.0,6,804.0,347.0,2.0,1,819.0,498.0,,,,,8,709.0,351.0,8,794.0,580.0,0
32,11.0,00:27:03,48691.0,17,15,A,2,挑球,,,2.0,1,819.0,498.0,1.0,3,477.0,315.0,,,,,8,738.0,548.0,8,697.0,340.0,0
32,12.0,00:27:04,48726.0,17,15,B,2,後場抽平球,,,1.0,3,477.0,315.0,1.0,6,451.0,543.0,,,,,8,546.0,325.0,8,618.0,550.0,0
32,13.0,00:27:04,48741.0,17,15,A,2,擋小球,,1.0,1.0,6,451.0,543.0,2.0,8,607.0,373.0,,,,,8,569.0,559.0,8,552.0,326.0,0
32,14.0,00:27:05,48760.0,17,15,B,2,放小球,,,2.0,8,607.0,373.0,2.0,7,684.0,471.0,,,,,8,643.0,353.0,8,610.0,556.0,0
32,15.0,00:27:06,48782.0,17,15,A,2,放小球,,,2.0,7,684.0,471.0,2.0,2,801.0,396.0,,,,,8,647.0,540.0,8,640.0,336.0,0
32,16.0,00:27:07,48811.0,17,15,B,2,挑球,,1.0,2.0,2,801.0,396.0,1.0,8,485.0,614.0,,,,,8,719.0,371.0,8,669.0,545.0,0
32,17.0,00:27:08,48847.0,17,15,A,2,長球,1.0,,1.0,8,485.0,614.0,1.0,9,740.0,312.0,,,,,8,497.0,618.0,8,654.0,349.0,0
32,18.0,00:27:09,48878.0,17,15,B,2,點扣,1.0,,1.0,9,740.0,312.0,2.0,5,850.0,554.0,,,,,9,722.0,316.0,8,622.0,583.0,0
32,19.0,00:27:09,48895.0,17,15,A,2,勾球,,,2.0,5,850.0,554.0,2.0,1,484.0,390.0,,,,,8,695.0,571.0,9,715.0,315.0,0
32,20.0,00:27:10,48925.0,17,15,B,2,挑球,,,2.0,1,484.0,390.0,1.0,4,449.0,622.0,,,,,8,582.0,373.0,8,626.0,549.0,0
32,21.0,00:27:11,48958.0,17,15,A,2,殺球,1.0,,1.0,4,449.0,622.0,2.0,8,579.0,343.0,,,,,4,456.0,619.0,8,592.0,350.0,0
32,22.0,00:27:12,48970.0,17,15,B,2,勾球,,,2.0,8,579.0,343.0,2.0,1,781.0,479.0,,,,,8,614.0,346.0,4,455.0,637.0,0
32,23.0,00:27:13,49001.0,17,15,A,2,挑球,,,2.0,1,781.0,479.0,1.0,9,749.0,314.0,,,,,8,680.0,535.0,8,647.0,335.0,0
32,24.0,00:27:14,49043.0,17,15,B,2,點扣,1.0,,1.0,9,749.0,314.0,2.0,5,833.0,549.0,,,,,9,727.0,313.0,8,653.0,543.0,0
32,25.0,00:27:15,49061.0,17,15,A,2,勾球,,,2.0,5,833.0,549.0,2.0,1,502.0,400.0,,,,,8,710.0,562.0,9,711.0,311.0,0
32,26.0,00:27:16,49092.0,17,15,B,2,放小球,,,2.0,1,502.0,400.0,2.0,2,437.0,473.0,,,,,8,589.0,380.0,8,632.0,549.0,0
32,27.0,00:27:17,49120.0,17,15,A,2,挑球,,1.0,2.0,2,437.0,473.0,1.0,3,483.0,312.0,,,,,8,533.0,512.0,8,600.0,367.0,0
32,28.0,00:27:18,49154.0,17,15,B,2,切球,,,1.0,3,483.0,312.0,2.0,1,868.0,500.0,,,,,9,561.0,314.0,8,573.0,549.0,0
32,29.0,00:27:19,49180.0,17,15,A,2,勾球,,,2.0,1,868.0,500.0,2.0,1,462.0,397.0,,,,,8,739.0,536.0,9,583.0,320.0,0
32,30.0,00:27:20,49215.0,17,15,B,2,挑球,,,2.0,1,462.0,397.0,1.0,4,392.0,620.0,,,,,8,574.0,381.0,8,639.0,536.0,0
32,31.0,00:27:21,49253.0,17,15,A,2,點扣,1.0,,1.0,4,392.0,620.0,2.0,5,522.0,341.0,,,,,6,423.0,615.0,8,605.0,351.0,0
32,32.0,00:27:22,49271.0,17,15,B,2,勾球,,,2.0,5,522.0,341.0,2.0,1,854.0,474.0,,,,,8,607.0,343.0,6,448.0,594.0,0
32,33.0,00:27:23,49301.0,17,15,A,3,放小球,,,2.0,1,854.0,474.0,2.0,1,824.0,447.0,掛網,對手掛網,B,,7,742.0,506.0,8,670.0,340.0,0
33,1.0,00:27:46,49989.0,18,15,B,1,未知球種,,,2.0,,,,2.0,,,,,,,1,,,,,,,0
33,2.0,00:27:46,50000.0,18,15,A,2,放小球,,,2.0,,,,2.0,7,626.0,398.0,,,,,7,565.0,482.0,8,593.0,351.0,0
33,3.0,00:27:47,50026.0,18,15,B,2,挑球,,1.0,2.0,7,626.0,398.0,1.0,8,537.0,613.0,,,,,8,586.0,389.0,8,635.0,527.0,0
33,4.0,00:27:48,50065.0,18,15,A,3,殺球,,,1.0,8,537.0,613.0,2.0,5,461.0,356.0,對手落地致勝,落地致勝,A,,8,559.0,590.0,8,592.0,348.0,0
34,1.0,00:28:20,51012.0,19,15,A,1,未知球種,,,2.0,,,,2.0,,,,,,,1,,,,,,,0
34,2.0,00:28:22,51062.0,19,15,B,2,挑球,,,2.0,,,,1.0,5,817.0,593.0,,,,,8,590.0,388.0,8,666.0,533.0,0
34,3.0,00:28:23,51092.0,19,15,A,2,點扣,,,1.0,5,817.0,593.0,2.0,6,788.0,340.0,,,,,8,720.0,603.0,8,603.0,344.0,0
34,4.0,00:28:23,51108.0,19,15,B,2,擋小球,,1.0,2.0,6,788.0,340.0,2.0,1,820.0,486.0,,,,,8,654.0,354.0,8,769.0,615.0,0
34,5.0,00:28:24,51133.0,19,15,A,2,挑球,,,2.0,1,820.0,486.0,1.0,4,797.0,310.0,,,,,8,749.0,517.0,8,667.0,353.0,0
34,6.0,00:28:25,51164.0,19,15,B,2,長球,1.0,,1.0,4,797.0,310.0,1.0,9,495.0,620.0,,,,,8,712.0,324.0,8,717.0,564.0,0
34,7.0,00:28:26,51199.0,19,15,A,2,長球,1.0,,1.0,9,495.0,620.0,1.0,4,783.0,322.0,,,,,8,586.0,606.0,8,652.0,341.0,0
34,8.0,00:28:27,51236.0,19,15,B,2,點扣,1.0,,1.0,4,783.0,322.0,2.0,5,872.0,555.0,,,,,9,678.0,323.0,8,662.0,586.0,0
34,9.0,00:28:28,51256.0,19,15,A,2,擋小球,,,2.0,5,872.0,555.0,2.0,2,833.0,392.0,,,,,8,792.0,571.0,8,693.0,334.0,0
34,10.0,00:28:29,51284.0,19,15,B,2,推球,,1.0,2.0,2,833.0,392.0,1.0,5,873.0,540.0,,,,,6,792.0,387.0,8,742.0,562.0,0
34,11.0,00:28:29,51299.0,19,15,A,2,平球,,,1.0,5,873.0,540.0,1.0,8,708.0,352.0,,,,,8,762.0,572.0,8,739.0,369.0,0
34,12.0,00:28:30,51310.0,19,15,B,2,擋小球,,1.0,1.0,8,708.0,352.0,2.0,7,582.0,494.0,,,,,8,641.0,353.0,5,902.0,566.0,0
34,13.0,00:28:31,51336.0,19,15,A,2,挑球,,1.0,2.0,7,582.0,494.0,1.0,8,528.0,342.0,,,,,8,629.0,515.0,8,574.0,350.0,0
34,14.0,00:28:31,51349.0,19,15,B,2,點扣,,,1.0,8,528.0,342.0,2.0,8,624.0,517.0,,,,,8,572.0,345.0,8,678.0,550.0,0
34,15.0,00:28:31,51358.0,19,15,A,2,擋小球,,1.0,2.0,8,624.0,517.0,1.0,8,684.0,381.0,,,,,8,672.0,567.0,5,517.0,357.0,0
34,16.0,00:28:32,51377.0,19,15,B,2,撲球,,1.0,1.0,8,684.0,381.0,2.0,8,646.0,566.0,,,,,8,587.0,381.0,8,695.0,562.0,0
34,17.0,00:28:32,51388.0,19,15,A,2,擋小球,,,2.0,8,646.0,566.0,1.0,2,787.0,398.0,,,,,8,697.0,570.0,7,675.0,395.0,0
34,18.0,00:28:33,51406.0,19,15,B,2,撲球,,1.0,1.0,2,787.0,398.0,2.0,8,618.0,533.0,,,,,7,617.0,398.0,8,692.0,582.0,0
34,19.0,00:28:33,51418.0,19,15,A,2,防守回抽,,1.0,2.0,8,618.0,533.0,2.0,5,498.0,358.0,,,,,8,702.0,561.0,8,706.0,388.0,0
34,20.0,00:28:34,51440.0,19,15,B,2,挑球,,,2.0,5,498.0,358.0,1.0,6,420.0,595.0,,,,,8,568.0,382.0,8,663.0,555.0,0
34,21.0,00:28:35,51471.0,19,15,A,2,殺球,1.0,,1.0,6,420.0,595.0,2.0,5,488.0,329.0,,,,,8,510.0,581.0,8,556.0,350.0,0
34,22.0,00:28:36,51484.0,19,15,B,2,擋小球,,,2.0,5,488.0,329.0,2.0,7,734.0,486.0,,,,,8,538.0,347.0,8,508.0,603.0,0
34,23.0,00:28:37,51511.0,19,15,A,2,放小球,,,2.0,7,734.0,486.0,2.0,7,632.0,391.0,,,,,8,663.0,536.0,8,568.0,350.0,0
34,24.0,00:28:37,51529.0,19,15,B,2,放小球,,,2.0,7,632.0,391.0,2.0,1,820.0,491.0,,,,,8,652.0,380.0,8,684.0,569.0,0
34,25.0,00:28:38,51550.0,19,15,A,2,挑球,,,2.0,1,820.0,491.0,1.0,3,504.0,316.0,,,,,8,735.0,533.0,8,634.0,350.0,0
34,26.0,00:28:39,51581.0,19,15,B,2,過度切球,,,1.0,3,504.0,316.0,2.0,2,464.0,486.0,,,,,5,525.0,329.0,8,663.0,522.0,0
34,27.0,00:28:40,51601.0,19,15,A,2,挑球,,1.0,2.0,2,464.0,486.0,1.0,3,472.0,315.0,,,,,8,529.0,513.0,9,551.0,321.0,0
34,28.0,00:28:41,51632.0,19,15,B,2,後場抽平球,,,1.0,3,472.0,315.0,1.0,6,435.0,529.0,,,,,5,493.0,327.0,8,609.0,560.0,0
34,29.0,00:28:41,51647.0,19,15,A,2,放小球,,1.0,1.0,6,435.0,529.0,2.0,7,582.0,400.0,,,,,8,625.0,564.0,5,523.0,336.0,0
34,30.0,00:28:42,51666.0,19,15,B,2,挑球,,,2.0,7,582.0,400.0,1.0,3,808.0,622.0,,,,,8,615.0,380.0,8,593.0,546.0,0
34,31.0,00:28:43,51702.0,19,15,A,2,過度切球,,,1.0,3,808.0,622.0,2.0,5,442.0,387.0,,,,,9,757.0,628.0,8,625.0,360.0,0
34,32.0,00:28:44,51728.0,19,15,B,3,放小球,,,2.0,5,442.0,387.0,2.0,10,377.0,478.0,出界,對手出界,A,,5,481.0,388.0,8,663.0,589.0,0
35,1.0,00:29:13,52590.0,20,15,A,1,發短球,,1.0,2.0,,,,2.0,8,667.0,386.0,,,,,8,616.0,524.0,8,726.0,343.0,0
35,2.0,00:29:13,52618.0,20,15,B,2,挑球,,1.0,2.0,8,667.0,386.0,1.0,6,408.0,613.0,,,,,8,699.0,362.0,8,638.0,534.0,0
35,3.0,00:29:15,52651.0,20,15,A,2,長球,,1.0,1.0,6,408.0,613.0,1.0,8,646.0,328.0,,,,,8,492.0,606.0,8,628.0,343.0,0
35,4.0,00:29:16,52680.0,20,15,B,3,殺球,,,1.0,8,646.0,328.0,2.0,7,532.0,427.0,掛網,對手掛網,A,,9,651.0,323.0,8,590.0,583.0,0
36,1.0,00:29:41,53443.0,20,16,A,1,發長球,,1.0,2.0,,,,1.0,9,535.0,319.0,,,,,8,657.0,513.0,8,582.0,354.0,0
36,2.0,00:29:41,53443.0,20,16,B,2,點扣,,,1.0,9,535.0,319.0,2.0,5,853.0,526.0,,,,,9,563.0,313.0,8,627.0,541.0,0
36,3.0,00:29:42,53460.0,20,16,A,2,擋小球,,,2.0,5,853.0,526.0,2.0,6,808.0,376.0,,,,,8,688.0,558.0,9,584.0,309.0,0
36,4.0,00:29:42,53484.0,20,16,B,2,推球,,1.0,2.0,6,808.0,376.0,1.0,6,459.0,607.0,,,,,8,734.0,359.0,8,695.0,562.0,0
36,5.0,00:29:43,53518.0,20,16,A,2,長球,1.0,,1.0,6,459.0,607.0,1.0,3,473.0,313.0,,,,,8,512.0,608.0,8,668.0,350.0,0
36,6.0,00:29:45,53552.0,20,16,B,2,長球,,,1.0,3,473.0,313.0,1.0,6,407.0,618.0,,,,,3,502.0,316.0,8,562.0,583.0,0
36,7.0,00:29:46,53593.0,20,16,A,3,切球,1.0,,1.0,6,407.0,618.0,2.0,11,870.0,387.0,出界,對手出界,B,,4,414.0,627.0,8,592.0,344.0,0
37,1.0,00:30:30,54903.0,21,16,B,1,發短球,,1.0,2.0,,,,2.0,7,706.0,494.0,,,,,8,622.0,352.0,8,683.0,531.0,0
37,2.0,00:30:30,54922.0,21,16,A,2,推球,,,2.0,7,706.0,494.0,1.0,3,508.0,318.0,,,,,7,667.0,505.0,8,624.0,347.0,0
37,3.0,00:30:31,54951.0,21,16,B,2,長球,,,1.0,3,508.0,318.0,1.0,6,426.0,599.0,,,,,8,554.0,331.0,8,588.0,537.0,0
37,4.0,00:30:32,54984.0,21,16,A,2,長球,1.0,,1.0,6,426.0,599.0,1.0,9,724.0,320.0,,,,,6,438.0,607.0,8,613.0,341.0,0
37,5.0,00:30:33,55014.0,21,16,B,2,殺球,1.0,,1.0,9,724.0,320.0,2.0,8,752.0,556.0,,,,,9,704.0,321.0,8,599.0,594.0,0
37,6.0,00:30:34,55029.0,21,16,A,2,勾球,,,2.0,8,752.0,556.0,2.0,5,508.0,377.0,,,,,8,677.0,566.0,9,738.0,320.0,0
37,7.0,00:30:35,55056.0,21,16,B,2,放小球,,,2.0,5,508.0,377.0,2.0,2,457.0,482.0,,,,,8,607.0,363.0,8,619.0,534.0,0
37,8.0,00:30:36,55083.0,21,16,A,2,放小球,,,2.0,2,457.0,482.0,2.0,1,451.0,405.0,,,,,7,533.0,497.0,8,610.0,349.0,0
37,9.0,00:30:37,55110.0,21,16,B,2,挑球,,,2.0,1,451.0,405.0,1.0,6,442.0,609.0,,,,,5,507.0,385.0,8,544.0,534.0,0
37,10.0,00:30:38,55146.0,21,16,A,2,殺球,1.0,,1.0,6,442.0,609.0,2.0,5,474.0,348.0,,,,,6,461.0,605.0,8,581.0,354.0,0
37,11.0,00:30:38,55162.0,21,16,B,2,擋小球,,,2.0,5,474.0,348.0,2.0,2,464.0,453.0,,,,,8,597.0,345.0,4,465.0,620.0,0
37,12.0,00:30:39,55186.0,21,16,A,2,放小球,,1.0,2.0,2,464.0,453.0,2.0,1,482.0,403.0,,,,,6,476.0,512.0,8,563.0,345.0,0
37,13.0,00:30:40,55211.0,21,16,B,2,挑球,,,2.0,1,482.0,403.0,1.0,9,772.0,619.0,,,,,5,496.0,378.0,8,534.0,521.0,0
37,14.0,00:30:41,55253.0,21,16,A,2,切球,,,1.0,9,772.0,619.0,2.0,8,762.0,375.0,,,,,9,679.0,621.0,8,628.0,348.0,0
37,15.0,00:30:42,55275.0,21,16,B,2,挑球,,1.0,2.0,8,762.0,375.0,1.0,8,521.0,565.0,,,,,8,707.0,357.0,8,697.0,590.0,0
37,16.0,00:30:43,55305.0,21,16,A,2,殺球,1.0,,1.0,8,521.0,565.0,2.0,5,500.0,339.0,,,,,8,561.0,590.0,8,669.0,348.0,0
37,17.0,00:30:44,55320.0,21,16,B,2,擋小球,,,2.0,5,500.0,339.0,2.0,2,452.0,490.0,,,,,8,615.0,344.0,8,528.0,603.0,0
37,18.0,00:30:45,55353.0,21,16,A,2,挑球,,1.0,2.0,2,452.0,490.0,1.0,3,478.0,313.0,,,,,8,518.0,523.0,8,614.0,345.0,0
37,19.0,00:30:46,55393.0,21,16,B,2,切球,,,1.0,3,478.0,313.0,2.0,2,440.0,496.0,,,,,3,527.0,318.0,8,584.0,557.0,0
37,20.0,00:30:47,55418.0,21,16,A,2,挑球,,1.0,2.0,2,440.0,496.0,1.0,3,490.0,313.0,,,,,8,510.0,541.0,9,562.0,323.0,0
37,21.0,00:30:48,55453.0,21,16,B,2,切球,,,1.0,3,490.0,313.0,2.0,6,440.0,509.0,,,,,9,543.0,322.0,8,584.0,563.0,0
37,22.0,00:30:49,55476.0,21,16,A,2,挑球,,1.0,2.0,6,440.0,509.0,1.0,3,495.0,314.0,,,,,8,528.0,549.0,8,580.0,327.0,0
37,23.0,00:30:50,55510.0,21,16,B,2,長球,,,1.0,3,495.0,314.0,1.0,4,448.0,632.0,,,,,8,561.0,327.0,8,597.0,558.0,0
37,24.0,00:30:52,55560.0,21,16,A,3,點扣,1.0,,1.0,4,448.0,632.0,2.0,5,476.0,379.0,對手落地致勝,落地致勝,A,,4,458.0,623.0,8,619.0,340.0,0
8,1.0,00:12:39,22789.0,5,3,B,1,未知球種,,,2.0,,,,,,,,,,,1,,,,,,,0
8,2.0,00:12:39,22789.0,5,3,A,2,未知球種,,,2.0,,,,,,,,,,,1,,,,,,,0
