rally,ball_round,roundscore_A,roundscore_B,player,type,backhand,landing_x,landing_y,getpoint_player,flaw,set,match_id,rally_id
1,1,0,1,Kento MOMOTA,發短球,1,0.443733945808453,0.461460330091628,,,1,49,2218
1,2,0,1,Viktor AXELSEN,挑球,1,1.37753202655788,-1.46644717378981,,,1,49,2218
1,3,0,1,Kento MOMOTA,切球,0,1.17893781212758,0.65198048591402,,,1,49,2218
1,4,0,1,Viktor AXELSEN,網前球,0,1.45411262092444,-0.360863233153319,,,1,49,2218
1,5,0,1,Kento MOMOTA,挑球,0,1.41335869892353,1.61790282505563,,,1,49,2218
1,6,0,1,Viktor AXELSEN,切球,0,-1.06543092553015,-0.42504167523581,,,1,49,2218
1,7,0,1,Kento MOMOTA,網前球,1,-1.12469762663756,0.417780079190154,,,1,49,2218
1,8,0,1,Viktor AXELSEN,挑球,1,0.927071084630308,-1.45069232928786,,,1,49,2218
1,9,0,1,Kento MOMOTA,切球,0,-1.23448749685174,0.60253033404285,,,1,49,2218
1,10,0,1,Viktor AXELSEN,挑球,1,1.32431425155192,-1.54055371379064,,,1,49,2218
1,11,0,1,Kento MOMOTA,切球,0,0.947181839148126,0.635199975551571,,,1,49,2218
1,12,0,1,Viktor AXELSEN,推撲球,0,0.110117241311253,-0.990553605374085,,,1,49,2218
1,13,0,1,Kento MOMOTA,接殺防守,1,-1.64046658404179,0.678892044149803,B,,1,49,2218
2,1,0,2,Viktor AXELSEN,發短球,1,0.480248240659103,-0.508157194275444,,,1,49,2219
2,2,0,2,Kento MOMOTA,挑球,1,0.960514959922729,1.64232978266159,,,1,49,2219
2,3,0,2,Viktor AXELSEN,切球,0,-0.894500395453374,-0.87195526165731,,,1,49,2219
2,4,0,2,Kento MOMOTA,網前球,1,-1.14191886103851,0.471597236377627,,,1,49,2219
2,5,0,2,Viktor AXELSEN,網前球,1,1.3618354253373,-0.28293499549912,,,1,49,2219
2,6,0,2,Kento MOMOTA,挑球,0,0.964740624562504,1.48556992737585,,,1,49,2219
2,7,0,2,Viktor AXELSEN,切球,0,-0.908532082423575,-0.54107758451415,,,1,49,2219
2,8,0,2,Kento MOMOTA,網前球,1,-1.09167364290259,0.326153950939753,,,1,49,2219
2,9,0,2,Viktor AXELSEN,挑球,1,-1.06446842453125,-1.38783626411719,,,1,49,2219
2,10,0,2,Kento MOMOTA,切球,0,-1.02741664643529,1.04937453999557,,,1,49,2219
2,11,0,2,Viktor AXELSEN,網前球,1,-0.234249553240015,-0.324922008323935,,,1,49,2219
2,12,0,2,Kento MOMOTA,挑球,1,-0.910058407319279,1.59899867842632,,,1,49,2219
2,13,0,2,Viktor AXELSEN,殺球,0,-0.891232841419281,-0.897590476474512,,,1,49,2219
2,14,0,2,Kento MOMOTA,網前球,1,1.06139847003868,0.618115684410926,,,1,49,2219
2,15,0,2,Viktor AXELSEN,網前球,0,-0.952318673431496,-0.54100743763476,,,1,49,2219
2,16,0,2,Kento MOMOTA,推撲球,1,-1.02538023500561,1.0863775289681,,,1,49,2219
2,17,0,2,Viktor AXELSEN,接殺防守,1,-1.12469328117199,-0.884315615198858,,,1,49,2219
2,18,0,2,Kento MOMOTA,接殺防守,1,-1.24337277178784,0.611080825126906,,,1,49,2219
2,19,0,2,Viktor AXELSEN,挑球,1,-0.953119096491743,-1.33068086104367,,,1,49,2219
2,20,0,2,Kento MOMOTA,切球,0,-1.19693625794437,1.09376899270774,,,1,49,2219
2,21,0,2,Viktor AXELSEN,網前球,1,-0.839536567596802,-0.346344680135356,,,1,49,2219
2,22,0,2,Kento MOMOTA,網前球,1,-1.43002704489827,0.279740301909279,,,1,49,2219
2,23,0,2,Viktor AXELSEN,挑球,1,1.15100200785098,-1.51029444995992,,,1,49,2219
2,24,0,2,Kento MOMOTA,長球,0,0.885817377625545,1.48556453907893,,,1,49,2219
2,25,0,2,Viktor AXELSEN,殺球,0,-1.01187090759993,-0.871735225939807,,,1,49,2219
2,26,0,2,Kento MOMOTA,接殺防守,1,-0.861915754452981,0.524356930740682,,,1,49,2219
2,27,0,2,Viktor AXELSEN,網前球,1,1.46887293943651,-0.305149821249831,B,,1,49,2219
4,1,1,3,Viktor AXELSEN,推撲球,1,1.22520949592486,-1.54031374693479,,,1,49,2221
4,2,1,3,Kento MOMOTA,切球,0,1.29854000322212,0.727026857628211,,,1,49,2221
4,3,1,3,Viktor AXELSEN,網前球,0,1.25177239431006,-0.532780593456311,,,1,49,2221
4,4,1,3,Kento MOMOTA,推撲球,0,1.20165305468353,1.45968379802219,,,1,49,2221
4,5,1,3,Viktor AXELSEN,切球,0,-0.990432762534522,-0.588247205540311,,,1,49,2221
4,6,1,3,Kento MOMOTA,網前球,1,-1.08926597002854,0.212937298525466,,,1,49,2221
4,7,1,3,Viktor AXELSEN,挑球,1,0.68992210680492,-1.46482422557411,,,1,49,2221
4,8,1,3,Kento MOMOTA,長球,0,1.21959436438103,1.38723928036303,,,1,49,2221
4,9,1,3,Viktor AXELSEN,殺球,0,1.45231693915568,-1.22331308835787,B,,1,49,2221
9,1,2,7,Viktor AXELSEN,發短球,1,0.32531848782145,-0.554838610027994,,,1,49,2226
9,2,2,7,Kento MOMOTA,推撲球,1,0.982262284411964,1.58688962111237,,,1,49,2226
9,3,2,7,Viktor AXELSEN,長球,0,0.909932176439398,-1.49487554260721,,,1,49,2226
9,4,2,7,Kento MOMOTA,殺球,0,1.36424682034601,1.08575463001428,,,1,49,2226
9,5,2,7,Viktor AXELSEN,接殺防守,0,1.17351381273888,-0.462850643900709,,,1,49,2226
9,6,2,7,Kento MOMOTA,挑球,0,1.12124850203915,1.46617692566807,,,1,49,2226
9,7,2,7,Viktor AXELSEN,殺球,0,1.3294992829107,-1.1267685961035,,,1,49,2226
9,8,2,7,Kento MOMOTA,接殺防守,0,1.09790866273962,0.549158674191693,,,1,49,2226
9,9,2,7,Viktor AXELSEN,網前球,0,1.25341818685904,-0.206568952544291,,,1,49,2226
9,10,2,7,Kento MOMOTA,網前球,0,1.11274468470706,1.62399716832034,,,1,49,2226
9,11,2,7,Viktor AXELSEN,切球,0,-1.20112388886717,-0.39077379247237,,,1,49,2226
9,12,2,7,Kento MOMOTA,推撲球,1,-1.26100374609433,1.13749824899867,,,1,49,2226
9,13,2,7,Viktor AXELSEN,長球,1,-0.724944854013575,-1.46148475105005,,,1,49,2226
9,14,2,7,Kento MOMOTA,殺球,0,-1.04234255373931,1.1010598154306,,,1,49,2226
9,15,2,7,Viktor AXELSEN,接殺防守,1,-1.16659940599713,-0.587958115003179,,,1,49,2226
9,16,2,7,Kento MOMOTA,網前球,1,-1.14687776967823,0.298243533965994,,,1,49,2226
9,17,2,7,Viktor AXELSEN,挑球,1,1.07266742889145,-1.56998579285127,,,1,49,2226
9,18,2,7,Kento MOMOTA,切球,0,0.869148511450963,0.618239790129709,,,1,49,2226
9,19,2,7,Viktor AXELSEN,推撲球,0,1.00020223570818,-1.55476313986954,,,1,49,2226
9,20,2,7,Kento MOMOTA,長球,0,0.986316125115669,1.36717317005783,,,1,49,2226
9,21,2,7,Viktor AXELSEN,殺球,0,1.0951279017395,-0.966248259571464,,,1,49,2226
9,22,2,7,Kento MOMOTA,接殺防守,0,0.589862599510581,0.398237520318253,,,1,49,2226
9,23,2,7,Viktor AXELSEN,挑球,0,1.14027542426977,-1.54010809220106,,,1,49,2226
9,24,2,7,Kento MOMOTA,長球,0,0.960267425052337,1.54931194841075,,,1,49,2226
9,25,2,7,Viktor AXELSEN,殺球,0,-0.853803766036425,-0.859276980301883,,,1,49,2226
9,26,2,7,Kento MOMOTA,接殺防守,1,-1.40034724308502,0.507188489912869,A,,1,49,2226
10,1,3,7,Kento MOMOTA,發短球,1,0.421886663681921,0.461477258369062,,,1,49,2227
10,2,3,7,Viktor AXELSEN,挑球,1,1.20743241515584,-1.51042970195986,,,1,49,2227
10,3,3,7,Kento MOMOTA,切球,0,1.16360265692782,0.848564795475725,,,1,49,2227
10,4,3,7,Viktor AXELSEN,網前球,0,0.984489095849459,-0.271431109999579,,,1,49,2227
10,5,3,7,Kento MOMOTA,網前球,0,1.33234287320127,0.248785919373091,,,1,49,2227
10,6,3,7,Viktor AXELSEN,推撲球,0,0.872635771750952,-1.55445268333363,,,1,49,2227
10,7,3,7,Kento MOMOTA,切球,0,-0.95560755013912,0.610893038171508,,,1,49,2227
10,8,3,7,Viktor AXELSEN,網前球,1,-0.632463241730562,-0.471608732206644,,,1,49,2227
10,9,3,7,Kento MOMOTA,推撲球,1,0.981408651673277,1.53033973007202,,,1,49,2227
10,10,3,7,Viktor AXELSEN,殺球,0,1.22180968602939,-1.18128703185394,,,1,49,2227
10,11,3,7,Kento MOMOTA,接殺防守,0,0.938967412634662,0.28695838810936,,,1,49,2227
10,12,3,7,Viktor AXELSEN,挑球,0,-0.929608289741502,-1.47572044135759,,,1,49,2227
10,13,3,7,Kento MOMOTA,長球,0,0.898102719611257,1.63621097478892,,,1,49,2227
10,14,3,7,Viktor AXELSEN,長球,0,0.653000744668494,-1.55391816095558,,,1,49,2227
10,15,3,7,Kento MOMOTA,長球,0,-1.13591680089618,1.45957402435524,,,1,49,2227
10,16,3,7,Viktor AXELSEN,長球,0,-0.920990885293002,-1.5201973905509,,,1,49,2227
10,17,3,7,Kento MOMOTA,切球,0,0.886127813147263,0.840736248743536,,,1,49,2227
10,18,3,7,Viktor AXELSEN,網前球,0,1.44568758529241,-0.38337506484459,,,1,49,2227
10,19,3,7,Kento MOMOTA,挑球,0,1.04377759725213,1.63011846101141,,,1,49,2227
10,20,3,7,Viktor AXELSEN,切球,0,-1.14814013672537,-0.552463806742103,,,1,49,2227
10,21,3,7,Kento MOMOTA,網前球,1,-1.32631730352062,0.372457878888002,,,1,49,2227
10,22,3,7,Viktor AXELSEN,挑球,1,0.913842589644104,-1.5395598200718,,,1,49,2227
10,23,3,7,Kento MOMOTA,長球,0,1.10644919327633,1.66060187052857,,,1,49,2227
10,24,3,7,Viktor AXELSEN,接殺防守,0,-0.541356956283116,-0.636880515948041,,,1,49,2227
10,25,3,7,Kento MOMOTA,殺球,0,-0.846166282161665,1.41377243738884,A,,1,49,2227
11,1,4,7,Kento MOMOTA,發短球,1,-0.613911792461764,0.567703509619534,,,1,49,2228
11,2,4,7,Viktor AXELSEN,推撲球,1,-1.32587419307105,-1.41622087083753,,,1,49,2228
11,3,4,7,Kento MOMOTA,切球,1,-0.943549951875092,0.619409965912221,,,1,49,2228
11,4,4,7,Viktor AXELSEN,網前球,1,0.835081708536888,-0.497067162748014,,,1,49,2228
11,5,4,7,Kento MOMOTA,網前球,0,0.955786756632438,0.286942945617919,,,1,49,2228
11,6,4,7,Viktor AXELSEN,推撲球,0,1.1439485753812,-1.51027754434301,,,1,49,2228
11,7,4,7,Kento MOMOTA,切球,0,1.22128961092586,0.90369163242691,,,1,49,2228
11,8,4,7,Viktor AXELSEN,網前球,0,1.18595142172171,-0.509267324107125,,,1,49,2228
11,9,4,7,Kento MOMOTA,網前球,0,1.45269649902116,0.415687605937986,,,1,49,2228
11,10,4,7,Viktor AXELSEN,網前球,0,1.39692326871194,-0.132058993280855,,,1,49,2228
11,11,4,7,Kento MOMOTA,挑球,0,1.08141421747126,1.45316687614293,,,1,49,2228
11,12,4,7,Viktor AXELSEN,殺球,0,1.41982062200188,-1.09984622848984,,,1,49,2228
11,13,4,7,Kento MOMOTA,接殺防守,0,1.2574184838045,0.397685586654507,,,1,49,2228
11,14,4,7,Viktor AXELSEN,網前球,0,1.34178397547904,-0.195922735077634,,,1,49,2228
11,15,4,7,Kento MOMOTA,挑球,0,0.965031747340266,1.6423306737249,,,1,49,2228
11,16,4,7,Viktor AXELSEN,切球,0,-1.13416066520337,-0.505617594717127,,,1,49,2228
11,17,4,7,Kento MOMOTA,網前球,1,-1.28807924385203,0.317034538872501,,,1,49,2228
11,18,4,7,Viktor AXELSEN,挑球,1,-1.24937515437236,-1.41639866408657,,,1,49,2228
11,19,4,7,Kento MOMOTA,切球,0,-1.06512958587404,0.849580814864399,,,1,49,2228
11,20,4,7,Viktor AXELSEN,網前球,1,1.08156763785378,-0.371564843050307,,,1,49,2228
11,21,4,7,Kento MOMOTA,網前球,0,1.23443200407007,0.333377931474912,,,1,49,2228
11,22,4,7,Viktor AXELSEN,推撲球,0,1.03664276275646,-1.49517769400149,,,1,49,2228
11,23,4,7,Kento MOMOTA,長球,0,1.15340904942207,1.59933268784487,,,1,49,2228
11,24,4,7,Viktor AXELSEN,長球,0,1.30929923602813,-1.48103203950712,,,1,49,2228
11,25,4,7,Kento MOMOTA,長球,0,1.40743959173051,1.62405085244921,,,1,49,2228
11,26,4,7,Viktor AXELSEN,長球,0,1.12612089973106,-1.54007381920651,,,1,49,2228
11,27,4,7,Kento MOMOTA,長球,0,1.35170670012432,1.63017611026625,,,1,49,2228
11,28,4,7,Viktor AXELSEN,殺球,0,1.46017754948894,-1.09992930777898,,,1,49,2228
11,29,4,7,Kento MOMOTA,接殺防守,0,1.17864141665613,0.220306844267392,,,1,49,2228
11,30,4,7,Viktor AXELSEN,挑球,0,1.17746330122741,-1.49551349169037,,,1,49,2228
11,31,4,7,Kento MOMOTA,切球,0,1.40685134767229,0.710419733778957,,,1,49,2228
11,32,4,7,Viktor AXELSEN,網前球,0,-1.58786603599236,-0.447125508594368,A,,1,49,2228
13,1,5,8,Kento MOMOTA,發短球,1,-0.517908729846668,0.50653696884892,,,1,49,2230
13,2,5,8,Viktor AXELSEN,推撲球,1,-1.21946484712844,-1.31585008719229,,,1,49,2230
13,3,5,8,Kento MOMOTA,殺球,0,-1.1976487892757,0.951116539380022,,,1,49,2230
13,4,5,8,Viktor AXELSEN,網前球,1,1.21379839087753,-0.439920323876688,,,1,49,2230
13,5,5,8,Kento MOMOTA,網前球,0,1.11278975657466,0.286798795080108,,,1,49,2230
13,6,5,8,Viktor AXELSEN,網前球,0,1.40341450090515,-0.10050822580996,,,1,49,2230
13,7,5,8,Kento MOMOTA,挑球,0,0.911317871627986,1.60548046588081,,,1,49,2230
13,8,5,8,Viktor AXELSEN,殺球,0,-1.0435480019715,-0.910175384182446,,,1,49,2230
13,9,5,8,Kento MOMOTA,接殺防守,1,-1.36742659637405,0.436002835880609,,,1,49,2230
13,10,5,8,Viktor AXELSEN,推撲球,1,-1.12630388817033,-1.43125313135117,,,1,49,2230
13,11,5,8,Kento MOMOTA,長球,0,0.509592277241026,1.89831379385941,B,,1,49,2230
15,1,7,8,Kento MOMOTA,發短球,1,0.457647018020983,0.514620702425548,,,1,49,2232
15,2,7,8,Viktor AXELSEN,網前球,1,-1.03559388679988,-0.312690364067295,,,1,49,2232
15,3,7,8,Kento MOMOTA,網前球,1,-0.720107306856116,0.134995746137429,,,1,49,2232
15,4,7,8,Viktor AXELSEN,網前球,1,-0.795682516552295,0.125257463542833,A,,1,49,2232
17,1,9,8,Kento MOMOTA,發短球,1,0.714208019662112,0.361539345983242,,,1,49,2234
17,2,9,8,Viktor AXELSEN,推撲球,1,-1.61962619283576,-1.563400265613,A,,1,49,2234
18,1,9,9,Kento MOMOTA,發短球,1,-0.645291642339091,0.24116170044198,,,1,49,2235
18,2,9,9,Viktor AXELSEN,推撲球,0,-1.32925351294958,-1.51921386613506,,,1,49,2235
18,3,9,9,Kento MOMOTA,切球,0,-1.28778508787926,0.841741510041808,,,1,49,2235
18,4,9,9,Viktor AXELSEN,網前球,1,1.25628583802365,-0.349365668583416,,,1,49,2235
18,5,9,9,Kento MOMOTA,推撲球,0,1.35908891441979,1.57447295663461,,,1,49,2235
18,6,9,9,Viktor AXELSEN,切球,0,1.25926530580883,-0.497730372254659,,,1,49,2235
18,7,9,9,Kento MOMOTA,網前球,0,0.418953867186413,0.398378827263511,,,1,49,2235
18,8,9,9,Viktor AXELSEN,挑球,0,-1.04467854482828,-1.44606229876106,,,1,49,2235
18,9,9,9,Kento MOMOTA,殺球,0,-1.1486700173469,0.943406591949707,,,1,49,2235
18,10,9,9,Viktor AXELSEN,接殺防守,1,-1.22954626064906,-0.552332602833581,,,1,49,2235
18,11,9,9,Kento MOMOTA,網前球,1,1.42598926736919,0.469626361318628,,,1,49,2235
18,12,9,9,Viktor AXELSEN,挑球,0,1.11947917563194,-1.48058170921436,,,1,49,2235
18,13,9,9,Kento MOMOTA,切球,0,1.85464825736363,0.751391108579361,B,,1,49,2235
20,1,11,9,Kento MOMOTA,發短球,1,0.534725495396391,0.398283107548624,,,1,49,2237
20,2,11,9,Viktor AXELSEN,挑球,1,1.34255449379811,-1.57064595435923,,,1,49,2237
20,3,11,9,Kento MOMOTA,平球,0,1.44743972965435,1.11507904076433,,,1,49,2237
20,4,11,9,Viktor AXELSEN,接殺防守,0,1.27969048984153,-0.509414783462142,,,1,49,2237
20,5,11,9,Kento MOMOTA,網前球,0,1.35357522998135,0.415768078149094,,,1,49,2237
20,6,11,9,Viktor AXELSEN,網前球,0,-0.912504610632559,-0.257886154146859,,,1,49,2237
20,7,11,9,Kento MOMOTA,推撲球,1,0.990878764577709,1.43354274334284,,,1,49,2237
20,8,11,9,Viktor AXELSEN,殺球,0,1.25841970389266,-1.09951396648731,,,1,49,2237
20,9,11,9,Kento MOMOTA,接殺防守,0,1.30713974564414,0.617957047718009,,,1,49,2237
20,10,11,9,Viktor AXELSEN,推撲球,0,1.2906557693051,-0.992880243805308,,,1,49,2237
20,11,11,9,Kento MOMOTA,接殺防守,0,1.39591177248581,0.513934764559069,,,1,49,2237
20,12,11,9,Viktor AXELSEN,推撲球,0,1.2880198966522,-1.3214697909349,,,1,49,2237
20,13,11,9,Kento MOMOTA,殺球,0,0.540201167025537,1.08596943222545,,,1,49,2237
20,14,11,9,Viktor AXELSEN,接殺防守,1,1.06218120858774,0.113442234525241,A,,1,49,2237
21,1,12,9,Kento MOMOTA,發短球,1,-0.567910390519767,0.390091994761725,,,1,49,2238
21,2,12,9,Viktor AXELSEN,網前球,0,1.6970655694551,-0.440652952122441,A,,1,49,2238
22,1,12,10,Kento MOMOTA,發短球,1,0.557877754202022,0.380017302332059,,,1,49,2239
22,2,12,10,Viktor AXELSEN,挑球,1,1.46689149434415,-1.40816094611034,,,1,49,2239
22,3,12,10,Kento MOMOTA,切球,0,1.39704629145117,1.07096832081637,,,1,49,2239
22,4,12,10,Viktor AXELSEN,網前球,0,1.21902539582505,-0.568107751583984,,,1,49,2239
22,5,12,10,Kento MOMOTA,網前球,0,0.369767131622833,0.549670023075221,,,1,49,2239
22,6,12,10,Viktor AXELSEN,推撲球,1,-1.10539952271884,-1.43130196674287,,,1,49,2239
22,7,12,10,Kento MOMOTA,長球,1,-0.875834578293296,1.53647373753615,,,1,49,2239
22,8,12,10,Viktor AXELSEN,切球,1,-0.619711922176479,-0.660915553852761,,,1,49,2239
22,9,12,10,Kento MOMOTA,網前球,1,0.11573402007064,0.371233059251625,,,1,49,2239
22,10,12,10,Viktor AXELSEN,網前球,0,-0.759993296297119,-0.448388374382153,,,1,49,2239
22,11,12,10,Kento MOMOTA,推撲球,1,-0.868227598369181,1.36722725028196,,,1,49,2239
22,12,12,10,Viktor AXELSEN,殺球,0,-1.33923774740451,-1.17584235926622,B,,1,49,2239
23,1,13,10,Viktor AXELSEN,發短球,1,-0.454419598092822,-0.577242590655189,,,1,49,2240
23,2,13,10,Kento MOMOTA,推撲球,1,1.09303793648035,1.52399790461751,,,1,49,2240
23,3,13,10,Viktor AXELSEN,切球,0,-1.100547292032,-0.413599643065484,,,1,49,2240
23,4,13,10,Kento MOMOTA,網前球,1,-1.16059703203787,0.193778354749428,,,1,49,2240
23,5,13,10,Viktor AXELSEN,推撲球,1,-1.20294706453296,-1.43107408264731,,,1,49,2240
23,6,13,10,Kento MOMOTA,長球,0,-1.22886083299893,1.45956965964836,,,1,49,2240
23,7,13,10,Viktor AXELSEN,殺球,0,-1.45724521347831,-1.12096961823286,,,1,49,2240
23,8,13,10,Kento MOMOTA,接殺防守,1,-1.11222132699417,0.335442337031293,,,1,49,2240
23,9,13,10,Viktor AXELSEN,網前球,1,1.22049318511877,-0.228143096620924,,,1,49,2240
23,10,13,10,Kento MOMOTA,網前球,0,1.50749914746183,0.333137707952919,,,1,49,2240
23,11,13,10,Viktor AXELSEN,挑球,0,-0.383817571104555,-1.49179049421911,,,1,49,2240
23,12,13,10,Kento MOMOTA,切球,0,0.918926534636237,0.694073316610992,,,1,49,2240
23,13,13,10,Viktor AXELSEN,網前球,0,1.18284410706308,-0.304748005313302,,,1,49,2240
23,14,13,10,Kento MOMOTA,挑球,0,1.05438534605755,1.64844233235656,,,1,49,2240
23,15,13,10,Viktor AXELSEN,長球,0,1.26197129105499,-1.49571500766229,,,1,49,2240
23,16,13,10,Kento MOMOTA,切球,0,1.15538027553294,0.73534688019772,,,1,49,2240
23,17,13,10,Viktor AXELSEN,網前球,0,0.105756331487544,-0.530955742115706,,,1,49,2240
23,18,13,10,Kento MOMOTA,挑球,1,-1.06600722792081,1.50467076211823,,,1,49,2240
23,19,13,10,Viktor AXELSEN,平球,1,-0.956251223255016,-0.846372486124597,,,1,49,2240
23,20,13,10,Kento MOMOTA,網前球,1,1.19524335483472,0.442956591903323,,,1,49,2240
23,21,13,10,Viktor AXELSEN,推撲球,0,1.19848757192651,-1.4366841549261,,,1,49,2240
23,22,13,10,Kento MOMOTA,切球,0,1.01444847094648,0.609607438681605,,,1,49,2240
23,23,13,10,Viktor AXELSEN,網前球,0,1.49971224863226,-0.206895033769626,,,1,49,2240
23,24,13,10,Kento MOMOTA,挑球,0,1.2384793329162,1.6301549122915,,,1,49,2240
23,25,13,10,Viktor AXELSEN,長球,0,-1.21654288185513,-1.56438623389756,,,1,49,2240
23,26,13,10,Kento MOMOTA,切球,1,-0.803740793222344,0.515542866089833,,,1,49,2240
23,27,13,10,Viktor AXELSEN,網前球,1,1.22457553752316,-0.428491738379062,,,1,49,2240
23,28,13,10,Kento MOMOTA,網前球,0,-0.551527209763172,0.105280525549047,A,,1,49,2240
26,1,14,12,Kento MOMOTA,發短球,1,0.277237366966053,0.315633537337764,,,1,49,2243
26,2,14,12,Viktor AXELSEN,挑球,1,0.953721139134045,-1.43611234782441,,,1,49,2243
26,3,14,12,Kento MOMOTA,長球,0,0.840953230687055,1.47264313643534,,,1,49,2243
26,4,14,12,Viktor AXELSEN,長球,0,0.522284430166251,-1.47916492068316,,,1,49,2243
26,5,14,12,Kento MOMOTA,殺球,0,-1.25264955232226,1.21604556856663,,,1,49,2243
26,6,14,12,Viktor AXELSEN,接殺防守,1,-1.36443967043446,-0.635497349217275,,,1,49,2243
26,7,14,12,Kento MOMOTA,網前球,1,1.15833300174265,0.469831788083111,,,1,49,2243
26,8,14,12,Viktor AXELSEN,挑球,0,1.18450518487147,-1.49553028361773,,,1,49,2243
26,9,14,12,Kento MOMOTA,切球,0,1.02945033963102,0.735416019998498,,,1,49,2243
26,10,14,12,Viktor AXELSEN,網前球,0,-0.182757366990748,-0.860527943877536,,,1,49,2243
26,11,14,12,Kento MOMOTA,網前球,1,-0.937019355468077,0.390399941719346,,,1,49,2243
26,12,14,12,Viktor AXELSEN,挑球,1,1.22310287018438,-1.46608267857735,,,1,49,2243
26,13,14,12,Kento MOMOTA,切球,0,1.3234796500519,0.848491911832865,,,1,49,2243
26,14,14,12,Viktor AXELSEN,網前球,0,1.23758738670238,-0.521035674695871,,,1,49,2243
26,15,14,12,Kento MOMOTA,挑球,0,-0.947540188238724,1.47254004687143,,,1,49,2243
26,16,14,12,Viktor AXELSEN,殺球,0,-1.24004250883917,-0.987892672682351,,,1,49,2243
26,17,14,12,Kento MOMOTA,接殺防守,1,-1.32274992542204,0.363284855762914,,,1,49,2243
26,18,14,12,Viktor AXELSEN,推撲球,1,1.01372597162942,-1.40711315740226,,,1,49,2243
26,19,14,12,Kento MOMOTA,切球,0,1.43958545374868,0.911405092359748,,,1,49,2243
26,20,14,12,Viktor AXELSEN,挑球,0,-1.14431154181017,-1.27360557490233,,,1,49,2243
26,21,14,12,Kento MOMOTA,長球,0,1.17269985506522,1.56819007094229,,,1,49,2243
26,22,14,12,Viktor AXELSEN,殺球,0,0.905173264396092,-1.05846532388765,,,1,49,2243
26,23,14,12,Kento MOMOTA,接殺防守,0,-1.05865127421946,0.801626507169681,,,1,49,2243
26,24,14,12,Viktor AXELSEN,推撲球,1,-1.01622638798182,-1.28798054795525,,,1,49,2243
26,25,14,12,Kento MOMOTA,殺球,0,-1.31349897550999,1.12300851766109,,,1,49,2243
26,26,14,12,Viktor AXELSEN,接殺防守,1,0.357019541165156,-1.05735507751415,,,1,49,2243
26,27,14,12,Kento MOMOTA,殺球,0,1.06175385169431,0.980911426323708,,,1,49,2243
26,28,14,12,Viktor AXELSEN,接殺防守,0,-0.844195319203964,-1.10869351227125,,,1,49,2243
26,29,14,12,Kento MOMOTA,接殺防守,1,-0.820578398703539,0.316616112723429,,,1,49,2243
26,30,14,12,Viktor AXELSEN,挑球,1,1.03762995201422,-1.43630837002628,,,1,49,2243
26,31,14,12,Kento MOMOTA,切球,0,1.33309722904232,0.592251865000013,,,1,49,2243
26,32,14,12,Viktor AXELSEN,網前球,0,1.26867921714812,-0.228207749617153,,,1,49,2243
26,33,14,12,Kento MOMOTA,挑球,0,1.13628460625882,1.59312824830356,,,1,49,2243
26,34,14,12,Viktor AXELSEN,切球,0,-1.3879869224309,-0.43597604316736,,,1,49,2243
26,35,14,12,Kento MOMOTA,網前球,1,-1.28498904251123,0.222703460572642,,,1,49,2243
26,36,14,12,Viktor AXELSEN,推撲球,1,-1.11993584946326,-1.38770867655412,,,1,49,2243
26,37,14,12,Kento MOMOTA,長球,0,-0.831851195589717,1.60518942673692,,,1,49,2243
26,38,14,12,Viktor AXELSEN,殺球,0,1.45168020611648,-0.604193792611053,,,1,49,2243
26,39,14,12,Kento MOMOTA,接殺防守,0,0.755303948610761,0.398100733792822,,,1,49,2243
26,40,14,12,Viktor AXELSEN,挑球,0,-0.852541894384279,-1.47590327415361,,,1,49,2243
26,41,14,12,Kento MOMOTA,長球,0,0.849138231236194,1.63008202140791,,,1,49,2243
26,42,14,12,Viktor AXELSEN,殺球,0,1.32677190010339,-0.876119503888037,,,1,49,2243
26,43,14,12,Kento MOMOTA,接殺防守,0,1.191348922313,0.248919757312858,,,1,49,2243
26,44,14,12,Viktor AXELSEN,網前球,0,1.27636984534522,-0.121358224773229,,,1,49,2243
26,45,14,12,Kento MOMOTA,網前球,0,-1.18931961250725,0.251179597326995,,,1,49,2243
26,46,14,12,Viktor AXELSEN,推撲球,1,-1.12742831115181,-1.34456733112492,,,1,49,2243
26,47,14,12,Kento MOMOTA,切球,0,0.684378920484839,0.592684350774487,,,1,49,2243
26,48,14,12,Viktor AXELSEN,網前球,0,1.22554198974337,-0.058632448829231,,,1,49,2243
26,49,14,12,Kento MOMOTA,挑球,0,1.37093708050875,1.56194574124582,,,1,49,2243
26,50,14,12,Viktor AXELSEN,切球,0,-1.0452206648233,-0.49412731684779,,,1,49,2243
26,51,14,12,Kento MOMOTA,挑球,1,-1.39114963929992,1.53009034030647,,,1,49,2243
26,52,14,12,Viktor AXELSEN,長球,1,-0.868433017428337,-1.43185555217141,,,1,49,2243
26,53,14,12,Kento MOMOTA,切球,0,1.25625986265015,0.505227066581886,,,1,49,2243
26,54,14,12,Viktor AXELSEN,挑球,0,1.15805552219373,-1.51031135577307,,,1,49,2243
26,55,14,12,Kento MOMOTA,切球,0,-1.00345859102678,0.453648945698288,,,1,49,2243
26,56,14,12,Viktor AXELSEN,網前球,1,-1.09932540685473,-0.368380940713251,,,1,49,2243
26,57,14,12,Kento MOMOTA,網前球,1,-1.11028238529806,0.125588647674188,,,1,49,2243
26,58,14,12,Viktor AXELSEN,挑球,1,-0.848888099605905,-1.50550112753647,,,1,49,2243
26,59,14,12,Kento MOMOTA,長球,0,0.942576307818276,1.34020232563017,,,1,49,2243
26,60,14,12,Viktor AXELSEN,殺球,0,1.21402328185715,-0.914479321596472,B,,1,49,2243
27,1,15,12,Viktor AXELSEN,發長球,1,-0.722025097040694,-1.43219758064185,,,1,49,2244
27,2,15,12,Kento MOMOTA,切球,0,-1.17742773167546,0.951109012784431,,,1,49,2244
27,3,15,12,Viktor AXELSEN,挑球,1,-1.02481779675644,-1.40239972923003,,,1,49,2244
27,4,15,12,Kento MOMOTA,長球,0,0.827940943186863,1.58063888223241,,,1,49,2244
27,5,15,12,Viktor AXELSEN,長球,0,1.42451493127832,-1.45186041886725,,,1,49,2244
27,6,15,12,Kento MOMOTA,切球,0,1.21517128505482,0.848541286718138,,,1,49,2244
27,7,15,12,Viktor AXELSEN,網前球,0,1.17510414279552,-0.428417206084788,,,1,49,2244
27,8,15,12,Kento MOMOTA,挑球,0,-1.12157929713776,1.44003241002204,,,1,49,2244
27,9,15,12,Viktor AXELSEN,殺球,0,-1.36084436291493,-0.961461002766351,,,1,49,2244
27,10,15,12,Kento MOMOTA,網前球,1,0.967222106791618,0.469978466109555,,,1,49,2244
27,11,15,12,Viktor AXELSEN,挑球,0,0.943772715338305,-1.48016486211433,,,1,49,2244
27,12,15,12,Kento MOMOTA,長球,0,1.22052620190861,1.60553209123915,,,1,49,2244
27,13,15,12,Viktor AXELSEN,長球,0,1.24931219666374,-1.45144901064507,,,1,49,2244
27,14,15,12,Kento MOMOTA,殺球,0,1.13858909639892,1.12971711379574,,,1,49,2244
27,15,15,12,Viktor AXELSEN,接殺防守,0,1.38088078641519,-0.556539881290995,,,1,49,2244
27,16,15,12,Kento MOMOTA,網前球,0,1.29345752628341,0.210600579960914,,,1,49,2244
27,17,15,12,Viktor AXELSEN,網前球,0,1.84829876647741,-0.207356545176178,A,,1,49,2244
28,1,15,13,Kento MOMOTA,發短球,1,-0.689135112125263,0.390193132332882,,,1,49,2245
28,2,15,13,Viktor AXELSEN,推撲球,1,1.1968061170831,-1.48076516013156,,,1,49,2245
28,3,15,13,Kento MOMOTA,平球,0,1.30349373432316,1.14417819911296,,,1,49,2245
28,4,15,13,Viktor AXELSEN,平球,0,-0.892860080770748,-1.01494834228275,,,1,49,2245
28,5,15,13,Kento MOMOTA,接殺防守,1,-1.15932244848802,0.40875797084248,,,1,49,2245
28,6,15,13,Viktor AXELSEN,挑球,1,-1.09771917535302,-1.47532161404621,,,1,49,2245
28,7,15,13,Kento MOMOTA,長球,0,-1.30785464951792,1.58654232255796,,,1,49,2245
28,8,15,13,Viktor AXELSEN,殺球,0,1.37452633072665,-0.889027282836534,,,1,49,2245
28,9,15,13,Kento MOMOTA,接殺防守,0,2.8400269617552,-0.307076031041449,B,,1,49,2245
30,1,17,13,Kento MOMOTA,發短球,1,0.577684176558712,0.416397990066608,,,1,49,2247
30,2,17,13,Viktor AXELSEN,推撲球,1,-1.04377240601717,-1.81229927307863,A,,1,49,2247
32,1,18,14,Kento MOMOTA,發短球,1,0.405845754968948,0.452546575153874,,,1,49,2249
32,2,18,14,Viktor AXELSEN,網前球,1,1.41744024034219,-0.217581103806478,,,1,49,2249
32,3,18,14,Kento MOMOTA,挑球,0,1.23298014894455,1.61170925925867,,,1,49,2249
32,4,18,14,Viktor AXELSEN,長球,0,1.30110623841563,-1.52555052999475,,,1,49,2249
32,5,18,14,Kento MOMOTA,切球,0,1.24505418941047,0.824596101751681,,,1,49,2249
32,6,18,14,Viktor AXELSEN,網前球,0,-1.17908137921977,-0.33469998931492,,,1,49,2249
32,7,18,14,Kento MOMOTA,網前球,1,-1.29237436166545,-0.014503523316586,B,,1,49,2249
35,1,18,17,Viktor AXELSEN,發長球,1,-1.10683414816842,-1.49006640412373,,,1,49,2252
35,2,18,17,Kento MOMOTA,切球,0,-1.35169160879643,1.00448605358209,,,1,49,2252
35,3,18,17,Viktor AXELSEN,網前球,1,-1.26724309060439,-0.587792958102473,,,1,49,2252
35,4,18,17,Kento MOMOTA,網前球,1,-1.33977214673774,0.203583056098393,,,1,49,2252
35,5,18,17,Viktor AXELSEN,推撲球,1,-1.24948169031738,-1.50454098765984,,,1,49,2252
35,6,18,17,Kento MOMOTA,切球,0,-1.41434073606093,0.974155149128,,,1,49,2252
35,7,18,17,Viktor AXELSEN,網前球,1,-1.07666355940968,-0.379669262773157,,,1,49,2252
35,8,18,17,Kento MOMOTA,網前球,1,-1.27519542069132,0.298360356188438,,,1,49,2252
35,9,18,17,Viktor AXELSEN,挑球,1,-0.66040385872967,-1.52082515730132,,,1,49,2252
35,10,18,17,Kento MOMOTA,切球,0,-0.76870949860869,0.801482869896162,,,1,49,2252
35,11,18,17,Viktor AXELSEN,網前球,1,-0.470721829634403,-0.624969653151455,,,1,49,2252
35,12,18,17,Kento MOMOTA,網前球,1,-1.26726118488828,0.417895820290595,,,1,49,2252
35,13,18,17,Viktor AXELSEN,挑球,1,-0.277738276176805,-1.47726694183514,,,1,49,2252
35,14,18,17,Kento MOMOTA,切球,0,1.09466738508691,0.609555090223492,,,1,49,2252
35,15,18,17,Viktor AXELSEN,網前球,0,1.0514432737229,-0.428230901891532,,,1,49,2252
35,16,18,17,Kento MOMOTA,挑球,0,1.20657830918745,1.6787498238567,,,1,49,2252
35,17,18,17,Viktor AXELSEN,長球,0,1.16150782929747,-1.54015950318981,,,1,49,2252
35,18,18,17,Kento MOMOTA,切球,0,1.21470680137964,0.942511920020734,,,1,49,2252
35,19,18,17,Viktor AXELSEN,網前球,0,1.17052414884672,-0.394280253045984,,,1,49,2252
35,20,18,17,Kento MOMOTA,網前球,0,-0.75910009163663,0.231744213311054,,,1,49,2252
35,21,18,17,Viktor AXELSEN,網前球,1,-1.05592313017792,-0.066239759543851,,,1,49,2252
35,22,18,17,Kento MOMOTA,挑球,1,0.353072746430697,1.70848667590927,,,1,49,2252
35,23,18,17,Viktor AXELSEN,長球,0,-0.828675267402277,-1.38837864145563,,,1,49,2252
35,24,18,17,Kento MOMOTA,殺球,0,-0.911565877073245,1.08634786122378,,,1,49,2252
35,25,18,17,Viktor AXELSEN,網前球,1,0.995804092222949,-0.428147077372907,,,1,49,2252
35,26,18,17,Kento MOMOTA,網前球,0,-0.885882961933658,0.212737842377295,,,1,49,2252
35,27,18,17,Viktor AXELSEN,推撲球,1,1.21427770994466,-1.45136674323111,,,1,49,2252
35,28,18,17,Kento MOMOTA,切球,0,1.29555265803082,-0.017527195697092,B,,1,49,2252
37,1,19,18,Viktor AXELSEN,發長球,1,-1.19619527718948,-1.38753326270436,,,1,49,2254
37,2,19,18,Kento MOMOTA,切球,0,0.331824610525664,0.74401316266392,,,1,49,2254
37,3,19,18,Viktor AXELSEN,網前球,0,0.910884454722602,-0.382589339766923,,,1,49,2254
37,4,19,18,Kento MOMOTA,網前球,0,1.33393945462244,0.305348932256085,,,1,49,2254
37,5,19,18,Viktor AXELSEN,挑球,0,1.39511325843449,-1.54072514264864,,,1,49,2254
37,6,19,18,Kento MOMOTA,切球,0,1.0419147769087,0.643613453806772,,,1,49,2254
37,7,19,18,Viktor AXELSEN,網前球,0,1.20718174616463,-0.304782195052733,,,1,49,2254
37,8,19,18,Kento MOMOTA,挑球,0,1.34836512449638,1.66670923144666,,,1,49,2254
37,9,19,18,Viktor AXELSEN,切球,0,0.73166169214913,-0.614973488821054,,,1,49,2254
37,10,19,18,Kento MOMOTA,網前球,0,-1.14036677453144,0.363128568013187,,,1,49,2254
37,11,19,18,Viktor AXELSEN,挑球,1,1.07027624489874,-1.48046497987524,,,1,49,2254
37,12,19,18,Kento MOMOTA,殺球,0,1.39745258496185,1.16577897041165,,,1,49,2254
37,13,19,18,Viktor AXELSEN,接殺防守,0,1.27485532435056,0.11321662375459,A,,1,49,2254
38,1,19,19,Kento MOMOTA,發短球,1,-0.572274931836659,0.453311669959039,,,1,49,2255
38,2,19,19,Viktor AXELSEN,挑球,1,-1.36695226247311,-1.37272062221431,,,1,49,2255
38,3,19,19,Kento MOMOTA,殺球,0,-1.10616297026203,0.927950030381084,,,1,49,2255
38,4,19,19,Viktor AXELSEN,網前球,1,1.01663915813592,-0.394052735453062,,,1,49,2255
38,5,19,19,Kento MOMOTA,網前球,0,1.01068571486512,0.296279257349816,,,1,49,2255
38,6,19,19,Viktor AXELSEN,網前球,0,1.26130386007598,-0.100332500778555,,,1,49,2255
38,7,19,19,Kento MOMOTA,網前球,0,1.1543004711038,0.152622653518357,,,1,49,2255
38,8,19,19,Viktor AXELSEN,挑球,0,-0.116855904298283,-1.49242708538477,,,1,49,2255
38,9,19,19,Kento MOMOTA,殺球,0,0.554405874442932,0.864689257044233,,,1,49,2255
38,10,19,19,Viktor AXELSEN,接殺防守,0,-0.683251496874468,-0.660807512114881,,,1,49,2255
38,11,19,19,Kento MOMOTA,推撲球,1,-0.620685584135259,0.912237598044312,,,1,49,2255
38,12,19,19,Viktor AXELSEN,平球,1,-1.16558027998481,-0.935809912882235,,,1,49,2255
38,13,19,19,Kento MOMOTA,接殺防守,1,0.266260653385215,1.80211464894536,B,,1,49,2255
40,1,20,20,Viktor AXELSEN,發長球,1,-0.768458296188497,-1.47610275460533,,,1,49,2257
40,2,20,20,Kento MOMOTA,長球,0,0.992043159603032,1.67267296439677,,,1,49,2257
40,3,20,20,Viktor AXELSEN,切球,0,-1.27963690633701,-0.552251870719363,,,1,49,2257
40,4,20,20,Kento MOMOTA,挑球,1,1.17279387551762,1.61786021862263,,,1,49,2257
40,5,20,20,Viktor AXELSEN,切球,0,0.984829974599245,-0.555901558128328,,,1,49,2257
40,6,20,20,Kento MOMOTA,挑球,0,0.860685005874862,1.38724381894563,,,1,49,2257
40,7,20,20,Viktor AXELSEN,平球,0,0.824313407525492,-0.736855031842126,,,1,49,2257
40,8,20,20,Kento MOMOTA,網前球,0,-1.12302298768427,0.426805293978306,,,1,49,2257
40,9,20,20,Viktor AXELSEN,推撲球,1,-1.03971058987108,-1.35909379784114,,,1,49,2257
40,10,20,20,Kento MOMOTA,切球,0,-0.884008594131777,0.857422032798483,,,1,49,2257
40,11,20,20,Viktor AXELSEN,網前球,1,0.888971478443264,-0.473958449091508,,,1,49,2257
40,12,20,20,Kento MOMOTA,網前球,0,0.070402260548793,0.268920882862382,,,1,49,2257
40,13,20,20,Viktor AXELSEN,挑球,0,-1.29163404968143,-1.50443995718392,,,1,49,2257
40,14,20,20,Kento MOMOTA,切球,0,-1.16917219686591,0.966432962431635,,,1,49,2257
40,15,20,20,Viktor AXELSEN,網前球,1,-1.30874901601221,-0.540436430034573,,,1,49,2257
40,16,20,20,Kento MOMOTA,網前球,1,1.10671102489145,0.370391363762118,,,1,49,2257
40,17,20,20,Viktor AXELSEN,挑球,0,1.18450518487147,-1.49553028361773,,,1,49,2257
40,18,20,20,Kento MOMOTA,切球,0,-1.28939144725952,0.39069392513325,,,1,49,2257
40,19,20,20,Viktor AXELSEN,網前球,1,1.12984417547028,-0.271631354205966,,,1,49,2257
40,20,20,20,Kento MOMOTA,網前球,0,1.35725417121818,0.267719413169508,,,1,49,2257
40,21,20,20,Viktor AXELSEN,挑球,0,1.01630835536631,-1.36377429534975,,,1,49,2257
40,22,20,20,Kento MOMOTA,殺球,0,1.1841905967158,1.18014713888565,,,1,49,2257
40,23,20,20,Viktor AXELSEN,接殺防守,0,1.28311466822198,-0.532830501125514,,,1,49,2257
40,24,20,20,Kento MOMOTA,挑球,0,1.08967301668382,1.59932237101862,,,1,49,2257
40,25,20,20,Viktor AXELSEN,平球,0,0.919449733241712,-0.926853049125719,,,1,49,2257
40,26,20,20,Kento MOMOTA,接殺防守,0,1.3713559653334,0.469668292496454,,,1,49,2257
40,27,20,20,Viktor AXELSEN,推撲球,0,0.867407920972937,-1.75409815232507,A,,1,49,2257
41,1,20,21,Kento MOMOTA,發短球,1,0.329776557615339,0.434650176078132,,,1,49,2258
41,2,20,21,Viktor AXELSEN,推撲球,1,0.792287399343211,-1.33461309406723,,,1,49,2258
41,3,20,21,Kento MOMOTA,殺球,0,0.409122264844064,1.0189965858156,,,1,49,2258
41,4,20,21,Viktor AXELSEN,接殺防守,1,1.06793038832299,-0.567862758169778,,,1,49,2258
41,5,20,21,Kento MOMOTA,平球,0,-0.210472415200465,0.776943247303942,,,1,49,2258
41,6,20,21,Viktor AXELSEN,平球,1,-0.450874831340756,-0.784308795071135,,,1,49,2258
41,7,20,21,Kento MOMOTA,接殺防守,1,-0.271356168776809,0.462014414749872,,,1,49,2258
41,8,20,21,Viktor AXELSEN,推撲球,1,0.917461749975814,-1.42143466166147,,,1,49,2258
41,9,20,21,Kento MOMOTA,切球,0,-0.813723990543245,0.670024186779994,,,1,49,2258
41,10,20,21,Viktor AXELSEN,網前球,1,-1.11211665387016,-0.334795898673643,,,1,49,2258
41,11,20,21,Kento MOMOTA,網前球,1,-1.23425421819005,0.251222251320384,,,1,49,2258
41,12,20,21,Viktor AXELSEN,挑球,1,0.852585151591548,-1.56944745712885,,,1,49,2258
41,13,20,21,Kento MOMOTA,切球,0,1.17519495419046,0.84060257825041,,,1,49,2258
41,14,20,21,Viktor AXELSEN,網前球,0,1.45668205223732,-0.521382435587335,,,1,49,2258
41,15,20,21,Kento MOMOTA,網前球,0,-0.596838119519403,0.325714851132515,,,1,49,2258
41,16,20,21,Viktor AXELSEN,推撲球,1,-1.18127293110164,-1.20376363691617,,,1,49,2258
41,17,20,21,Kento MOMOTA,平球,0,-1.00971535075579,1.06422419680771,,,1,49,2258
41,18,20,21,Viktor AXELSEN,接殺防守,1,-1.03527384641192,-0.72125757365456,,,1,49,2258
41,19,20,21,Kento MOMOTA,網前球,1,-0.084856296825246,0.153897138409244,,,1,49,2258
41,20,20,21,Viktor AXELSEN,網前球,1,-0.243583201834859,-0.269739291844503,,,1,49,2258
41,21,20,21,Kento MOMOTA,挑球,1,1.63677260012434,1.40054472856521,B,,1,49,2258
43,1,21,22,Kento MOMOTA,發短球,1,-0.197290531761212,0.523875847533205,,,1,49,2260
43,2,21,22,Viktor AXELSEN,推撲球,0,-1.15718468645593,-1.35882636975266,,,1,49,2260
43,3,21,22,Kento MOMOTA,切球,0,-1.16942580740588,0.989284226073678,,,1,49,2260
43,4,21,22,Viktor AXELSEN,網前球,1,-0.949700387737713,-0.612181286909573,,,1,49,2260
43,5,21,22,Kento MOMOTA,推撲球,1,-0.216267580662526,1.8588757156175,B,,1,49,2260
45,1,23,22,Kento MOMOTA,發短球,1,0.369344210269395,0.398419844413301,,,1,49,2262
45,2,23,22,Viktor AXELSEN,推撲球,1,1.03860395574797,-1.37822534197033,,,1,49,2262
45,3,23,22,Kento MOMOTA,殺球,0,1.48377664947145,1.53039253612432,A,,1,49,2262
1,1,1,0,Kento MOMOTA,發短球,1,-0.463916883637863,-0.380569501387875,,,2,49,2264
1,2,1,0,Viktor AXELSEN,網前球,1,1.03468616240829,0.370452538745583,,,2,49,2264
1,3,1,0,Kento MOMOTA,挑球,1,-0.694202246901235,-1.50587187749098,,,2,49,2264
1,4,1,0,Viktor AXELSEN,殺球,0,-0.966700953147479,1.02693960097295,,,2,49,2264
1,5,1,0,Kento MOMOTA,接殺防守,0,-0.239879416071697,-0.437716562750741,,,2,49,2264
1,6,1,0,Viktor AXELSEN,挑球,0,-1.17375356403237,1.51741569621479,,,2,49,2264
1,7,1,0,Kento MOMOTA,切球,0,1.18122082693414,-0.663977832833114,,,2,49,2264
1,8,1,0,Viktor AXELSEN,網前球,1,0.537802291883539,0.143482680418254,,,2,49,2264
1,9,1,0,Kento MOMOTA,推撲球,1,0.628916980877293,-1.37728784071084,A,,2,49,2264
2,1,2,0,Kento MOMOTA,發短球,1,0.651372625938097,-0.359698732838457,,,2,49,2265
2,2,2,0,Viktor AXELSEN,挑球,0,1.18068996027671,1.52400665984537,,,2,49,2265
2,3,2,0,Kento MOMOTA,殺球,0,1.1332477677136,-0.953261341783786,,,2,49,2265
2,4,2,0,Viktor AXELSEN,接殺防守,1,1.33073317969574,0.258278638915373,,,2,49,2265
2,5,2,0,Kento MOMOTA,網前球,1,1.21935093123916,-0.30479929043594,,,2,49,2265
2,6,2,0,Viktor AXELSEN,挑球,1,-0.737614008148271,1.59902659166203,,,2,49,2265
2,7,2,0,Kento MOMOTA,切球,0,0.81191864715075,-0.591204875204016,,,2,49,2265
2,8,2,0,Viktor AXELSEN,推撲球,1,0.848603455442181,1.12251009284616,,,2,49,2265
2,9,2,0,Kento MOMOTA,接殺防守,1,0.838169487814004,-0.326448133114382,,,2,49,2265
2,10,2,0,Viktor AXELSEN,推撲球,1,-0.582006130611923,1.15179125691878,,,2,49,2265
2,11,2,0,Kento MOMOTA,殺球,0,0.038584656926291,-0.886508691384907,A,,2,49,2265
3,1,3,0,Kento MOMOTA,發短球,1,-0.37043174564449,-0.358216445273533,,,2,49,2266
3,2,3,0,Viktor AXELSEN,推撲球,1,0.891397936454911,1.54930363384763,,,2,49,2266
3,3,3,0,Kento MOMOTA,切球,0,-1.15994911613352,-0.62381825779637,,,2,49,2266
3,4,3,0,Viktor AXELSEN,網前球,0,1.16088569490939,0.415924514331708,,,2,49,2266
3,5,3,0,Kento MOMOTA,網前球,1,1.21447019975167,-0.228135015356834,,,2,49,2266
3,6,3,0,Viktor AXELSEN,推撲球,1,1.3924940862051,1.50487760116102,,,2,49,2266
3,7,3,0,Kento MOMOTA,長球,1,1.27283810969578,-1.52548243070546,,,2,49,2266
3,8,3,0,Viktor AXELSEN,長球,1,0.634354139195621,1.54927260113749,,,2,49,2266
3,9,3,0,Kento MOMOTA,殺球,0,-1.28361543707433,-0.896846584214157,,,2,49,2266
3,10,3,0,Viktor AXELSEN,接殺防守,0,-1.25629594702097,0.417886918094879,,,2,49,2266
3,11,3,0,Kento MOMOTA,挑球,0,-1.44511904160565,-1.4597849422207,,,2,49,2266
3,12,3,0,Viktor AXELSEN,平球,0,-1.34908852565439,1.05690243334604,,,2,49,2266
3,13,3,0,Kento MOMOTA,接殺防守,0,-1.12448594093147,-0.599940987034564,,,2,49,2266
3,14,3,0,Viktor AXELSEN,網前球,0,0.896200803817908,0.37057016256644,,,2,49,2266
3,15,3,0,Kento MOMOTA,推撲球,1,-1.14720753316488,-1.43120429764255,,,2,49,2266
3,16,3,0,Viktor AXELSEN,殺球,0,-1.33667324411529,1.10844395212637,,,2,49,2266
3,17,3,0,Kento MOMOTA,接殺防守,0,-1.18051016450899,-0.41347992385602,,,2,49,2266
3,18,3,0,Viktor AXELSEN,推撲球,0,-1.10321641117708,1.82455883807827,A,,2,49,2266
6,1,5,1,Kento MOMOTA,發短球,1,-0.359865788091393,-0.291548103701575,,,2,49,2269
6,2,5,1,Viktor AXELSEN,推撲球,1,0.64188332113109,1.56811775187415,,,2,49,2269
6,3,5,1,Kento MOMOTA,切球,0,1.10426239105953,-0.712696616410238,,,2,49,2269
6,4,5,1,Viktor AXELSEN,網前球,1,1.13388686397645,0.296167093263791,,,2,49,2269
6,5,5,1,Kento MOMOTA,網前球,1,1.11645753455341,-0.079268255889227,,,2,49,2269
6,6,5,1,Viktor AXELSEN,網前球,1,1.31686825033527,0.171935684104628,,,2,49,2269
6,7,5,1,Kento MOMOTA,推撲球,1,0.757515539500968,-1.2357405580652,A,,2,49,2269
7,1,5,2,Kento MOMOTA,發短球,1,0.607143392942631,-0.337258286560809,,,2,49,2270
7,2,5,2,Viktor AXELSEN,推撲球,0,1.10046638380898,1.47912586375259,,,2,49,2270
7,3,5,2,Kento MOMOTA,殺球,0,1.70931786482585,-1.43787752276625,B,,2,49,2270
9,1,7,2,Kento MOMOTA,發短球,1,-0.166368350679902,-0.302852619233565,,,2,49,2272
9,2,7,2,Viktor AXELSEN,網前球,0,0.340174668940385,0.259211187932207,,,2,49,2272
9,3,7,2,Kento MOMOTA,網前球,1,0.065627991423612,-0.183523504068715,,,2,49,2272
9,4,7,2,Viktor AXELSEN,挑球,1,-1.2917716261679,1.52375969504498,,,2,49,2272
9,5,7,2,Kento MOMOTA,平球,0,-1.34196321294128,-0.858366954276771,,,2,49,2272
9,6,7,2,Viktor AXELSEN,接殺防守,0,-1.12435716414817,0.8097003468339,,,2,49,2272
9,7,7,2,Kento MOMOTA,網前球,0,-1.21126230853303,-0.413433882208719,,,2,49,2272
9,8,7,2,Viktor AXELSEN,推撲球,0,-1.2287928304321,1.42035619549624,,,2,49,2272
9,9,7,2,Kento MOMOTA,切球,0,-1.30027567472954,-0.268283570130604,,,2,49,2272
9,10,7,2,Viktor AXELSEN,網前球,0,-1.32114978301132,0.184285717902372,,,2,49,2272
9,11,7,2,Kento MOMOTA,挑球,0,-0.485967423625046,-1.44737425516171,,,2,49,2272
9,12,7,2,Viktor AXELSEN,殺球,0,1.07781976022043,1.10785833897358,,,2,49,2272
9,13,7,2,Kento MOMOTA,接殺防守,1,1.41142401086082,-0.217573085188095,,,2,49,2272
9,14,7,2,Viktor AXELSEN,推撲球,1,1.03803216900683,1.49201353977372,,,2,49,2272
9,15,7,2,Kento MOMOTA,殺球,0,1.2368252452553,-1.14019488615877,,,2,49,2272
9,16,7,2,Viktor AXELSEN,接殺防守,1,1.41792752683843,-0.185289967965963,A,,2,49,2272
10,1,8,2,Kento MOMOTA,發短球,1,0.762916362920528,-0.227529148733652,,,2,49,2273
10,2,8,2,Viktor AXELSEN,網前球,0,1.28412842163563,0.267787687048704,,,2,49,2273
10,3,8,2,Kento MOMOTA,網前球,1,1.26882607346038,-0.110830319515469,,,2,49,2273
10,4,8,2,Viktor AXELSEN,網前球,1,1.43308821310821,0.191193632371653,,,2,49,2273
10,5,8,2,Kento MOMOTA,網前球,1,1.19927577872607,-0.163634796462989,,,2,49,2273
10,6,8,2,Viktor AXELSEN,挑球,1,0.192831528626969,1.67851949661734,,,2,49,2273
10,7,8,2,Kento MOMOTA,殺球,0,-1.10635868071619,-0.808196433455855,,,2,49,2273
10,8,8,2,Viktor AXELSEN,接殺防守,0,-1.25457204662152,0.372396941390127,,,2,49,2273
10,9,8,2,Kento MOMOTA,網前球,0,1.20953803409888,-0.110756496060016,,,2,49,2273
10,10,8,2,Viktor AXELSEN,推撲球,1,-1.10918769471851,1.29945245024147,,,2,49,2273
10,11,8,2,Kento MOMOTA,切球,0,1.40985718994029,-0.316148048562865,,,2,49,2273
10,12,8,2,Viktor AXELSEN,網前球,1,1.13094514295156,0.277369138573076,,,2,49,2273
10,13,8,2,Kento MOMOTA,挑球,1,-0.856171057810303,-1.44650494898723,,,2,49,2273
10,14,8,2,Viktor AXELSEN,切球,0,-1.33546466277925,0.628163151612611,,,2,49,2273
10,15,8,2,Kento MOMOTA,網前球,0,-1.18540443444653,-0.301421067963166,,,2,49,2273
10,16,8,2,Viktor AXELSEN,推撲球,0,0.894331678184299,1.56188326688958,,,2,49,2273
10,17,8,2,Kento MOMOTA,切球,1,1.37862290019989,-0.787605207462277,,,2,49,2273
10,18,8,2,Viktor AXELSEN,挑球,1,1.16594859128527,1.60552297897266,,,2,49,2273
10,19,8,2,Kento MOMOTA,切球,0,1.21197427525946,-0.799843676433737,,,2,49,2273
10,20,8,2,Viktor AXELSEN,網前球,1,-0.979931796084852,0.260453985780803,,,2,49,2273
10,21,8,2,Kento MOMOTA,網前球,0,-1.17337104470238,-0.066097554136886,,,2,49,2273
10,22,8,2,Viktor AXELSEN,網前球,0,0.966825240574932,0.143037974044871,,,2,49,2273
10,23,8,2,Kento MOMOTA,推撲球,1,-0.54768387743246,-1.43260486503274,,,2,49,2273
10,24,8,2,Viktor AXELSEN,切球,0,1.42965998083708,0.592187488804761,,,2,49,2273
10,25,8,2,Kento MOMOTA,網前球,1,1.41295059668509,-0.121529472453643,,,2,49,2273
10,26,8,2,Viktor AXELSEN,挑球,1,0.739865222656203,1.67864378481534,,,2,49,2273
10,27,8,2,Kento MOMOTA,長球,0,-0.810570047723145,-1.28843665744856,,,2,49,2273
10,28,8,2,Viktor AXELSEN,殺球,0,1.06737271575441,1.07845396641337,,,2,49,2273
10,29,8,2,Kento MOMOTA,接殺防守,1,1.36245506265833,-0.440145685915523,,,2,49,2273
10,30,8,2,Viktor AXELSEN,推撲球,1,1.21403779636251,1.54303043375202,,,2,49,2273
10,31,8,2,Kento MOMOTA,切球,0,1.268881789316,-0.521085204313225,,,2,49,2273
10,32,8,2,Viktor AXELSEN,挑球,1,0.919801602169721,1.54299643894404,,,2,49,2273
10,33,8,2,Kento MOMOTA,切球,0,-1.0471837183982,-0.758319938492658,,,2,49,2273
10,34,8,2,Viktor AXELSEN,推撲球,0,-1.59052712430928,1.71393532013327,A,,2,49,2273
11,1,9,2,Kento MOMOTA,發短球,1,-0.270780754976515,-0.215330990184736,,,2,49,2274
11,2,9,2,Viktor AXELSEN,網前球,1,-0.228550560234733,0.240762847743857,,,2,49,2274
11,3,9,2,Kento MOMOTA,挑球,1,-1.08117463376291,-1.35899940554258,,,2,49,2274
11,4,9,2,Viktor AXELSEN,切球,0,0.883992709194923,0.531854477308426,,,2,49,2274
11,5,9,2,Kento MOMOTA,網前球,1,1.16677200464519,-0.017376731444498,A,,2,49,2274
12,1,10,2,Kento MOMOTA,發短球,1,0.561342918409649,-0.281824986727889,,,2,49,2275
12,2,10,2,Viktor AXELSEN,推撲球,1,-1.32808121951088,1.83017320689883,A,,2,49,2275
13,1,11,2,Kento MOMOTA,發短球,1,-0.307962861061823,-0.335947637505998,,,2,49,2276
13,2,11,2,Viktor AXELSEN,網前球,1,1.02339181473278,0.239564644313498,,,2,49,2276
13,3,11,2,Kento MOMOTA,挑球,1,-0.416092346525236,-1.44753833468539,,,2,49,2276
13,4,11,2,Viktor AXELSEN,殺球,0,1.65205241512138,1.18720233207835,A,,2,49,2276
14,1,12,2,Kento MOMOTA,發短球,1,0.750879520253887,-0.227512998452943,,,2,49,2277
14,2,12,2,Viktor AXELSEN,網前球,0,-0.955998347518721,0.269879182114313,,,2,49,2277
14,3,12,2,Kento MOMOTA,網前球,0,-1.07665600130156,-0.192742254254194,,,2,49,2277
14,4,12,2,Viktor AXELSEN,網前球,0,-1.17987782321898,0.241673339802193,,,2,49,2277
14,5,12,2,Kento MOMOTA,挑球,0,-0.180643775969925,-1.50710277079121,,,2,49,2277
14,6,12,2,Viktor AXELSEN,殺球,0,1.60630020742777,1.44665998478375,A,,2,49,2277
15,1,13,2,Kento MOMOTA,發短球,1,-0.300989084119663,-0.119380500568308,,,2,49,2278
15,2,13,2,Viktor AXELSEN,網前球,1,-1.07630738725573,0.222500455346866,,,2,49,2278
15,3,13,2,Kento MOMOTA,挑球,0,-1.09354129509797,-1.44594756004272,,,2,49,2278
15,4,13,2,Viktor AXELSEN,殺球,0,1.33231070853312,1.17296427401845,,,2,49,2278
15,5,13,2,Kento MOMOTA,接殺防守,1,1.23540058835246,-0.206545098129952,,,2,49,2278
15,6,13,2,Viktor AXELSEN,網前球,1,1.46798128097368,0.277057082184003,,,2,49,2278
15,7,13,2,Kento MOMOTA,網前球,1,1.41841062430279,-0.153276427745988,,,2,49,2278
15,8,13,2,Viktor AXELSEN,網前球,1,1.16091898696944,-0.017369892917849,A,,2,49,2278
16,1,14,2,Kento MOMOTA,發短球,1,0.599207658180021,-0.109996533379448,,,2,49,2279
16,2,14,2,Viktor AXELSEN,推撲球,0,1.82662617027024,1.61797601885255,A,,2,49,2279
17,1,14,3,Kento MOMOTA,發短球,1,-0.142084717961734,-0.302886733104331,,,2,49,2280
17,2,14,3,Viktor AXELSEN,挑球,0,1.31559735294602,1.6727448721218,,,2,49,2280
17,3,14,3,Kento MOMOTA,切球,0,1.11600274998432,-0.65174779318864,,,2,49,2280
17,4,14,3,Viktor AXELSEN,網前球,1,1.12333335947404,0.370377245428417,,,2,49,2280
17,5,14,3,Kento MOMOTA,網前球,1,1.38212263443284,-0.079592195047889,,,2,49,2280
17,6,14,3,Viktor AXELSEN,挑球,1,-1.06257247247972,1.5427674038106,,,2,49,2280
17,7,14,3,Kento MOMOTA,殺球,0,0.751074607786018,-0.875040238198019,,,2,49,2280
17,8,14,3,Viktor AXELSEN,接殺防守,1,0.796605684732705,0.540655020214756,,,2,49,2280
17,9,14,3,Kento MOMOTA,網前球,1,-0.777861143596853,-0.290964699225634,,,2,49,2280
17,10,14,3,Viktor AXELSEN,網前球,0,-1.1228551662379,0.307566706775415,,,2,49,2280
17,11,14,3,Kento MOMOTA,挑球,0,0.791838915482771,-1.42114269862143,,,2,49,2280
17,12,14,3,Viktor AXELSEN,殺球,0,1.39351604280902,1.20856585900829,,,2,49,2280
17,13,14,3,Kento MOMOTA,接殺防守,1,1.08991296598893,-0.195591500511817,,,2,49,2280
17,14,14,3,Viktor AXELSEN,網前球,1,-1.16714282555272,0.279496901599999,,,2,49,2280
17,15,14,3,Kento MOMOTA,網前球,0,-1.32639114576953,-0.097132720779583,,,2,49,2280
17,16,14,3,Viktor AXELSEN,挑球,0,-0.993701918744954,1.67824991157047,,,2,49,2280
17,17,14,3,Kento MOMOTA,平球,0,0.76512967474991,-0.887878414410245,,,2,49,2280
17,18,14,3,Viktor AXELSEN,接殺防守,1,-0.932525380198952,0.453593461102319,,,2,49,2280
17,19,14,3,Kento MOMOTA,網前球,0,-1.06866173375674,-0.107919758989801,,,2,49,2280
17,20,14,3,Viktor AXELSEN,網前球,0,-1.10451180708716,0.222527892567492,,,2,49,2280
17,21,14,3,Kento MOMOTA,網前球,0,0.56010340143742,0.153233791033076,B,,2,49,2280
18,1,15,3,Viktor AXELSEN,發短球,1,-0.200453833486906,0.567419060823394,,,2,49,2281
18,2,15,3,Kento MOMOTA,挑球,1,-1.20521280200921,-1.44568533481988,,,2,49,2281
18,3,15,3,Viktor AXELSEN,切球,0,-1.01126966808393,0.627956141734935,,,2,49,2281
18,4,15,3,Kento MOMOTA,網前球,0,-1.27974911899135,-0.19247516730046,,,2,49,2281
18,5,15,3,Viktor AXELSEN,推撲球,0,-0.894209470695178,1.35379308122415,,,2,49,2281
18,6,15,3,Kento MOMOTA,殺球,0,-1.14812319171634,-1.34452046394417,A,,2,49,2281
19,1,16,3,Kento MOMOTA,發短球,1,0.665927050401421,-0.393534210714608,,,2,49,2282
19,2,16,3,Viktor AXELSEN,推撲球,1,-1.0098975051299,1.48543511365547,,,2,49,2282
19,3,16,3,Kento MOMOTA,切球,0,-1.18701697409395,-0.672084206168216,,,2,49,2282
19,4,16,3,Viktor AXELSEN,網前球,0,-1.10541111900935,0.550705990286579,,,2,49,2282
19,5,16,3,Kento MOMOTA,挑球,0,-1.38997816214958,-1.50420424671275,,,2,49,2282
19,6,16,3,Viktor AXELSEN,切球,0,-1.01231805930995,0.857479687689249,,,2,49,2282
19,7,16,3,Kento MOMOTA,推撲球,0,-1.34175483570464,-1.38719844295431,,,2,49,2282
19,8,16,3,Viktor AXELSEN,平球,0,-0.912734019375447,1.10834112955221,,,2,49,2282
19,9,16,3,Kento MOMOTA,平球,0,0.686542352402798,-0.887730257224829,,,2,49,2282
19,10,16,3,Viktor AXELSEN,平球,1,1.70223615200188,1.47269278116974,A,,2,49,2282
20,1,17,3,Kento MOMOTA,發短球,1,-0.262776514049562,-0.40349072337424,,,2,49,2283
20,2,17,3,Viktor AXELSEN,挑球,1,-0.93786532655711,1.52379504540153,,,2,49,2283
20,3,17,3,Kento MOMOTA,殺球,0,1.36490242457238,-0.825319021758986,,,2,49,2283
20,4,17,3,Viktor AXELSEN,接殺防守,1,1.3620300363807,0.460748792111821,,,2,49,2283
20,5,17,3,Kento MOMOTA,推撲球,1,-1.15417525473462,-1.43118802011368,,,2,49,2283
20,6,17,3,Viktor AXELSEN,切球,0,-1.15628827607376,0.307596887197688,,,2,49,2283
20,7,17,3,Kento MOMOTA,推撲球,0,0.892196767917543,-1.29221309394707,A,,2,49,2283
21,1,17,4,Kento MOMOTA,發短球,1,0.796078325351336,-0.405066113216805,,,2,49,2284
21,2,17,4,Viktor AXELSEN,推撲球,1,-0.773835396202022,1.48545123023433,,,2,49,2284
21,3,17,4,Kento MOMOTA,切球,0,1.72924854966918,-0.568935054315782,B,,2,49,2284
22,1,17,5,Kento MOMOTA,網前球,1,-0.163444989303285,-0.381010950379135,,,2,49,2285
22,2,17,5,Viktor AXELSEN,挑球,1,1.03247801330798,1.67268195076877,,,2,49,2285
22,3,17,5,Kento MOMOTA,切球,0,-0.440956048695848,-0.56541617011921,,,2,49,2285
22,4,17,5,Viktor AXELSEN,網前球,0,-1.01268040338438,0.231988899647879,,,2,49,2285
22,5,17,5,Kento MOMOTA,網前球,0,-1.20288255366909,-0.035102477522342,,,2,49,2285
22,6,17,5,Viktor AXELSEN,網前球,0,-1.2114525315421,0.164789045456145,,,2,49,2285
22,7,17,5,Kento MOMOTA,推撲球,0,-1.20748934282555,0.125690978936814,B,,2,49,2285
26,1,17,9,Viktor AXELSEN,發短球,1,0.666283978771936,0.618370748018224,,,2,49,2289
26,2,17,9,Kento MOMOTA,網前球,1,1.16491715623804,-0.174259640132425,,,2,49,2289
26,3,17,9,Viktor AXELSEN,網前球,1,-0.134663593565827,0.192755966577428,,,2,49,2289
26,4,17,9,Kento MOMOTA,網前球,0,0.143356946358136,0.034610303393337,,,2,49,2289
26,5,17,9,Viktor AXELSEN,挑球,1,-1.21241608678525,1.58655679591274,,,2,49,2289
26,6,17,9,Kento MOMOTA,殺球,0,-1.39430895954618,-1.1075549168889,,,2,49,2289
26,7,17,9,Viktor AXELSEN,接殺防守,0,-1.28919106585835,0.417913624199161,,,2,49,2289
26,8,17,9,Kento MOMOTA,推撲球,0,-0.557416746943653,-0.821795681167508,,,2,49,2289
26,9,17,9,Viktor AXELSEN,平球,0,0.526349340325303,0.903976901794281,,,2,49,2289
26,10,17,9,Kento MOMOTA,平球,1,0.878013932566651,-0.761749246030317,,,2,49,2289
26,11,17,9,Viktor AXELSEN,網前球,1,1.34982984181235,0.342540540100632,,,2,49,2289
26,12,17,9,Kento MOMOTA,網前球,1,1.29355469662511,-0.079484199593195,,,2,49,2289
26,13,17,9,Viktor AXELSEN,挑球,1,1.5011991314469,1.63020409764123,B,,2,49,2289
29,1,19,10,Kento MOMOTA,發短球,1,0.353543111893829,-0.43861618541275,,,2,49,2292
29,2,19,10,Viktor AXELSEN,挑球,1,0.968501543815239,1.52398546515009,,,2,49,2292
29,3,19,10,Kento MOMOTA,殺球,0,1.14700491657907,0.123212366535633,B,,2,49,2292
30,1,19,11,Viktor AXELSEN,發短球,1,0.571311186744054,0.601339202899209,,,2,49,2293
30,2,19,11,Kento MOMOTA,推撲球,1,1.17059587771064,-1.37852738377461,,,2,49,2293
30,3,19,11,Viktor AXELSEN,平球,1,0.605225176677117,0.872561105522463,,,2,49,2293
30,4,19,11,Kento MOMOTA,接殺防守,1,0.181745281735933,-0.723388218160766,,,2,49,2293
30,5,19,11,Viktor AXELSEN,挑球,1,-1.15866498080225,1.64191171483905,,,2,49,2293
30,6,19,11,Kento MOMOTA,切球,0,-1.03056794164647,-0.82092846159497,,,2,49,2293
30,7,19,11,Viktor AXELSEN,網前球,0,-1.20476087648942,0.344768403316912,,,2,49,2293
30,8,19,11,Kento MOMOTA,網前球,0,1.08663602827015,-0.217140197630227,,,2,49,2293
30,9,19,11,Viktor AXELSEN,推撲球,1,1.27591711108354,1.55564860883929,,,2,49,2293
30,10,19,11,Kento MOMOTA,殺球,0,1.04940949504865,-1.03208876858342,,,2,49,2293
30,11,19,11,Viktor AXELSEN,接殺防守,1,-1.13654519362532,0.353929398676883,,,2,49,2293
30,12,19,11,Kento MOMOTA,網前球,0,-1.10055283930188,-0.1927108276173,,,2,49,2293
30,13,19,11,Viktor AXELSEN,推撲球,0,0.916127073306294,1.36045540246854,B,,2,49,2293
32,1,21,11,Kento MOMOTA,發短球,1,-0.512959396111756,-0.380497448832981,,,2,49,2295
32,2,21,11,Viktor AXELSEN,挑球,1,-0.802584670785179,1.61751035935185,,,2,49,2295
32,3,21,11,Kento MOMOTA,殺球,0,1.22280124104549,-1.03243615608779,,,2,49,2295
32,4,21,11,Viktor AXELSEN,接殺防守,1,1.19512059476572,0.514081557104987,,,2,49,2295
32,5,21,11,Kento MOMOTA,推撲球,1,-0.988830581427268,-1.44619344004368,,,2,49,2295
32,6,21,11,Viktor AXELSEN,長球,0,-0.792517193104783,1.62365008962391,,,2,49,2295
32,7,21,11,Kento MOMOTA,長球,0,-1.28241463958593,-1.53424192247336,,,2,49,2295
32,8,21,11,Viktor AXELSEN,殺球,0,0.811768930146094,0.958053979785907,,,2,49,2295
32,9,21,11,Kento MOMOTA,接殺防守,1,1.32177855507069,-0.417226312874778,A,,2,49,2295
